[0m20:51:38.400803 [debug] [MainThread]: Sending event: {'category': 'dbt', 'action': 'invocation', 'label': 'start', 'context': [<snowplow_tracker.self_describing_json.SelfDescribingJson object at 0x10b40c250>, <snowplow_tracker.self_describing_json.SelfDescribingJson object at 0x10b47ee90>, <snowplow_tracker.self_describing_json.SelfDescribingJson object at 0x10b47fad0>]}


============================== 20:51:38.404068 | 92593786-fb62-459d-bfb6-915f500522a5 ==============================
[0m20:51:38.404068 [info ] [MainThread]: Running with dbt=1.11.2
[0m20:51:38.404927 [debug] [MainThread]: running dbt with arguments {'invocation_command': 'dbt debug', 'use_colors': 'True', 'profiles_dir': '/Users/riley/.dbt', 'fail_fast': 'False', 'no_print': 'None', 'use_experimental_parser': 'False', 'write_json': 'True', 'log_cache_events': 'False', 'version_check': 'True', 'introspect': 'True', 'target_path': 'None', 'warn_error': 'None', 'send_anonymous_usage_stats': 'True', 'log_path': '/Users/riley/Documents/GitHub/dbt-lattara-cortex/logs', 'empty': 'None', 'indirect_selection': 'eager', 'cache_selected_only': 'False', 'warn_error_options': 'WarnErrorOptionsV2(error=[], warn=[], silence=[])', 'log_format': 'default', 'quiet': 'False', 'printer_width': '80', 'debug': 'False', 'partial_parse': 'True', 'static_parser': 'True'}
[0m20:51:38.416757 [info ] [MainThread]: dbt version: 1.11.2
[0m20:51:38.417021 [info ] [MainThread]: python version: 3.11.11
[0m20:51:38.417260 [info ] [MainThread]: python path: /Users/riley/.local/pipx/venvs/dbt-bigquery/bin/python
[0m20:51:38.417394 [info ] [MainThread]: os info: macOS-26.2-arm64-arm-64bit
[0m20:51:41.559265 [info ] [MainThread]: Using profiles dir at /Users/riley/.dbt
[0m20:51:41.559633 [info ] [MainThread]: Using profiles.yml file at /Users/riley/.dbt/profiles.yml
[0m20:51:41.559787 [info ] [MainThread]: Using dbt_project.yml file at /Users/riley/Documents/GitHub/dbt-lattara-cortex/dbt_project.yml
[0m20:51:41.559921 [info ] [MainThread]: adapter type: bigquery
[0m20:51:41.560055 [info ] [MainThread]: adapter version: 1.11.0
[0m20:51:41.611967 [info ] [MainThread]: Configuration:
[0m20:51:41.612287 [info ] [MainThread]:   profiles.yml file [[32mOK found and valid[0m]
[0m20:51:41.612431 [info ] [MainThread]:   dbt_project.yml file [[32mOK found and valid[0m]
[0m20:51:41.612560 [info ] [MainThread]: Required dependencies:
[0m20:51:41.612739 [debug] [MainThread]: Executing "git --help"
[0m20:51:41.627978 [debug] [MainThread]: STDOUT: "b"usage: git [-v | --version] [-h | --help] [-C <path>] [-c <name>=<value>]\n           [--exec-path[=<path>]] [--html-path] [--man-path] [--info-path]\n           [-p | --paginate | -P | --no-pager] [--no-replace-objects] [--no-lazy-fetch]\n           [--no-optional-locks] [--no-advice] [--bare] [--git-dir=<path>]\n           [--work-tree=<path>] [--namespace=<name>] [--config-env=<name>=<envvar>]\n           <command> [<args>]\n\nThese are common Git commands used in various situations:\n\nstart a working area (see also: git help tutorial)\n   clone      Clone a repository into a new directory\n   init       Create an empty Git repository or reinitialize an existing one\n\nwork on the current change (see also: git help everyday)\n   add        Add file contents to the index\n   mv         Move or rename a file, a directory, or a symlink\n   restore    Restore working tree files\n   rm         Remove files from the working tree and from the index\n\nexamine the history and state (see also: git help revisions)\n   bisect     Use binary search to find the commit that introduced a bug\n   diff       Show changes between commits, commit and working tree, etc\n   grep       Print lines matching a pattern\n   log        Show commit logs\n   show       Show various types of objects\n   status     Show the working tree status\n\ngrow, mark and tweak your common history\n   backfill   Download missing objects in a partial clone\n   branch     List, create, or delete branches\n   commit     Record changes to the repository\n   merge      Join two or more development histories together\n   rebase     Reapply commits on top of another base tip\n   reset      Reset current HEAD to the specified state\n   switch     Switch branches\n   tag        Create, list, delete or verify a tag object signed with GPG\n\ncollaborate (see also: git help workflows)\n   fetch      Download objects and refs from another repository\n   pull       Fetch from and integrate with another repository or a local branch\n   push       Update remote refs along with associated objects\n\n'git help -a' and 'git help -g' list available subcommands and some\nconcept guides. See 'git help <command>' or 'git help <concept>'\nto read about a specific subcommand or concept.\nSee 'git help git' for an overview of the system.\n""
[0m20:51:41.628606 [debug] [MainThread]: STDERR: "b''"
[0m20:51:41.628787 [info ] [MainThread]:  - git [[32mOK found[0m]

[0m20:51:41.628962 [info ] [MainThread]: Connection:
[0m20:51:41.629204 [info ] [MainThread]:   method: oauth
[0m20:51:41.629322 [info ] [MainThread]:   database: res-analytics
[0m20:51:41.629440 [info ] [MainThread]:   execution_project: res-analytics
[0m20:51:41.629552 [info ] [MainThread]:   schema: cortex
[0m20:51:41.629663 [info ] [MainThread]:   location: US
[0m20:51:41.629772 [info ] [MainThread]:   priority: None
[0m20:51:41.629881 [info ] [MainThread]:   maximum_bytes_billed: None
[0m20:51:41.629998 [info ] [MainThread]:   impersonate_service_account: None
[0m20:51:41.630105 [info ] [MainThread]:   job_retry_deadline_seconds: None
[0m20:51:41.630217 [info ] [MainThread]:   job_retries: 1
[0m20:51:41.630324 [info ] [MainThread]:   job_creation_timeout_seconds: None
[0m20:51:41.630430 [info ] [MainThread]:   job_execution_timeout_seconds: 300
[0m20:51:41.630538 [info ] [MainThread]:   timeout_seconds: 300
[0m20:51:41.630645 [info ] [MainThread]:   client_id: None
[0m20:51:41.630750 [info ] [MainThread]:   token_uri: None
[0m20:51:41.630856 [info ] [MainThread]:   compute_region: None
[0m20:51:41.630959 [info ] [MainThread]:   dataproc_cluster_name: None
[0m20:51:41.631067 [info ] [MainThread]:   gcs_bucket: None
[0m20:51:41.631171 [info ] [MainThread]:   dataproc_batch: None
[0m20:51:41.631542 [info ] [MainThread]: Registered adapter: bigquery=1.11.0
[0m20:51:41.915798 [debug] [MainThread]: Acquiring new bigquery connection 'debug'
[0m20:51:41.916194 [debug] [MainThread]: On debug: select 1 as id
[0m20:51:41.916373 [debug] [MainThread]: Opening a new connection, currently in state init
[0m20:51:50.743676 [debug] [MainThread]: BigQuery adapter: Got an error when attempting to create a bigquery " "client: 'Runtime Error
  Failed to authenticate with supplied credentials
  error:
  Your default credentials were not found. To set up Application Default Credentials, see https://cloud.google.com/docs/authentication/external/set-up-adc for more information.'
[0m20:51:50.744056 [debug] [MainThread]: BigQuery adapter: Unhandled error while running:
select 1 as id
[0m20:51:50.744207 [debug] [MainThread]: BigQuery adapter: Database Error
  Runtime Error
    Failed to authenticate with supplied credentials
    error:
    Your default credentials were not found. To set up Application Default Credentials, see https://cloud.google.com/docs/authentication/external/set-up-adc for more information.
[0m20:51:50.744401 [info ] [MainThread]:   Connection test: [[31mERROR[0m]

[0m20:51:50.744564 [info ] [MainThread]: [31m1 check failed:[0m
[0m20:51:50.744699 [info ] [MainThread]: dbt was unable to connect to the specified database.
The database returned the following error:

  >'NoneType' object has no attribute 'close'

Check your database credentials and try again. For more information, visit:
https://docs.getdbt.com/docs/configure-your-profile


[0m20:51:50.894633 [debug] [MainThread]: Resource report: {"command_name": "debug", "command_success": false, "command_wall_clock_time": 12.540833, "process_in_blocks": "0", "process_kernel_time": 1.224511, "process_mem_max_rss": "390414336", "process_out_blocks": "0", "process_user_time": 2.923162}
[0m20:51:50.895288 [debug] [MainThread]: Command `dbt debug` failed at 20:51:50.895220 after 12.54 seconds
[0m20:51:50.895547 [debug] [MainThread]: Sending event: {'category': 'dbt', 'action': 'invocation', 'label': 'end', 'context': [<snowplow_tracker.self_describing_json.SelfDescribingJson object at 0x1024916d0>, <snowplow_tracker.self_describing_json.SelfDescribingJson object at 0x10b401790>, <snowplow_tracker.self_describing_json.SelfDescribingJson object at 0x10b334d50>]}
[0m20:51:50.895803 [debug] [MainThread]: Flushing usage events
[0m20:51:51.380974 [debug] [MainThread]: An error was encountered while trying to flush usage events
[0m20:56:08.795345 [debug] [MainThread]: Sending event: {'category': 'dbt', 'action': 'invocation', 'label': 'start', 'context': [<snowplow_tracker.self_describing_json.SelfDescribingJson object at 0x10e29c550>, <snowplow_tracker.self_describing_json.SelfDescribingJson object at 0x10e302b50>, <snowplow_tracker.self_describing_json.SelfDescribingJson object at 0x10e036cd0>]}


============================== 20:56:08.798861 | 572879db-b770-4a96-b78c-e908d3f9740b ==============================
[0m20:56:08.798861 [info ] [MainThread]: Running with dbt=1.11.2
[0m20:56:08.799288 [debug] [MainThread]: running dbt with arguments {'log_cache_events': 'False', 'use_colors': 'True', 'send_anonymous_usage_stats': 'True', 'empty': 'None', 'indirect_selection': 'eager', 'profiles_dir': '/Users/riley/.dbt', 'no_print': 'None', 'log_format': 'default', 'printer_width': '80', 'warn_error_options': 'WarnErrorOptionsV2(error=[], warn=[], silence=[])', 'quiet': 'False', 'use_experimental_parser': 'False', 'debug': 'False', 'warn_error': 'None', 'invocation_command': 'dbt debug', 'target_path': 'None', 'partial_parse': 'True', 'static_parser': 'True', 'version_check': 'True', 'cache_selected_only': 'False', 'introspect': 'True', 'log_path': '/Users/riley/Documents/GitHub/dbt-lattara-cortex/logs', 'write_json': 'True', 'fail_fast': 'False'}
[0m20:56:08.810716 [info ] [MainThread]: dbt version: 1.11.2
[0m20:56:08.811015 [info ] [MainThread]: python version: 3.11.11
[0m20:56:08.811256 [info ] [MainThread]: python path: /Users/riley/.local/pipx/venvs/dbt-bigquery/bin/python
[0m20:56:08.811434 [info ] [MainThread]: os info: macOS-26.2-arm64-arm-64bit
[0m20:56:12.544873 [info ] [MainThread]: Using profiles dir at /Users/riley/.dbt
[0m20:56:12.545239 [info ] [MainThread]: Using profiles.yml file at /Users/riley/.dbt/profiles.yml
[0m20:56:12.545384 [info ] [MainThread]: Using dbt_project.yml file at /Users/riley/Documents/GitHub/dbt-lattara-cortex/dbt_project.yml
[0m20:56:12.545515 [info ] [MainThread]: adapter type: bigquery
[0m20:56:12.545638 [info ] [MainThread]: adapter version: 1.11.0
[0m20:56:12.595961 [info ] [MainThread]: Configuration:
[0m20:56:12.596170 [info ] [MainThread]:   profiles.yml file [[32mOK found and valid[0m]
[0m20:56:12.596305 [info ] [MainThread]:   dbt_project.yml file [[32mOK found and valid[0m]
[0m20:56:12.596431 [info ] [MainThread]: Required dependencies:
[0m20:56:12.596609 [debug] [MainThread]: Executing "git --help"
[0m20:56:12.611904 [debug] [MainThread]: STDOUT: "b"usage: git [-v | --version] [-h | --help] [-C <path>] [-c <name>=<value>]\n           [--exec-path[=<path>]] [--html-path] [--man-path] [--info-path]\n           [-p | --paginate | -P | --no-pager] [--no-replace-objects] [--no-lazy-fetch]\n           [--no-optional-locks] [--no-advice] [--bare] [--git-dir=<path>]\n           [--work-tree=<path>] [--namespace=<name>] [--config-env=<name>=<envvar>]\n           <command> [<args>]\n\nThese are common Git commands used in various situations:\n\nstart a working area (see also: git help tutorial)\n   clone      Clone a repository into a new directory\n   init       Create an empty Git repository or reinitialize an existing one\n\nwork on the current change (see also: git help everyday)\n   add        Add file contents to the index\n   mv         Move or rename a file, a directory, or a symlink\n   restore    Restore working tree files\n   rm         Remove files from the working tree and from the index\n\nexamine the history and state (see also: git help revisions)\n   bisect     Use binary search to find the commit that introduced a bug\n   diff       Show changes between commits, commit and working tree, etc\n   grep       Print lines matching a pattern\n   log        Show commit logs\n   show       Show various types of objects\n   status     Show the working tree status\n\ngrow, mark and tweak your common history\n   backfill   Download missing objects in a partial clone\n   branch     List, create, or delete branches\n   commit     Record changes to the repository\n   merge      Join two or more development histories together\n   rebase     Reapply commits on top of another base tip\n   reset      Reset current HEAD to the specified state\n   switch     Switch branches\n   tag        Create, list, delete or verify a tag object signed with GPG\n\ncollaborate (see also: git help workflows)\n   fetch      Download objects and refs from another repository\n   pull       Fetch from and integrate with another repository or a local branch\n   push       Update remote refs along with associated objects\n\n'git help -a' and 'git help -g' list available subcommands and some\nconcept guides. See 'git help <command>' or 'git help <concept>'\nto read about a specific subcommand or concept.\nSee 'git help git' for an overview of the system.\n""
[0m20:56:12.612562 [debug] [MainThread]: STDERR: "b''"
[0m20:56:12.612773 [info ] [MainThread]:  - git [[32mOK found[0m]

[0m20:56:12.612955 [info ] [MainThread]: Connection:
[0m20:56:12.613224 [info ] [MainThread]:   method: oauth
[0m20:56:12.613355 [info ] [MainThread]:   database: res-analytics
[0m20:56:12.613480 [info ] [MainThread]:   execution_project: res-analytics
[0m20:56:12.613589 [info ] [MainThread]:   schema: cortex
[0m20:56:12.613700 [info ] [MainThread]:   location: US
[0m20:56:12.613818 [info ] [MainThread]:   priority: None
[0m20:56:12.613924 [info ] [MainThread]:   maximum_bytes_billed: None
[0m20:56:12.614040 [info ] [MainThread]:   impersonate_service_account: None
[0m20:56:12.614157 [info ] [MainThread]:   job_retry_deadline_seconds: None
[0m20:56:12.614270 [info ] [MainThread]:   job_retries: 1
[0m20:56:12.614382 [info ] [MainThread]:   job_creation_timeout_seconds: None
[0m20:56:12.614485 [info ] [MainThread]:   job_execution_timeout_seconds: 300
[0m20:56:12.614594 [info ] [MainThread]:   timeout_seconds: 300
[0m20:56:12.614702 [info ] [MainThread]:   client_id: None
[0m20:56:12.614808 [info ] [MainThread]:   token_uri: None
[0m20:56:12.614916 [info ] [MainThread]:   compute_region: None
[0m20:56:12.615018 [info ] [MainThread]:   dataproc_cluster_name: None
[0m20:56:12.615125 [info ] [MainThread]:   gcs_bucket: None
[0m20:56:12.615229 [info ] [MainThread]:   dataproc_batch: None
[0m20:56:12.615596 [info ] [MainThread]: Registered adapter: bigquery=1.11.0
[0m20:56:12.757951 [debug] [MainThread]: Acquiring new bigquery connection 'debug'
[0m20:56:12.758419 [debug] [MainThread]: On debug: select 1 as id
[0m20:56:12.758624 [debug] [MainThread]: Opening a new connection, currently in state init
[0m20:56:14.275898 [debug] [MainThread]: BigQuery adapter: https://console.cloud.google.com/bigquery?project=res-analytics&j=bq:US:8a40e776-6153-42d5-82b2-b8975a81c827&page=queryresults
[0m20:56:14.490827 [debug] [MainThread]: SQL status: OK in 0.214 seconds
[0m20:56:14.846158 [info ] [MainThread]:   Connection test: [[32mOK connection ok[0m]

[0m20:56:14.846492 [info ] [MainThread]: [32mAll checks passed![0m
[0m20:56:14.849829 [debug] [MainThread]: Resource report: {"command_name": "debug", "command_success": true, "command_wall_clock_time": 6.0954895, "process_in_blocks": "0", "process_kernel_time": 1.33833, "process_mem_max_rss": "399179776", "process_out_blocks": "0", "process_user_time": 3.111351}
[0m20:56:14.850155 [debug] [MainThread]: Command `dbt debug` succeeded at 20:56:14.850095 after 6.10 seconds
[0m20:56:14.850403 [debug] [MainThread]: Connection 'debug' was properly closed.
[0m20:56:14.850694 [debug] [MainThread]: Sending event: {'category': 'dbt', 'action': 'invocation', 'label': 'end', 'context': [<snowplow_tracker.self_describing_json.SelfDescribingJson object at 0x10e126d50>, <snowplow_tracker.self_describing_json.SelfDescribingJson object at 0x10a1c16d0>, <snowplow_tracker.self_describing_json.SelfDescribingJson object at 0x11dff6450>]}
[0m20:56:14.850958 [debug] [MainThread]: Flushing usage events
[0m20:56:15.321871 [debug] [MainThread]: An error was encountered while trying to flush usage events
[0m20:56:25.122140 [debug] [MainThread]: Sending event: {'category': 'dbt', 'action': 'invocation', 'label': 'start', 'context': [<snowplow_tracker.self_describing_json.SelfDescribingJson object at 0x109941010>, <snowplow_tracker.self_describing_json.SelfDescribingJson object at 0x1099b3210>, <snowplow_tracker.self_describing_json.SelfDescribingJson object at 0x1099b3b50>]}


============================== 20:56:25.125437 | c87917e9-73a3-4715-b506-10681fe3bbb6 ==============================
[0m20:56:25.125437 [info ] [MainThread]: Running with dbt=1.11.2
[0m20:56:25.125771 [debug] [MainThread]: running dbt with arguments {'invocation_command': 'dbt compile --select nexus.*', 'no_print': 'None', 'empty': 'False', 'static_parser': 'True', 'introspect': 'True', 'use_colors': 'True', 'quiet': 'False', 'write_json': 'True', 'printer_width': '80', 'cache_selected_only': 'False', 'fail_fast': 'False', 'log_path': '/Users/riley/Documents/GitHub/dbt-lattara-cortex/logs', 'profiles_dir': '/Users/riley/.dbt', 'log_cache_events': 'False', 'warn_error_options': 'WarnErrorOptionsV2(error=[], warn=[], silence=[])', 'version_check': 'True', 'warn_error': 'None', 'indirect_selection': 'eager', 'log_format': 'default', 'send_anonymous_usage_stats': 'True', 'use_experimental_parser': 'False', 'debug': 'False', 'partial_parse': 'True', 'target_path': 'None'}
[0m20:56:29.506059 [debug] [MainThread]: Sending event: {'category': 'dbt', 'action': 'project_id', 'label': 'c87917e9-73a3-4715-b506-10681fe3bbb6', 'context': [<snowplow_tracker.self_describing_json.SelfDescribingJson object at 0x1194e92d0>]}
[0m20:56:29.536842 [debug] [MainThread]: Sending event: {'category': 'dbt', 'action': 'adapter_info', 'label': 'c87917e9-73a3-4715-b506-10681fe3bbb6', 'context': [<snowplow_tracker.self_describing_json.SelfDescribingJson object at 0x106df1150>]}
[0m20:56:29.537288 [info ] [MainThread]: Registered adapter: bigquery=1.11.0
[0m20:56:29.690647 [debug] [MainThread]: checksum: 3d40d8bbe1bef07db1c24822f2dbfff8bc07f2a48ed4fe2658a40653aec0b54b, vars: {}, profile: , target: , version: 1.11.2
[0m20:56:29.691251 [info ] [MainThread]: Unable to do partial parsing because saved manifest not found. Starting full parse.
[0m20:56:29.691504 [debug] [MainThread]: Sending event: {'category': 'dbt', 'action': 'partial_parser', 'label': 'c87917e9-73a3-4715-b506-10681fe3bbb6', 'context': [<snowplow_tracker.self_describing_json.SelfDescribingJson object at 0x119489b10>]}
[0m20:56:29.808216 [warn ] [MainThread]: [[33mWARNING[0m][CustomKeyInConfigDeprecation]: Deprecated functionality
Custom key `+schema` found in `config` at path `seeds[0].config` in file
`seeds/schema.yml`. Custom config keys should move into the `config.meta`.
[0m20:56:29.808558 [debug] [MainThread]: Sending event: {'category': 'dbt', 'action': 'deprecation', 'label': 'c87917e9-73a3-4715-b506-10681fe3bbb6', 'property_': 'warn', 'context': [<snowplow_tracker.self_describing_json.SelfDescribingJson object at 0x119770590>]}
[0m20:56:30.564877 [warn ] [MainThread]: [[33mWARNING[0m]: Did not find matching node for patch with name 'stg_fivetran_meta__campaigns' in the 'models' section of file 'models/cortex_v2/staging/_fivetran_staging_models.yml'
[0m20:56:30.566174 [warn ] [MainThread]: [[33mWARNING[0m]: Did not find matching node for patch with name 'stg_fivetran_meta__conversions' in the 'models' section of file 'models/cortex_v2/staging/_fivetran_staging_models.yml'
[0m20:56:30.566988 [warn ] [MainThread]: [[33mWARNING[0m]: Did not find matching node for patch with name 'stg_fivetran_google__campaigns' in the 'models' section of file 'models/cortex_v2/staging/_fivetran_staging_models.yml'
[0m20:56:30.567739 [warn ] [MainThread]: [[33mWARNING[0m]: Did not find matching node for patch with name 'stg_fivetran_google__conversions' in the 'models' section of file 'models/cortex_v2/staging/_fivetran_staging_models.yml'
[0m20:56:30.568439 [warn ] [MainThread]: [[33mWARNING[0m]: Did not find matching node for patch with name 'stg_fivetran_linkedin__campaigns' in the 'models' section of file 'models/cortex_v2/staging/_fivetran_staging_models.yml'
[0m20:56:30.569196 [warn ] [MainThread]: [[33mWARNING[0m]: Did not find matching node for patch with name 'stg_fivetran_tiktok__campaigns' in the 'models' section of file 'models/cortex_v2/staging/_fivetran_staging_models.yml'
[0m20:56:30.628317 [warn ] [MainThread]: [[33mWARNING[0m]: Did not find matching node for patch with name 'campaign_performance' in the 'models' section of file 'models/cortex_v2/marts/_mart_models.yml'
[0m20:56:30.629521 [warn ] [MainThread]: [[33mWARNING[0m]: Did not find matching node for patch with name 'ad_group_performance' in the 'models' section of file 'models/cortex_v2/marts/_mart_models.yml'
[0m20:56:30.630397 [warn ] [MainThread]: [[33mWARNING[0m]: Did not find matching node for patch with name 'ad_performance' in the 'models' section of file 'models/cortex_v2/marts/_mart_models.yml'
[0m20:56:30.631760 [warn ] [MainThread]: [[33mWARNING[0m]: Did not find matching node for patch with name 'creative_fatigue' in the 'models' section of file 'models/cortex_v2/marts/_mart_models.yml'
[0m20:56:30.633286 [warn ] [MainThread]: [[33mWARNING[0m]: Did not find matching node for patch with name 'creative_performance' in the 'models' section of file 'models/cortex_v2/marts/_mart_models.yml'
[0m20:56:30.634545 [warn ] [MainThread]: [[33mWARNING[0m]: Did not find matching node for patch with name 'audience_performance' in the 'models' section of file 'models/cortex_v2/marts/_mart_models.yml'
[0m20:56:30.650941 [warn ] [MainThread]: [[33mWARNING[0m][MissingArgumentsPropertyInGenericTestDeprecation]: Deprecated
functionality
Found top-level arguments to test `accepted_values` defined on
'campaign_performance' in package 'analytics'
(models/cortex_v2/marts/_mart_models.yml). Arguments to generic tests should be
nested under the `arguments` property.
[0m20:56:30.651307 [debug] [MainThread]: Sending event: {'category': 'dbt', 'action': 'deprecation', 'label': 'c87917e9-73a3-4715-b506-10681fe3bbb6', 'property_': 'warn', 'context': [<snowplow_tracker.self_describing_json.SelfDescribingJson object at 0x119a4e210>]}
[0m20:56:30.759668 [warn ] [MainThread]: [[33mWARNING[0m]: Did not find matching node for patch with name 'int_campaigns_unified' in the 'models' section of file 'models/cortex_v2/intermediate/_intermediate_models.yml'
[0m20:56:30.760314 [warn ] [MainThread]: [[33mWARNING[0m]: Did not find matching node for patch with name 'int_ad_groups_unified' in the 'models' section of file 'models/cortex_v2/intermediate/_intermediate_models.yml'
[0m20:56:30.760841 [warn ] [MainThread]: [[33mWARNING[0m]: Did not find matching node for patch with name 'int_ads_unified' in the 'models' section of file 'models/cortex_v2/intermediate/_intermediate_models.yml'
[0m20:56:30.761409 [warn ] [MainThread]: [[33mWARNING[0m]: Did not find matching node for patch with name 'int_fivetran_campaigns_unified' in the 'models' section of file 'models/cortex_v2/intermediate/_intermediate_models.yml'
[0m20:56:30.761934 [warn ] [MainThread]: [[33mWARNING[0m]: Did not find matching node for patch with name 'int_fivetran_conversions' in the 'models' section of file 'models/cortex_v2/intermediate/_intermediate_models.yml'
[0m20:56:30.790561 [error] [MainThread]: Encountered an error:
Invalid value for on_schema_change: ignore. Models materialized as incremental with contracts enabled must set on_schema_change to 'append_new_columns' or 'fail'
[0m20:56:30.793941 [error] [MainThread]: Traceback (most recent call last):
  File "/Users/riley/.local/pipx/venvs/dbt-bigquery/lib/python3.11/site-packages/dbt/cli/requires.py", line 182, in wrapper
    result, success = func(*args, **kwargs)
                      ^^^^^^^^^^^^^^^^^^^^^
  File "/Users/riley/.local/pipx/venvs/dbt-bigquery/lib/python3.11/site-packages/dbt/cli/requires.py", line 128, in wrapper
    return func(*args, **kwargs)
           ^^^^^^^^^^^^^^^^^^^^^
  File "/Users/riley/.local/pipx/venvs/dbt-bigquery/lib/python3.11/site-packages/dbt/cli/requires.py", line 276, in wrapper
    return func(*args, **kwargs)
           ^^^^^^^^^^^^^^^^^^^^^
  File "/Users/riley/.local/pipx/venvs/dbt-bigquery/lib/python3.11/site-packages/dbt/cli/requires.py", line 321, in wrapper
    return func(*args, **kwargs)
           ^^^^^^^^^^^^^^^^^^^^^
  File "/Users/riley/.local/pipx/venvs/dbt-bigquery/lib/python3.11/site-packages/dbt/cli/requires.py", line 368, in wrapper
    return func(*args, **kwargs)
           ^^^^^^^^^^^^^^^^^^^^^
  File "/Users/riley/.local/pipx/venvs/dbt-bigquery/lib/python3.11/site-packages/dbt/cli/requires.py", line 407, in wrapper
    setup_manifest(ctx, write=write, write_perf_info=write_perf_info)
  File "/Users/riley/.local/pipx/venvs/dbt-bigquery/lib/python3.11/site-packages/dbt/cli/requires.py", line 434, in setup_manifest
    ctx.obj["manifest"] = parse_manifest(
                          ^^^^^^^^^^^^^^^
  File "/Users/riley/.local/pipx/venvs/dbt-bigquery/lib/python3.11/site-packages/dbt/parser/manifest.py", line 2257, in parse_manifest
    manifest = ManifestLoader.get_full_manifest(
               ^^^^^^^^^^^^^^^^^^^^^^^^^^^^^^^^^
  File "/Users/riley/.local/pipx/venvs/dbt-bigquery/lib/python3.11/site-packages/dbt/parser/manifest.py", line 323, in get_full_manifest
    manifest = loader.load()
               ^^^^^^^^^^^^^
  File "/Users/riley/.local/pipx/venvs/dbt-bigquery/lib/python3.11/site-packages/dbt/parser/manifest.py", line 446, in load
    self.parse_project(
  File "/Users/riley/.local/pipx/venvs/dbt-bigquery/lib/python3.11/site-packages/dbt/parser/manifest.py", line 760, in parse_project
    parser.parse_file(block, dct=dct)
  File "/Users/riley/.local/pipx/venvs/dbt-bigquery/lib/python3.11/site-packages/dbt/parser/schemas.py", line 233, in parse_file
    model_parse_result = ModelPatchParser(self, yaml_block, "models").parse()
                         ^^^^^^^^^^^^^^^^^^^^^^^^^^^^^^^^^^^^^^^^^^^^^^^^^^^^
  File "/Users/riley/.local/pipx/venvs/dbt-bigquery/lib/python3.11/site-packages/dbt/parser/schemas.py", line 644, in parse
    self.parse_patch(node_block, refs)
  File "/Users/riley/.local/pipx/venvs/dbt-bigquery/lib/python3.11/site-packages/dbt/parser/schemas.py", line 969, in parse_patch
    super().parse_patch(block, refs)
  File "/Users/riley/.local/pipx/venvs/dbt-bigquery/lib/python3.11/site-packages/dbt/parser/schemas.py", line 910, in parse_patch
    self.patch_node_config(node, patch)
  File "/Users/riley/.local/pipx/venvs/dbt-bigquery/lib/python3.11/site-packages/dbt/parser/schemas.py", line 767, in patch_node_config
    self.schema_parser.update_parsed_node_config(
  File "/Users/riley/.local/pipx/venvs/dbt-bigquery/lib/python3.11/site-packages/dbt/parser/base.py", line 356, in update_parsed_node_config
    config_dict = config.build_config_dict(patch_config_dict=patch_config_dict)
                  ^^^^^^^^^^^^^^^^^^^^^^^^^^^^^^^^^^^^^^^^^^^^^^^^^^^^^^^^^^^^^
  File "/Users/riley/.local/pipx/venvs/dbt-bigquery/lib/python3.11/site-packages/dbt/context/context_config.py", line 342, in build_config_dict
    return src.calculate_node_config_dict(
           ^^^^^^^^^^^^^^^^^^^^^^^^^^^^^^^
  File "/Users/riley/.local/pipx/venvs/dbt-bigquery/lib/python3.11/site-packages/dbt/context/context_config.py", line 240, in calculate_node_config_dict
    config = self.calculate_node_config(
             ^^^^^^^^^^^^^^^^^^^^^^^^^^^
  File "/Users/riley/.local/pipx/venvs/dbt-bigquery/lib/python3.11/site-packages/dbt/context/context_config.py", line 173, in calculate_node_config
    result = self._update_from_config(result, config_call_dict)
             ^^^^^^^^^^^^^^^^^^^^^^^^^^^^^^^^^^^^^^^^^^^^^^^^^^
  File "/Users/riley/.local/pipx/venvs/dbt-bigquery/lib/python3.11/site-packages/dbt/context/context_config.py", line 218, in _update_from_config
    updated = result.update_from(translated, adapter_config_cls, validate=validate)
              ^^^^^^^^^^^^^^^^^^^^^^^^^^^^^^^^^^^^^^^^^^^^^^^^^^^^^^^^^^^^^^^^^^^^^
  File "/Users/riley/.local/pipx/venvs/dbt-bigquery/lib/python3.11/site-packages/dbt_common/contracts/config/base.py", line 187, in update_from
    return self.from_dict(dct)
           ^^^^^^^^^^^^^^^^^^^
  File "<string>", line 151, in __mashumaro_from_dict__
  File "<string>", line 33, in __init__
  File "/Users/riley/.local/pipx/venvs/dbt-bigquery/lib/python3.11/site-packages/dbt/artifacts/resources/v1/model.py", line 83, in __post_init__
    super().__post_init__()
  File "/Users/riley/.local/pipx/venvs/dbt-bigquery/lib/python3.11/site-packages/dbt/artifacts/resources/v1/config.py", line 146, in __post_init__
    raise ValidationError(
dbt_common.dataclass_schema.ValidationError: Invalid value for on_schema_change: ignore. Models materialized as incremental with contracts enabled must set on_schema_change to 'append_new_columns' or 'fail'

[0m20:56:30.794486 [warn ] [MainThread]: [[33mWARNING[0m][DeprecationsSummary]: Deprecated functionality
Summary of encountered deprecations:
- CustomKeyInConfigDeprecation: 4 occurrences
- MissingArgumentsPropertyInGenericTestDeprecation: 50 occurrences
To see all deprecation instances instead of just the first occurrence of each,
run command again with the `--show-all-deprecations` flag. You may also need to
run with `--no-partial-parse` as some deprecations are only encountered during
parsing.
[0m20:56:30.797837 [debug] [MainThread]: Resource report: {"command_name": "compile", "command_success": false, "command_wall_clock_time": 5.729834, "process_in_blocks": "0", "process_kernel_time": 1.874304, "process_mem_max_rss": "406224896", "process_out_blocks": "0", "process_user_time": 4.204127}
[0m20:56:30.798259 [debug] [MainThread]: Command `dbt compile` failed at 20:56:30.798203 after 5.73 seconds
[0m20:56:30.798478 [debug] [MainThread]: Sending event: {'category': 'dbt', 'action': 'invocation', 'label': 'end', 'context': [<snowplow_tracker.self_describing_json.SelfDescribingJson object at 0x1099d2bd0>, <snowplow_tracker.self_describing_json.SelfDescribingJson object at 0x119e867d0>, <snowplow_tracker.self_describing_json.SelfDescribingJson object at 0x119ebc550>]}
[0m20:56:30.798696 [debug] [MainThread]: Flushing usage events
[0m20:56:31.305716 [debug] [MainThread]: An error was encountered while trying to flush usage events
[0m20:57:20.510988 [debug] [MainThread]: Sending event: {'category': 'dbt', 'action': 'invocation', 'label': 'start', 'context': [<snowplow_tracker.self_describing_json.SelfDescribingJson object at 0x10942fc50>, <snowplow_tracker.self_describing_json.SelfDescribingJson object at 0x10c084950>, <snowplow_tracker.self_describing_json.SelfDescribingJson object at 0x10c101d10>]}


============================== 20:57:20.514482 | 297582e8-4288-4db2-9c2e-634f12daff20 ==============================
[0m20:57:20.514482 [info ] [MainThread]: Running with dbt=1.11.2
[0m20:57:20.514937 [debug] [MainThread]: running dbt with arguments {'invocation_command': 'dbt compile --select nexus.*', 'no_print': 'None', 'quiet': 'False', 'warn_error_options': 'WarnErrorOptionsV2(error=[], warn=[], silence=[])', 'use_colors': 'True', 'partial_parse': 'True', 'log_format': 'default', 'fail_fast': 'False', 'version_check': 'True', 'debug': 'False', 'static_parser': 'True', 'write_json': 'True', 'printer_width': '80', 'log_path': '/Users/riley/Documents/GitHub/dbt-lattara-cortex/logs', 'send_anonymous_usage_stats': 'True', 'log_cache_events': 'False', 'empty': 'False', 'cache_selected_only': 'False', 'introspect': 'True', 'profiles_dir': '/Users/riley/.dbt', 'use_experimental_parser': 'False', 'indirect_selection': 'eager', 'warn_error': 'None', 'target_path': 'None'}
[0m20:57:24.456146 [debug] [MainThread]: Sending event: {'category': 'dbt', 'action': 'project_id', 'label': '297582e8-4288-4db2-9c2e-634f12daff20', 'context': [<snowplow_tracker.self_describing_json.SelfDescribingJson object at 0x11bc52a10>]}
[0m20:57:24.486907 [debug] [MainThread]: Sending event: {'category': 'dbt', 'action': 'adapter_info', 'label': '297582e8-4288-4db2-9c2e-634f12daff20', 'context': [<snowplow_tracker.self_describing_json.SelfDescribingJson object at 0x109541550>]}
[0m20:57:24.487555 [info ] [MainThread]: Registered adapter: bigquery=1.11.0
[0m20:57:24.633184 [debug] [MainThread]: checksum: 3d40d8bbe1bef07db1c24822f2dbfff8bc07f2a48ed4fe2658a40653aec0b54b, vars: {}, profile: , target: , version: 1.11.2
[0m20:57:24.633724 [info ] [MainThread]: Unable to do partial parsing because saved manifest not found. Starting full parse.
[0m20:57:24.633930 [debug] [MainThread]: Sending event: {'category': 'dbt', 'action': 'partial_parser', 'label': '297582e8-4288-4db2-9c2e-634f12daff20', 'context': [<snowplow_tracker.self_describing_json.SelfDescribingJson object at 0x11beab690>]}
[0m20:57:24.757326 [warn ] [MainThread]: [[33mWARNING[0m][CustomKeyInConfigDeprecation]: Deprecated functionality
Custom key `+schema` found in `config` at path `seeds[0].config` in file
`seeds/schema.yml`. Custom config keys should move into the `config.meta`.
[0m20:57:24.757795 [debug] [MainThread]: Sending event: {'category': 'dbt', 'action': 'deprecation', 'label': '297582e8-4288-4db2-9c2e-634f12daff20', 'property_': 'warn', 'context': [<snowplow_tracker.self_describing_json.SelfDescribingJson object at 0x11beb3690>]}
[0m20:57:25.467166 [warn ] [MainThread]: [[33mWARNING[0m]: Did not find matching node for patch with name 'stg_fivetran_meta__campaigns' in the 'models' section of file 'models/cortex_v2/staging/_fivetran_staging_models.yml'
[0m20:57:25.468326 [warn ] [MainThread]: [[33mWARNING[0m]: Did not find matching node for patch with name 'stg_fivetran_meta__conversions' in the 'models' section of file 'models/cortex_v2/staging/_fivetran_staging_models.yml'
[0m20:57:25.469037 [warn ] [MainThread]: [[33mWARNING[0m]: Did not find matching node for patch with name 'stg_fivetran_google__campaigns' in the 'models' section of file 'models/cortex_v2/staging/_fivetran_staging_models.yml'
[0m20:57:25.469822 [warn ] [MainThread]: [[33mWARNING[0m]: Did not find matching node for patch with name 'stg_fivetran_google__conversions' in the 'models' section of file 'models/cortex_v2/staging/_fivetran_staging_models.yml'
[0m20:57:25.470738 [warn ] [MainThread]: [[33mWARNING[0m]: Did not find matching node for patch with name 'stg_fivetran_linkedin__campaigns' in the 'models' section of file 'models/cortex_v2/staging/_fivetran_staging_models.yml'
[0m20:57:25.471529 [warn ] [MainThread]: [[33mWARNING[0m]: Did not find matching node for patch with name 'stg_fivetran_tiktok__campaigns' in the 'models' section of file 'models/cortex_v2/staging/_fivetran_staging_models.yml'
[0m20:57:25.530803 [warn ] [MainThread]: [[33mWARNING[0m]: Did not find matching node for patch with name 'campaign_performance' in the 'models' section of file 'models/cortex_v2/marts/_mart_models.yml'
[0m20:57:25.531822 [warn ] [MainThread]: [[33mWARNING[0m]: Did not find matching node for patch with name 'ad_group_performance' in the 'models' section of file 'models/cortex_v2/marts/_mart_models.yml'
[0m20:57:25.532628 [warn ] [MainThread]: [[33mWARNING[0m]: Did not find matching node for patch with name 'ad_performance' in the 'models' section of file 'models/cortex_v2/marts/_mart_models.yml'
[0m20:57:25.533968 [warn ] [MainThread]: [[33mWARNING[0m]: Did not find matching node for patch with name 'creative_fatigue' in the 'models' section of file 'models/cortex_v2/marts/_mart_models.yml'
[0m20:57:25.535468 [warn ] [MainThread]: [[33mWARNING[0m]: Did not find matching node for patch with name 'creative_performance' in the 'models' section of file 'models/cortex_v2/marts/_mart_models.yml'
[0m20:57:25.536730 [warn ] [MainThread]: [[33mWARNING[0m]: Did not find matching node for patch with name 'audience_performance' in the 'models' section of file 'models/cortex_v2/marts/_mart_models.yml'
[0m20:57:25.554129 [warn ] [MainThread]: [[33mWARNING[0m][MissingArgumentsPropertyInGenericTestDeprecation]: Deprecated
functionality
Found top-level arguments to test `accepted_values` defined on
'campaign_performance' in package 'analytics'
(models/cortex_v2/marts/_mart_models.yml). Arguments to generic tests should be
nested under the `arguments` property.
[0m20:57:25.554439 [debug] [MainThread]: Sending event: {'category': 'dbt', 'action': 'deprecation', 'label': '297582e8-4288-4db2-9c2e-634f12daff20', 'property_': 'warn', 'context': [<snowplow_tracker.self_describing_json.SelfDescribingJson object at 0x11c3daf50>]}
[0m20:57:25.659475 [warn ] [MainThread]: [[33mWARNING[0m]: Did not find matching node for patch with name 'int_campaigns_unified' in the 'models' section of file 'models/cortex_v2/intermediate/_intermediate_models.yml'
[0m20:57:25.660152 [warn ] [MainThread]: [[33mWARNING[0m]: Did not find matching node for patch with name 'int_ad_groups_unified' in the 'models' section of file 'models/cortex_v2/intermediate/_intermediate_models.yml'
[0m20:57:25.660698 [warn ] [MainThread]: [[33mWARNING[0m]: Did not find matching node for patch with name 'int_ads_unified' in the 'models' section of file 'models/cortex_v2/intermediate/_intermediate_models.yml'
[0m20:57:25.661298 [warn ] [MainThread]: [[33mWARNING[0m]: Did not find matching node for patch with name 'int_fivetran_campaigns_unified' in the 'models' section of file 'models/cortex_v2/intermediate/_intermediate_models.yml'
[0m20:57:25.661817 [warn ] [MainThread]: [[33mWARNING[0m]: Did not find matching node for patch with name 'int_fivetran_conversions' in the 'models' section of file 'models/cortex_v2/intermediate/_intermediate_models.yml'
[0m20:57:25.789540 [warn ] [MainThread]: [[33mWARNING[0m]: Test 'test.analytics.not_null_stg_fivetran_meta__campaigns_account_id.7a730ac599' (models/cortex_v2/staging/_fivetran_staging_models.yml) depends on a node named 'stg_fivetran_meta__campaigns' in package '' which was not found
[0m20:57:25.789901 [warn ] [MainThread]: [[33mWARNING[0m]: Test 'test.analytics.not_null_stg_fivetran_meta__campaigns_campaign_id.76664f170f' (models/cortex_v2/staging/_fivetran_staging_models.yml) depends on a node named 'stg_fivetran_meta__campaigns' in package '' which was not found
[0m20:57:25.790069 [warn ] [MainThread]: [[33mWARNING[0m]: Test 'test.analytics.not_null_stg_fivetran_meta__campaigns_date.d107bad4c1' (models/cortex_v2/staging/_fivetran_staging_models.yml) depends on a node named 'stg_fivetran_meta__campaigns' in package '' which was not found
[0m20:57:25.790230 [warn ] [MainThread]: [[33mWARNING[0m]: Test 'test.analytics.not_null_stg_fivetran_meta__conversions_campaign_id.b52e62dfb7' (models/cortex_v2/staging/_fivetran_staging_models.yml) depends on a node named 'stg_fivetran_meta__conversions' in package '' which was not found
[0m20:57:25.790384 [warn ] [MainThread]: [[33mWARNING[0m]: Test 'test.analytics.not_null_stg_fivetran_meta__conversions_date.939fb3be07' (models/cortex_v2/staging/_fivetran_staging_models.yml) depends on a node named 'stg_fivetran_meta__conversions' in package '' which was not found
[0m20:57:25.790532 [warn ] [MainThread]: [[33mWARNING[0m]: Test 'test.analytics.not_null_stg_fivetran_meta__conversions_event_name.05866163e5' (models/cortex_v2/staging/_fivetran_staging_models.yml) depends on a node named 'stg_fivetran_meta__conversions' in package '' which was not found
[0m20:57:25.790681 [warn ] [MainThread]: [[33mWARNING[0m]: Test 'test.analytics.not_null_stg_fivetran_google__campaigns_account_id.83e94ebf77' (models/cortex_v2/staging/_fivetran_staging_models.yml) depends on a node named 'stg_fivetran_google__campaigns' in package '' which was not found
[0m20:57:25.790826 [warn ] [MainThread]: [[33mWARNING[0m]: Test 'test.analytics.not_null_stg_fivetran_google__campaigns_campaign_id.049fc1c501' (models/cortex_v2/staging/_fivetran_staging_models.yml) depends on a node named 'stg_fivetran_google__campaigns' in package '' which was not found
[0m20:57:25.790985 [warn ] [MainThread]: [[33mWARNING[0m]: Test 'test.analytics.not_null_stg_fivetran_google__campaigns_date.53c117304f' (models/cortex_v2/staging/_fivetran_staging_models.yml) depends on a node named 'stg_fivetran_google__campaigns' in package '' which was not found
[0m20:57:25.791125 [warn ] [MainThread]: [[33mWARNING[0m]: Test 'test.analytics.not_null_stg_fivetran_google__conversions_campaign_id.3d08f914c2' (models/cortex_v2/staging/_fivetran_staging_models.yml) depends on a node named 'stg_fivetran_google__conversions' in package '' which was not found
[0m20:57:25.791267 [warn ] [MainThread]: [[33mWARNING[0m]: Test 'test.analytics.not_null_stg_fivetran_google__conversions_date.36a1bbabe4' (models/cortex_v2/staging/_fivetran_staging_models.yml) depends on a node named 'stg_fivetran_google__conversions' in package '' which was not found
[0m20:57:25.791403 [warn ] [MainThread]: [[33mWARNING[0m]: Test 'test.analytics.not_null_stg_fivetran_google__conversions_event_name.77c79327b2' (models/cortex_v2/staging/_fivetran_staging_models.yml) depends on a node named 'stg_fivetran_google__conversions' in package '' which was not found
[0m20:57:25.791543 [warn ] [MainThread]: [[33mWARNING[0m]: Test 'test.analytics.not_null_stg_fivetran_linkedin__campaigns_account_id.5472043634' (models/cortex_v2/staging/_fivetran_staging_models.yml) depends on a node named 'stg_fivetran_linkedin__campaigns' in package '' which was not found
[0m20:57:25.791681 [warn ] [MainThread]: [[33mWARNING[0m]: Test 'test.analytics.not_null_stg_fivetran_linkedin__campaigns_campaign_id.f906eb9a41' (models/cortex_v2/staging/_fivetran_staging_models.yml) depends on a node named 'stg_fivetran_linkedin__campaigns' in package '' which was not found
[0m20:57:25.791828 [warn ] [MainThread]: [[33mWARNING[0m]: Test 'test.analytics.not_null_stg_fivetran_linkedin__campaigns_date.a9eb0a1fab' (models/cortex_v2/staging/_fivetran_staging_models.yml) depends on a node named 'stg_fivetran_linkedin__campaigns' in package '' which was not found
[0m20:57:25.791970 [warn ] [MainThread]: [[33mWARNING[0m]: Test 'test.analytics.not_null_stg_fivetran_tiktok__campaigns_account_id.0ac458d45f' (models/cortex_v2/staging/_fivetran_staging_models.yml) depends on a node named 'stg_fivetran_tiktok__campaigns' in package '' which was not found
[0m20:57:25.792110 [warn ] [MainThread]: [[33mWARNING[0m]: Test 'test.analytics.not_null_stg_fivetran_tiktok__campaigns_campaign_id.1aea0f2317' (models/cortex_v2/staging/_fivetran_staging_models.yml) depends on a node named 'stg_fivetran_tiktok__campaigns' in package '' which was not found
[0m20:57:25.792251 [warn ] [MainThread]: [[33mWARNING[0m]: Test 'test.analytics.not_null_stg_fivetran_tiktok__campaigns_date.24abfabc59' (models/cortex_v2/staging/_fivetran_staging_models.yml) depends on a node named 'stg_fivetran_tiktok__campaigns' in package '' which was not found
[0m20:57:25.792414 [warn ] [MainThread]: [[33mWARNING[0m]: Test 'test.analytics.not_null_campaign_performance_account_id.012a1ba74b' (models/cortex_v2/marts/_mart_models.yml) depends on a node named 'campaign_performance' in package '' which was not found
[0m20:57:25.792557 [warn ] [MainThread]: [[33mWARNING[0m]: Test 'test.analytics.not_null_campaign_performance_source_platform.1e320588c8' (models/cortex_v2/marts/_mart_models.yml) depends on a node named 'campaign_performance' in package '' which was not found
[0m20:57:25.792702 [warn ] [MainThread]: [[33mWARNING[0m]: Test 'test.analytics.accepted_values_campaign_performance_source_platform__google_ads__meta_ads__linkedin_ads.64338a201c' (models/cortex_v2/marts/_mart_models.yml) depends on a node named 'campaign_performance' in package '' which was not found
[0m20:57:25.792849 [warn ] [MainThread]: [[33mWARNING[0m]: Test 'test.analytics.not_null_campaign_performance_campaign_id.77cfe3848c' (models/cortex_v2/marts/_mart_models.yml) depends on a node named 'campaign_performance' in package '' which was not found
[0m20:57:25.792993 [warn ] [MainThread]: [[33mWARNING[0m]: Test 'test.analytics.not_null_campaign_performance_date.a6d7f3618a' (models/cortex_v2/marts/_mart_models.yml) depends on a node named 'campaign_performance' in package '' which was not found
[0m20:57:25.793132 [warn ] [MainThread]: [[33mWARNING[0m]: Test 'test.analytics.dbt_expectations_expect_column_values_to_be_between_campaign_performance_impressions__0.b744476b6c' (models/cortex_v2/marts/_mart_models.yml) depends on a node named 'campaign_performance' in package '' which was not found
[0m20:57:25.793275 [warn ] [MainThread]: [[33mWARNING[0m]: Test 'test.analytics.dbt_expectations_expect_column_values_to_be_between_campaign_performance_clicks__0.21125e8580' (models/cortex_v2/marts/_mart_models.yml) depends on a node named 'campaign_performance' in package '' which was not found
[0m20:57:25.793424 [warn ] [MainThread]: [[33mWARNING[0m]: Test 'test.analytics.dbt_expectations_expect_column_values_to_be_between_campaign_performance_spend__0.ae1f2a73cb' (models/cortex_v2/marts/_mart_models.yml) depends on a node named 'campaign_performance' in package '' which was not found
[0m20:57:25.793559 [warn ] [MainThread]: [[33mWARNING[0m]: Test 'test.analytics.dbt_expectations_expect_column_values_to_be_between_campaign_performance_ctr__100__0.df9d162c98' (models/cortex_v2/marts/_mart_models.yml) depends on a node named 'campaign_performance' in package '' which was not found
[0m20:57:25.793696 [warn ] [MainThread]: [[33mWARNING[0m]: Test 'test.analytics.dbt_expectations_expect_column_values_to_be_between_campaign_performance_roas__0.982e5dea56' (models/cortex_v2/marts/_mart_models.yml) depends on a node named 'campaign_performance' in package '' which was not found
[0m20:57:25.793835 [warn ] [MainThread]: [[33mWARNING[0m]: Test 'test.analytics.not_null_ad_group_performance_account_id.dac7662915' (models/cortex_v2/marts/_mart_models.yml) depends on a node named 'ad_group_performance' in package '' which was not found
[0m20:57:25.793970 [warn ] [MainThread]: [[33mWARNING[0m]: Test 'test.analytics.not_null_ad_group_performance_source_platform.cbf57569d8' (models/cortex_v2/marts/_mart_models.yml) depends on a node named 'ad_group_performance' in package '' which was not found
[0m20:57:25.794103 [warn ] [MainThread]: [[33mWARNING[0m]: Test 'test.analytics.accepted_values_ad_group_performance_source_platform__google_ads__meta_ads__linkedin_ads.53343107fd' (models/cortex_v2/marts/_mart_models.yml) depends on a node named 'ad_group_performance' in package '' which was not found
[0m20:57:25.794239 [warn ] [MainThread]: [[33mWARNING[0m]: Test 'test.analytics.not_null_ad_group_performance_campaign_id.e3c1e29376' (models/cortex_v2/marts/_mart_models.yml) depends on a node named 'ad_group_performance' in package '' which was not found
[0m20:57:25.794374 [warn ] [MainThread]: [[33mWARNING[0m]: Test 'test.analytics.not_null_ad_group_performance_ad_group_id.f2dc4cc74e' (models/cortex_v2/marts/_mart_models.yml) depends on a node named 'ad_group_performance' in package '' which was not found
[0m20:57:25.794682 [warn ] [MainThread]: [[33mWARNING[0m]: Test 'test.analytics.not_null_ad_group_performance_date.d3d723d869' (models/cortex_v2/marts/_mart_models.yml) depends on a node named 'ad_group_performance' in package '' which was not found
[0m20:57:25.795006 [warn ] [MainThread]: [[33mWARNING[0m]: Test 'test.analytics.dbt_expectations_expect_column_values_to_be_between_ad_group_performance_impressions__0.cd8f51e5e8' (models/cortex_v2/marts/_mart_models.yml) depends on a node named 'ad_group_performance' in package '' which was not found
[0m20:57:25.795196 [warn ] [MainThread]: [[33mWARNING[0m]: Test 'test.analytics.dbt_expectations_expect_column_values_to_be_between_ad_group_performance_spend__0.c9c255489a' (models/cortex_v2/marts/_mart_models.yml) depends on a node named 'ad_group_performance' in package '' which was not found
[0m20:57:25.795467 [warn ] [MainThread]: [[33mWARNING[0m]: Test 'test.analytics.not_null_ad_performance_account_id.37d577f3f3' (models/cortex_v2/marts/_mart_models.yml) depends on a node named 'ad_performance' in package '' which was not found
[0m20:57:25.795638 [warn ] [MainThread]: [[33mWARNING[0m]: Test 'test.analytics.not_null_ad_performance_source_platform.d2469c673c' (models/cortex_v2/marts/_mart_models.yml) depends on a node named 'ad_performance' in package '' which was not found
[0m20:57:25.795791 [warn ] [MainThread]: [[33mWARNING[0m]: Test 'test.analytics.accepted_values_ad_performance_source_platform__google_ads__meta_ads__linkedin_ads.6a6cc44a4c' (models/cortex_v2/marts/_mart_models.yml) depends on a node named 'ad_performance' in package '' which was not found
[0m20:57:25.795940 [warn ] [MainThread]: [[33mWARNING[0m]: Test 'test.analytics.not_null_ad_performance_campaign_id.f00878f642' (models/cortex_v2/marts/_mart_models.yml) depends on a node named 'ad_performance' in package '' which was not found
[0m20:57:25.796122 [warn ] [MainThread]: [[33mWARNING[0m]: Test 'test.analytics.not_null_ad_performance_ad_group_id.328e934d82' (models/cortex_v2/marts/_mart_models.yml) depends on a node named 'ad_performance' in package '' which was not found
[0m20:57:25.796332 [warn ] [MainThread]: [[33mWARNING[0m]: Test 'test.analytics.not_null_ad_performance_ad_id.45b38f8190' (models/cortex_v2/marts/_mart_models.yml) depends on a node named 'ad_performance' in package '' which was not found
[0m20:57:25.796491 [warn ] [MainThread]: [[33mWARNING[0m]: Test 'test.analytics.not_null_ad_performance_date.c55dae1cab' (models/cortex_v2/marts/_mart_models.yml) depends on a node named 'ad_performance' in package '' which was not found
[0m20:57:25.796642 [warn ] [MainThread]: [[33mWARNING[0m]: Test 'test.analytics.dbt_expectations_expect_column_values_to_be_between_ad_performance_impressions__0.6dc4dd13d6' (models/cortex_v2/marts/_mart_models.yml) depends on a node named 'ad_performance' in package '' which was not found
[0m20:57:25.796790 [warn ] [MainThread]: [[33mWARNING[0m]: Test 'test.analytics.dbt_expectations_expect_column_values_to_be_between_ad_performance_spend__0.ce81252396' (models/cortex_v2/marts/_mart_models.yml) depends on a node named 'ad_performance' in package '' which was not found
[0m20:57:25.796933 [warn ] [MainThread]: [[33mWARNING[0m]: Test 'test.analytics.not_null_creative_fatigue_account_id.cdb8690c63' (models/cortex_v2/marts/_mart_models.yml) depends on a node named 'creative_fatigue' in package '' which was not found
[0m20:57:25.797073 [warn ] [MainThread]: [[33mWARNING[0m]: Test 'test.analytics.not_null_creative_fatigue_ad_id.8489735373' (models/cortex_v2/marts/_mart_models.yml) depends on a node named 'creative_fatigue' in package '' which was not found
[0m20:57:25.797210 [warn ] [MainThread]: [[33mWARNING[0m]: Test 'test.analytics.not_null_creative_fatigue_source_platform.66103d2161' (models/cortex_v2/marts/_mart_models.yml) depends on a node named 'creative_fatigue' in package '' which was not found
[0m20:57:25.797346 [warn ] [MainThread]: [[33mWARNING[0m]: Test 'test.analytics.accepted_values_creative_fatigue_source_platform__google_ads__meta_ads__linkedin_ads.780cea669b' (models/cortex_v2/marts/_mart_models.yml) depends on a node named 'creative_fatigue' in package '' which was not found
[0m20:57:25.797482 [warn ] [MainThread]: [[33mWARNING[0m]: Test 'test.analytics.not_null_creative_fatigue_date.99d5ba2540' (models/cortex_v2/marts/_mart_models.yml) depends on a node named 'creative_fatigue' in package '' which was not found
[0m20:57:25.797618 [warn ] [MainThread]: [[33mWARNING[0m]: Test 'test.analytics.dbt_expectations_expect_column_values_to_be_between_creative_fatigue_impressions__100.28fb53b254' (models/cortex_v2/marts/_mart_models.yml) depends on a node named 'creative_fatigue' in package '' which was not found
[0m20:57:25.797760 [warn ] [MainThread]: [[33mWARNING[0m]: Test 'test.analytics.dbt_expectations_expect_column_values_to_be_between_creative_fatigue_clicks__0.5b420934ee' (models/cortex_v2/marts/_mart_models.yml) depends on a node named 'creative_fatigue' in package '' which was not found
[0m20:57:25.797933 [warn ] [MainThread]: [[33mWARNING[0m]: Test 'test.analytics.dbt_expectations_expect_column_values_to_be_between_creative_fatigue_spend__0.ef9503cb4c' (models/cortex_v2/marts/_mart_models.yml) depends on a node named 'creative_fatigue' in package '' which was not found
[0m20:57:25.798143 [warn ] [MainThread]: [[33mWARNING[0m]: Test 'test.analytics.dbt_expectations_expect_column_values_to_be_between_creative_fatigue_ctr__100__0.ac5c1a8023' (models/cortex_v2/marts/_mart_models.yml) depends on a node named 'creative_fatigue' in package '' which was not found
[0m20:57:25.798305 [warn ] [MainThread]: [[33mWARNING[0m]: Test 'test.analytics.dbt_expectations_expect_column_values_to_be_between_creative_fatigue_ctr_7day_avg__100__0.c2acadb6d6' (models/cortex_v2/marts/_mart_models.yml) depends on a node named 'creative_fatigue' in package '' which was not found
[0m20:57:25.798461 [warn ] [MainThread]: [[33mWARNING[0m]: Test 'test.analytics.dbt_expectations_expect_column_values_to_be_between_creative_fatigue_baseline_ctr__100__0.db77b591eb' (models/cortex_v2/marts/_mart_models.yml) depends on a node named 'creative_fatigue' in package '' which was not found
[0m20:57:25.798604 [warn ] [MainThread]: [[33mWARNING[0m]: Test 'test.analytics.dbt_expectations_expect_column_values_to_be_between_creative_fatigue_ctr_change_pct__10___1.c9d997617a' (models/cortex_v2/marts/_mart_models.yml) depends on a node named 'creative_fatigue' in package '' which was not found
[0m20:57:25.798744 [warn ] [MainThread]: [[33mWARNING[0m]: Test 'test.analytics.not_null_creative_fatigue_fatigue_status.aaa694c3b4' (models/cortex_v2/marts/_mart_models.yml) depends on a node named 'creative_fatigue' in package '' which was not found
[0m20:57:25.798892 [warn ] [MainThread]: [[33mWARNING[0m]: Test 'test.analytics.accepted_values_creative_fatigue_fatigue_status__FATIGUED__WARNING__HEALTHY.9a9f068e72' (models/cortex_v2/marts/_mart_models.yml) depends on a node named 'creative_fatigue' in package '' which was not found
[0m20:57:25.799030 [warn ] [MainThread]: [[33mWARNING[0m]: Test 'test.analytics.not_null_creative_performance_account_id.2fd73e70fb' (models/cortex_v2/marts/_mart_models.yml) depends on a node named 'creative_performance' in package '' which was not found
[0m20:57:25.799164 [warn ] [MainThread]: [[33mWARNING[0m]: Test 'test.analytics.not_null_creative_performance_ad_id.8262dca89b' (models/cortex_v2/marts/_mart_models.yml) depends on a node named 'creative_performance' in package '' which was not found
[0m20:57:25.799299 [warn ] [MainThread]: [[33mWARNING[0m]: Test 'test.analytics.not_null_creative_performance_source_platform.970c191c0e' (models/cortex_v2/marts/_mart_models.yml) depends on a node named 'creative_performance' in package '' which was not found
[0m20:57:25.799444 [warn ] [MainThread]: [[33mWARNING[0m]: Test 'test.analytics.accepted_values_creative_performance_source_platform__google_ads__meta_ads__linkedin_ads.daf4217a01' (models/cortex_v2/marts/_mart_models.yml) depends on a node named 'creative_performance' in package '' which was not found
[0m20:57:25.799585 [warn ] [MainThread]: [[33mWARNING[0m]: Test 'test.analytics.dbt_expectations_expect_column_values_to_be_between_creative_performance_total_impressions__0.0f18650691' (models/cortex_v2/marts/_mart_models.yml) depends on a node named 'creative_performance' in package '' which was not found
[0m20:57:25.799723 [warn ] [MainThread]: [[33mWARNING[0m]: Test 'test.analytics.dbt_expectations_expect_column_values_to_be_between_creative_performance_total_clicks__0.8dbe232b9e' (models/cortex_v2/marts/_mart_models.yml) depends on a node named 'creative_performance' in package '' which was not found
[0m20:57:25.799859 [warn ] [MainThread]: [[33mWARNING[0m]: Test 'test.analytics.dbt_expectations_expect_column_values_to_be_between_creative_performance_total_spend__0.8ec34f839c' (models/cortex_v2/marts/_mart_models.yml) depends on a node named 'creative_performance' in package '' which was not found
[0m20:57:25.800013 [warn ] [MainThread]: [[33mWARNING[0m]: Test 'test.analytics.dbt_expectations_expect_column_values_to_be_between_creative_performance_total_conversions__0.77c0038b0f' (models/cortex_v2/marts/_mart_models.yml) depends on a node named 'creative_performance' in package '' which was not found
[0m20:57:25.800146 [warn ] [MainThread]: [[33mWARNING[0m]: Test 'test.analytics.dbt_expectations_expect_column_values_to_be_between_creative_performance_ctr__100__0.6788b246ec' (models/cortex_v2/marts/_mart_models.yml) depends on a node named 'creative_performance' in package '' which was not found
[0m20:57:25.800280 [warn ] [MainThread]: [[33mWARNING[0m]: Test 'test.analytics.dbt_expectations_expect_column_values_to_be_between_creative_performance_roas__0.e3eef45bfb' (models/cortex_v2/marts/_mart_models.yml) depends on a node named 'creative_performance' in package '' which was not found
[0m20:57:25.800415 [warn ] [MainThread]: [[33mWARNING[0m]: Test 'test.analytics.not_null_creative_performance_first_seen_date.1a7661c39a' (models/cortex_v2/marts/_mart_models.yml) depends on a node named 'creative_performance' in package '' which was not found
[0m20:57:25.800546 [warn ] [MainThread]: [[33mWARNING[0m]: Test 'test.analytics.not_null_creative_performance_last_active_date.af004a8cab' (models/cortex_v2/marts/_mart_models.yml) depends on a node named 'creative_performance' in package '' which was not found
[0m20:57:25.800681 [warn ] [MainThread]: [[33mWARNING[0m]: Test 'test.analytics.not_null_creative_performance_fatigue_status.63d52cba4e' (models/cortex_v2/marts/_mart_models.yml) depends on a node named 'creative_performance' in package '' which was not found
[0m20:57:25.800825 [warn ] [MainThread]: [[33mWARNING[0m]: Test 'test.analytics.accepted_values_creative_performance_fatigue_status__FATIGUED__WARNING__HEALTHY__UNKNOWN.9c52b883ed' (models/cortex_v2/marts/_mart_models.yml) depends on a node named 'creative_performance' in package '' which was not found
[0m20:57:25.800959 [warn ] [MainThread]: [[33mWARNING[0m]: Test 'test.analytics.not_null_audience_performance_account_id.f57003994d' (models/cortex_v2/marts/_mart_models.yml) depends on a node named 'audience_performance' in package '' which was not found
[0m20:57:25.801089 [warn ] [MainThread]: [[33mWARNING[0m]: Test 'test.analytics.not_null_audience_performance_source_platform.5160d84e1c' (models/cortex_v2/marts/_mart_models.yml) depends on a node named 'audience_performance' in package '' which was not found
[0m20:57:25.801224 [warn ] [MainThread]: [[33mWARNING[0m]: Test 'test.analytics.accepted_values_audience_performance_source_platform__GOOGLE_ADS__META_ADS__LINKEDIN_ADS.d16505818b' (models/cortex_v2/marts/_mart_models.yml) depends on a node named 'audience_performance' in package '' which was not found
[0m20:57:25.801357 [warn ] [MainThread]: [[33mWARNING[0m]: Test 'test.analytics.not_null_audience_performance_campaign_id.135625fccc' (models/cortex_v2/marts/_mart_models.yml) depends on a node named 'audience_performance' in package '' which was not found
[0m20:57:25.801488 [warn ] [MainThread]: [[33mWARNING[0m]: Test 'test.analytics.not_null_audience_performance_demographic_type.f300e98b6b' (models/cortex_v2/marts/_mart_models.yml) depends on a node named 'audience_performance' in package '' which was not found
[0m20:57:25.801623 [warn ] [MainThread]: [[33mWARNING[0m]: Test 'test.analytics.accepted_values_audience_performance_demographic_type__age__gender__location__device__company_size__seniority__industry.05ef083c21' (models/cortex_v2/marts/_mart_models.yml) depends on a node named 'audience_performance' in package '' which was not found
[0m20:57:25.801759 [warn ] [MainThread]: [[33mWARNING[0m]: Test 'test.analytics.not_null_audience_performance_demographic_value.c303562574' (models/cortex_v2/marts/_mart_models.yml) depends on a node named 'audience_performance' in package '' which was not found
[0m20:57:25.801890 [warn ] [MainThread]: [[33mWARNING[0m]: Test 'test.analytics.not_null_audience_performance_date.881d1babb4' (models/cortex_v2/marts/_mart_models.yml) depends on a node named 'audience_performance' in package '' which was not found
[0m20:57:25.802027 [warn ] [MainThread]: [[33mWARNING[0m]: Test 'test.analytics.dbt_expectations_expect_column_values_to_be_between_audience_performance_impressions__0.7ad963a49c' (models/cortex_v2/marts/_mart_models.yml) depends on a node named 'audience_performance' in package '' which was not found
[0m20:57:25.802164 [warn ] [MainThread]: [[33mWARNING[0m]: Test 'test.analytics.dbt_expectations_expect_column_values_to_be_between_audience_performance_clicks__0.d4ab628b89' (models/cortex_v2/marts/_mart_models.yml) depends on a node named 'audience_performance' in package '' which was not found
[0m20:57:25.802297 [warn ] [MainThread]: [[33mWARNING[0m]: Test 'test.analytics.dbt_expectations_expect_column_values_to_be_between_audience_performance_spend__0.4404a0021f' (models/cortex_v2/marts/_mart_models.yml) depends on a node named 'audience_performance' in package '' which was not found
[0m20:57:25.802433 [warn ] [MainThread]: [[33mWARNING[0m]: Test 'test.analytics.dbt_expectations_expect_column_values_to_be_between_audience_performance_conversions__0.66084d90ad' (models/cortex_v2/marts/_mart_models.yml) depends on a node named 'audience_performance' in package '' which was not found
[0m20:57:25.802575 [warn ] [MainThread]: [[33mWARNING[0m]: Test 'test.analytics.dbt_expectations_expect_column_values_to_be_between_audience_performance_conversion_value__0.29fe78646c' (models/cortex_v2/marts/_mart_models.yml) depends on a node named 'audience_performance' in package '' which was not found
[0m20:57:25.802716 [warn ] [MainThread]: [[33mWARNING[0m]: Test 'test.analytics.dbt_expectations_expect_column_values_to_be_between_audience_performance_ctr__100__0.896529f411' (models/cortex_v2/marts/_mart_models.yml) depends on a node named 'audience_performance' in package '' which was not found
[0m20:57:25.802850 [warn ] [MainThread]: [[33mWARNING[0m]: Test 'test.analytics.dbt_expectations_expect_column_values_to_be_between_audience_performance_cpc__0.1be3b90f80' (models/cortex_v2/marts/_mart_models.yml) depends on a node named 'audience_performance' in package '' which was not found
[0m20:57:25.803002 [warn ] [MainThread]: [[33mWARNING[0m]: Test 'test.analytics.dbt_expectations_expect_column_values_to_be_between_audience_performance_cpa__0.88341c58e3' (models/cortex_v2/marts/_mart_models.yml) depends on a node named 'audience_performance' in package '' which was not found
[0m20:57:25.803151 [warn ] [MainThread]: [[33mWARNING[0m]: Test 'test.analytics.dbt_expectations_expect_column_values_to_be_between_audience_performance_roas__0.7cdb6de017' (models/cortex_v2/marts/_mart_models.yml) depends on a node named 'audience_performance' in package '' which was not found
[0m20:57:25.803323 [warn ] [MainThread]: [[33mWARNING[0m]: Test 'test.analytics.not_null_int_campaigns_unified_account_id.a949359a77' (models/cortex_v2/intermediate/_intermediate_models.yml) depends on a node named 'int_campaigns_unified' in package '' which was not found
[0m20:57:25.803461 [warn ] [MainThread]: [[33mWARNING[0m]: Test 'test.analytics.not_null_int_campaigns_unified_campaign_id.d15fb20e9e' (models/cortex_v2/intermediate/_intermediate_models.yml) depends on a node named 'int_campaigns_unified' in package '' which was not found
[0m20:57:25.803601 [warn ] [MainThread]: [[33mWARNING[0m]: Test 'test.analytics.not_null_int_campaigns_unified_date.066b46a02b' (models/cortex_v2/intermediate/_intermediate_models.yml) depends on a node named 'int_campaigns_unified' in package '' which was not found
[0m20:57:25.803732 [warn ] [MainThread]: [[33mWARNING[0m]: Test 'test.analytics.not_null_int_campaigns_unified_source_platform.98f63da956' (models/cortex_v2/intermediate/_intermediate_models.yml) depends on a node named 'int_campaigns_unified' in package '' which was not found
[0m20:57:25.803867 [warn ] [MainThread]: [[33mWARNING[0m]: Test 'test.analytics.accepted_values_int_campaigns_unified_source_platform__google_ads__meta_ads__linkedin_ads.4e0b7e765d' (models/cortex_v2/intermediate/_intermediate_models.yml) depends on a node named 'int_campaigns_unified' in package '' which was not found
[0m20:57:25.804008 [warn ] [MainThread]: [[33mWARNING[0m]: Test 'test.analytics.not_null_int_ad_groups_unified_account_id.fe5ee808b0' (models/cortex_v2/intermediate/_intermediate_models.yml) depends on a node named 'int_ad_groups_unified' in package '' which was not found
[0m20:57:25.804139 [warn ] [MainThread]: [[33mWARNING[0m]: Test 'test.analytics.not_null_int_ad_groups_unified_campaign_id.a711d0c6ed' (models/cortex_v2/intermediate/_intermediate_models.yml) depends on a node named 'int_ad_groups_unified' in package '' which was not found
[0m20:57:25.804274 [warn ] [MainThread]: [[33mWARNING[0m]: Test 'test.analytics.not_null_int_ad_groups_unified_ad_group_id.dbef03c0d7' (models/cortex_v2/intermediate/_intermediate_models.yml) depends on a node named 'int_ad_groups_unified' in package '' which was not found
[0m20:57:25.804412 [warn ] [MainThread]: [[33mWARNING[0m]: Test 'test.analytics.not_null_int_ad_groups_unified_date.8be5154544' (models/cortex_v2/intermediate/_intermediate_models.yml) depends on a node named 'int_ad_groups_unified' in package '' which was not found
[0m20:57:25.804653 [warn ] [MainThread]: [[33mWARNING[0m]: Test 'test.analytics.not_null_int_ad_groups_unified_source_platform.136e748623' (models/cortex_v2/intermediate/_intermediate_models.yml) depends on a node named 'int_ad_groups_unified' in package '' which was not found
[0m20:57:25.804871 [warn ] [MainThread]: [[33mWARNING[0m]: Test 'test.analytics.accepted_values_int_ad_groups_unified_source_platform__google_ads__meta_ads__linkedin_ads.ead124c9ea' (models/cortex_v2/intermediate/_intermediate_models.yml) depends on a node named 'int_ad_groups_unified' in package '' which was not found
[0m20:57:25.805007 [warn ] [MainThread]: [[33mWARNING[0m]: Test 'test.analytics.not_null_int_ads_unified_account_id.e32fc3cac9' (models/cortex_v2/intermediate/_intermediate_models.yml) depends on a node named 'int_ads_unified' in package '' which was not found
[0m20:57:25.805143 [warn ] [MainThread]: [[33mWARNING[0m]: Test 'test.analytics.not_null_int_ads_unified_campaign_id.6d55b7658f' (models/cortex_v2/intermediate/_intermediate_models.yml) depends on a node named 'int_ads_unified' in package '' which was not found
[0m20:57:25.805274 [warn ] [MainThread]: [[33mWARNING[0m]: Test 'test.analytics.not_null_int_ads_unified_ad_group_id.95b8a97b0e' (models/cortex_v2/intermediate/_intermediate_models.yml) depends on a node named 'int_ads_unified' in package '' which was not found
[0m20:57:25.805405 [warn ] [MainThread]: [[33mWARNING[0m]: Test 'test.analytics.not_null_int_ads_unified_ad_id.fa06b94b63' (models/cortex_v2/intermediate/_intermediate_models.yml) depends on a node named 'int_ads_unified' in package '' which was not found
[0m20:57:25.805539 [warn ] [MainThread]: [[33mWARNING[0m]: Test 'test.analytics.not_null_int_ads_unified_date.653817fd22' (models/cortex_v2/intermediate/_intermediate_models.yml) depends on a node named 'int_ads_unified' in package '' which was not found
[0m20:57:25.805673 [warn ] [MainThread]: [[33mWARNING[0m]: Test 'test.analytics.not_null_int_ads_unified_source_platform.3fee8e953a' (models/cortex_v2/intermediate/_intermediate_models.yml) depends on a node named 'int_ads_unified' in package '' which was not found
[0m20:57:25.805806 [warn ] [MainThread]: [[33mWARNING[0m]: Test 'test.analytics.accepted_values_int_ads_unified_source_platform__google_ads__meta_ads__linkedin_ads.219f8efefe' (models/cortex_v2/intermediate/_intermediate_models.yml) depends on a node named 'int_ads_unified' in package '' which was not found
[0m20:57:25.805945 [warn ] [MainThread]: [[33mWARNING[0m]: Test 'test.analytics.not_null_int_fivetran_campaigns_unified_account_id.1a40965926' (models/cortex_v2/intermediate/_intermediate_models.yml) depends on a node named 'int_fivetran_campaigns_unified' in package '' which was not found
[0m20:57:25.806083 [warn ] [MainThread]: [[33mWARNING[0m]: Test 'test.analytics.not_null_int_fivetran_campaigns_unified_campaign_id.e4262a63ce' (models/cortex_v2/intermediate/_intermediate_models.yml) depends on a node named 'int_fivetran_campaigns_unified' in package '' which was not found
[0m20:57:25.806222 [warn ] [MainThread]: [[33mWARNING[0m]: Test 'test.analytics.not_null_int_fivetran_campaigns_unified_date.72b054b82c' (models/cortex_v2/intermediate/_intermediate_models.yml) depends on a node named 'int_fivetran_campaigns_unified' in package '' which was not found
[0m20:57:25.806389 [warn ] [MainThread]: [[33mWARNING[0m]: Test 'test.analytics.not_null_int_fivetran_campaigns_unified_source_platform.af2767ff61' (models/cortex_v2/intermediate/_intermediate_models.yml) depends on a node named 'int_fivetran_campaigns_unified' in package '' which was not found
[0m20:57:25.806540 [warn ] [MainThread]: [[33mWARNING[0m]: Test 'test.analytics.accepted_values_int_fivetran_campaigns_unified_source_platform__google_ads__meta_ads__linkedin_ads__tiktok_ads.9289bea954' (models/cortex_v2/intermediate/_intermediate_models.yml) depends on a node named 'int_fivetran_campaigns_unified' in package '' which was not found
[0m20:57:25.806684 [warn ] [MainThread]: [[33mWARNING[0m]: Test 'test.analytics.not_null_int_fivetran_conversions_campaign_id.8e50a62a91' (models/cortex_v2/intermediate/_intermediate_models.yml) depends on a node named 'int_fivetran_conversions' in package '' which was not found
[0m20:57:25.806832 [warn ] [MainThread]: [[33mWARNING[0m]: Test 'test.analytics.not_null_int_fivetran_conversions_date.dc1a84c044' (models/cortex_v2/intermediate/_intermediate_models.yml) depends on a node named 'int_fivetran_conversions' in package '' which was not found
[0m20:57:25.806984 [warn ] [MainThread]: [[33mWARNING[0m]: Test 'test.analytics.not_null_int_fivetran_conversions_event_name.acdc8f5f71' (models/cortex_v2/intermediate/_intermediate_models.yml) depends on a node named 'int_fivetran_conversions' in package '' which was not found
[0m20:57:25.807117 [warn ] [MainThread]: [[33mWARNING[0m]: Test 'test.analytics.not_null_int_fivetran_conversions_platform.fd75b41117' (models/cortex_v2/intermediate/_intermediate_models.yml) depends on a node named 'int_fivetran_conversions' in package '' which was not found
[0m20:57:25.807253 [warn ] [MainThread]: [[33mWARNING[0m]: Test 'test.analytics.accepted_values_int_fivetran_conversions_platform__google_ads__meta_ads__linkedin_ads__tiktok_ads.ac6b339e44' (models/cortex_v2/intermediate/_intermediate_models.yml) depends on a node named 'int_fivetran_conversions' in package '' which was not found
[0m20:57:25.881340 [debug] [MainThread]: Sending event: {'category': 'dbt', 'action': 'load_project', 'label': '297582e8-4288-4db2-9c2e-634f12daff20', 'context': [<snowplow_tracker.self_describing_json.SelfDescribingJson object at 0x11c669090>]}
[0m20:57:25.957760 [debug] [MainThread]: Wrote artifact WritableManifest to /Users/riley/Documents/GitHub/dbt-lattara-cortex/target/manifest.json
[0m20:57:25.961077 [debug] [MainThread]: Wrote artifact SemanticManifest to /Users/riley/Documents/GitHub/dbt-lattara-cortex/target/semantic_manifest.json
[0m20:57:25.987368 [debug] [MainThread]: Sending event: {'category': 'dbt', 'action': 'resource_counts', 'label': '297582e8-4288-4db2-9c2e-634f12daff20', 'context': [<snowplow_tracker.self_describing_json.SelfDescribingJson object at 0x11c1dc890>]}
[0m20:57:25.987758 [info ] [MainThread]: Found 50 models, 4 seeds, 20 data tests, 53 sources, 543 macros
[0m20:57:25.987944 [debug] [MainThread]: Sending event: {'category': 'dbt', 'action': 'runnable_timing', 'label': '297582e8-4288-4db2-9c2e-634f12daff20', 'context': [<snowplow_tracker.self_describing_json.SelfDescribingJson object at 0x11c364050>]}
[0m20:57:25.989663 [info ] [MainThread]: 
[0m20:57:25.989864 [info ] [MainThread]: Concurrency: 4 threads (target='dev')
[0m20:57:25.989996 [info ] [MainThread]: 
[0m20:57:25.990243 [debug] [MainThread]: Acquiring new bigquery connection 'master'
[0m20:57:25.993727 [debug] [ThreadPool]: Acquiring new bigquery connection 'list_res-analytics_cortex'
[0m20:57:25.994098 [debug] [ThreadPool]: Acquiring new bigquery connection 'list_res-analytics_cortex_marts'
[0m20:57:25.994345 [debug] [ThreadPool]: Opening a new connection, currently in state init
[0m20:57:25.994546 [debug] [ThreadPool]: Acquiring new bigquery connection 'list_res-analytics_allied_team'
[0m20:57:25.994767 [debug] [ThreadPool]: Opening a new connection, currently in state init
[0m20:57:25.995148 [debug] [ThreadPool]: Opening a new connection, currently in state init
[0m20:57:27.310523 [debug] [MainThread]: Sending event: {'category': 'dbt', 'action': 'runnable_timing', 'label': '297582e8-4288-4db2-9c2e-634f12daff20', 'context': [<snowplow_tracker.self_describing_json.SelfDescribingJson object at 0x11c5ad950>]}
[0m20:57:27.311240 [debug] [MainThread]: Opening a new connection, currently in state init
[0m20:57:27.315065 [debug] [Thread-1 (]: Began running node model.analytics.accounts
[0m20:57:27.315323 [debug] [Thread-2 (]: Began running node model.analytics.ad_networks
[0m20:57:27.315614 [debug] [Thread-3 (]: Began running node model.analytics.conversions
[0m20:57:27.315962 [debug] [Thread-1 (]: Re-using an available connection from the pool (formerly list_res-analytics_cortex, now model.analytics.accounts)
[0m20:57:27.316212 [debug] [Thread-2 (]: Re-using an available connection from the pool (formerly list_res-analytics_cortex_marts, now model.analytics.ad_networks)
[0m20:57:27.316428 [debug] [Thread-3 (]: Re-using an available connection from the pool (formerly list_res-analytics_allied_team, now model.analytics.conversions)
[0m20:57:27.316654 [debug] [Thread-1 (]: Began compiling node model.analytics.accounts
[0m20:57:27.316857 [debug] [Thread-2 (]: Began compiling node model.analytics.ad_networks
[0m20:57:27.317034 [debug] [Thread-3 (]: Began compiling node model.analytics.conversions
[0m20:57:27.325814 [debug] [Thread-1 (]: On "model.analytics.accounts": cache miss for schema "res-analytics.cortex_facebook_ads", this is inefficient
[0m20:57:27.327165 [debug] [Thread-2 (]: Writing injected SQL for node "model.analytics.ad_networks"
[0m20:57:27.333993 [debug] [Thread-3 (]: On "model.analytics.conversions": cache miss for schema "res-analytics.cortex_google_ads", this is inefficient
[0m20:57:27.334320 [debug] [Thread-1 (]: Opening a new connection, currently in state closed
[0m20:57:27.334650 [debug] [Thread-3 (]: Opening a new connection, currently in state closed
[0m20:57:27.336568 [debug] [Thread-2 (]: Began executing node model.analytics.ad_networks
[0m20:57:27.336824 [debug] [Thread-2 (]: Opening a new connection, currently in state closed
[0m20:57:27.337377 [debug] [Thread-2 (]: Finished running node model.analytics.ad_networks
[0m20:57:27.635056 [debug] [Thread-1 (]: On "model.analytics.accounts": cache miss for schema "res-analytics.cortex_google_ads", this is inefficient
[0m20:57:27.645119 [debug] [Thread-3 (]: On "model.analytics.conversions": cache miss for schema "res-analytics.cortex_facebook_ads", this is inefficient
[0m20:57:27.855195 [debug] [Thread-3 (]: On "model.analytics.conversions": cache miss for schema "res-analytics.cortex_facebook_ads", this is inefficient
[0m20:57:27.892139 [debug] [Thread-1 (]: On "model.analytics.accounts": cache miss for schema "res-analytics.cortex_linkedin_ads", this is inefficient
[0m20:57:28.105859 [debug] [Thread-3 (]: On "model.analytics.conversions": cache miss for schema "res-analytics.cortex_linkedin_ads", this is inefficient
[0m20:57:28.110114 [debug] [Thread-1 (]: On "model.analytics.accounts": cache miss for schema "res-analytics.cortex_tiktok_ads", this is inefficient
[0m20:57:28.326176 [debug] [Thread-3 (]: On "model.analytics.conversions": cache miss for schema "res-analytics.cortex_tiktok_ads", this is inefficient
[0m20:57:28.326580 [debug] [Thread-1 (]: Writing injected SQL for node "model.analytics.accounts"
[0m20:57:28.327773 [debug] [Thread-1 (]: Began executing node model.analytics.accounts
[0m20:57:28.328382 [debug] [Thread-1 (]: Finished running node model.analytics.accounts
[0m20:57:28.328949 [debug] [Thread-4 (]: Began running node model.analytics.campaigns
[0m20:57:28.329254 [debug] [Thread-4 (]: Acquiring new bigquery connection 'model.analytics.campaigns'
[0m20:57:28.329430 [debug] [Thread-4 (]: Began compiling node model.analytics.campaigns
[0m20:57:28.337612 [debug] [Thread-4 (]: On "model.analytics.campaigns": cache miss for schema "res-analytics.cortex_facebook_ads", this is inefficient
[0m20:57:28.337943 [debug] [Thread-4 (]: Opening a new connection, currently in state init
[0m20:57:28.557430 [debug] [Thread-3 (]: On "model.analytics.conversions": cache miss for schema "res-analytics.cortex_tiktok_ads", this is inefficient
[0m20:57:28.775587 [debug] [Thread-3 (]: On "model.analytics.conversions": cache miss for schema "res-analytics.cortex_bing_ads", this is inefficient
[0m20:57:28.796017 [debug] [Thread-4 (]: On "model.analytics.campaigns": cache miss for schema "res-analytics.cortex_facebook_ads", this is inefficient
[0m20:57:29.033411 [debug] [Thread-4 (]: On "model.analytics.campaigns": cache miss for schema "res-analytics.cortex_google_ads", this is inefficient
[0m20:57:29.102854 [debug] [Thread-3 (]: Writing injected SQL for node "model.analytics.conversions"
[0m20:57:29.103480 [debug] [Thread-3 (]: Began executing node model.analytics.conversions
[0m20:57:29.104005 [debug] [Thread-3 (]: Finished running node model.analytics.conversions
[0m20:57:29.260878 [debug] [Thread-4 (]: On "model.analytics.campaigns": cache miss for schema "res-analytics.cortex_google_ads", this is inefficient
[0m20:57:29.482756 [debug] [Thread-4 (]: On "model.analytics.campaigns": cache miss for schema "res-analytics.cortex_linkedin_ads", this is inefficient
[0m20:57:29.670279 [debug] [Thread-4 (]: On "model.analytics.campaigns": cache miss for schema "res-analytics.cortex_linkedin_ads", this is inefficient
[0m20:57:29.887688 [debug] [Thread-4 (]: On "model.analytics.campaigns": cache miss for schema "res-analytics.cortex_tiktok_ads", this is inefficient
[0m20:57:30.095779 [debug] [Thread-4 (]: On "model.analytics.campaigns": cache miss for schema "res-analytics.cortex_tiktok_ads", this is inefficient
[0m20:57:30.284777 [debug] [Thread-4 (]: Writing injected SQL for node "model.analytics.campaigns"
[0m20:57:30.285385 [debug] [Thread-4 (]: Began executing node model.analytics.campaigns
[0m20:57:30.285757 [debug] [Thread-4 (]: Finished running node model.analytics.campaigns
[0m20:57:30.286264 [debug] [Thread-1 (]: Began running node model.analytics.ads
[0m20:57:30.286509 [debug] [Thread-1 (]: Re-using an available connection from the pool (formerly model.analytics.accounts, now model.analytics.ads)
[0m20:57:30.286842 [debug] [Thread-2 (]: Began running node model.analytics.adsets
[0m20:57:30.287171 [debug] [Thread-3 (]: Began running node model.analytics.geo_campaign_daily
[0m20:57:30.287404 [debug] [Thread-1 (]: Began compiling node model.analytics.ads
[0m20:57:30.287652 [debug] [Thread-2 (]: Re-using an available connection from the pool (formerly model.analytics.ad_networks, now model.analytics.adsets)
[0m20:57:30.287840 [debug] [Thread-3 (]: Re-using an available connection from the pool (formerly model.analytics.conversions, now model.analytics.geo_campaign_daily)
[0m20:57:30.294853 [debug] [Thread-2 (]: Began compiling node model.analytics.adsets
[0m20:57:30.297836 [debug] [Thread-1 (]: On "model.analytics.ads": cache miss for schema "res-analytics.cortex_facebook_ads", this is inefficient
[0m20:57:30.298176 [debug] [Thread-3 (]: Began compiling node model.analytics.geo_campaign_daily
[0m20:57:30.303627 [debug] [Thread-2 (]: On "model.analytics.adsets": cache miss for schema "res-analytics.cortex_facebook_ads", this is inefficient
[0m20:57:30.303943 [debug] [Thread-1 (]: Opening a new connection, currently in state closed
[0m20:57:30.309141 [debug] [Thread-3 (]: Writing injected SQL for node "model.analytics.geo_campaign_daily"
[0m20:57:30.309355 [debug] [Thread-2 (]: Opening a new connection, currently in state closed
[0m20:57:30.311502 [debug] [Thread-3 (]: Began executing node model.analytics.geo_campaign_daily
[0m20:57:30.311781 [debug] [Thread-3 (]: Opening a new connection, currently in state closed
[0m20:57:30.312233 [debug] [Thread-3 (]: Finished running node model.analytics.geo_campaign_daily
[0m20:57:30.589871 [debug] [Thread-2 (]: On "model.analytics.adsets": cache miss for schema "res-analytics.cortex_google_ads", this is inefficient
[0m20:57:30.600563 [debug] [Thread-1 (]: On "model.analytics.ads": cache miss for schema "res-analytics.cortex_google_ads", this is inefficient
[0m20:57:30.792832 [debug] [Thread-1 (]: On "model.analytics.ads": cache miss for schema "res-analytics.cortex_google_ads", this is inefficient
[0m20:57:30.826601 [debug] [Thread-2 (]: On "model.analytics.adsets": cache miss for schema "res-analytics.cortex_linkedin_ads", this is inefficient
[0m20:57:31.006781 [debug] [Thread-1 (]: On "model.analytics.ads": cache miss for schema "res-analytics.cortex_linkedin_ads", this is inefficient
[0m20:57:31.037477 [debug] [Thread-2 (]: On "model.analytics.adsets": cache miss for schema "res-analytics.cortex_tiktok_ads", this is inefficient
[0m20:57:31.232734 [debug] [Thread-2 (]: On "model.analytics.adsets": cache miss for schema "res-analytics.cortex_bing_ads", this is inefficient
[0m20:57:31.243500 [debug] [Thread-1 (]: On "model.analytics.ads": cache miss for schema "res-analytics.cortex_linkedin_ads", this is inefficient
[0m20:57:31.423308 [debug] [Thread-1 (]: On "model.analytics.ads": cache miss for schema "res-analytics.cortex_tiktok_ads", this is inefficient
[0m20:57:31.472340 [debug] [Thread-2 (]: On "model.analytics.adsets": cache miss for schema "res-analytics.cortex_google_ads", this is inefficient
[0m20:57:31.571182 [debug] [Thread-1 (]: On "model.analytics.ads": cache miss for schema "res-analytics.cortex_bing_ads", this is inefficient
[0m20:57:31.656726 [debug] [Thread-2 (]: Writing injected SQL for node "model.analytics.adsets"
[0m20:57:31.658489 [debug] [Thread-2 (]: Began executing node model.analytics.adsets
[0m20:57:31.659900 [debug] [Thread-2 (]: Finished running node model.analytics.adsets
[0m20:57:31.660705 [debug] [Thread-4 (]: Began running node model.analytics.keywords
[0m20:57:31.661154 [debug] [Thread-4 (]: Re-using an available connection from the pool (formerly model.analytics.campaigns, now model.analytics.keywords)
[0m20:57:31.661511 [debug] [Thread-4 (]: Began compiling node model.analytics.keywords
[0m20:57:31.664132 [debug] [Thread-4 (]: Writing injected SQL for node "model.analytics.keywords"
[0m20:57:31.664850 [debug] [Thread-4 (]: Began executing node model.analytics.keywords
[0m20:57:31.665359 [debug] [Thread-4 (]: Opening a new connection, currently in state closed
[0m20:57:31.666367 [debug] [Thread-4 (]: Finished running node model.analytics.keywords
[0m20:57:31.667006 [debug] [Thread-2 (]: Began running node model.analytics.kpi_keyword_daily
[0m20:57:31.667389 [debug] [Thread-2 (]: Re-using an available connection from the pool (formerly model.analytics.adsets, now model.analytics.kpi_keyword_daily)
[0m20:57:31.667588 [debug] [Thread-2 (]: Began compiling node model.analytics.kpi_keyword_daily
[0m20:57:31.674125 [debug] [Thread-2 (]: Writing injected SQL for node "model.analytics.kpi_keyword_daily"
[0m20:57:31.675167 [debug] [Thread-2 (]: Began executing node model.analytics.kpi_keyword_daily
[0m20:57:31.675477 [debug] [Thread-2 (]: Opening a new connection, currently in state closed
[0m20:57:31.675970 [debug] [Thread-2 (]: Finished running node model.analytics.kpi_keyword_daily
[0m20:57:31.909600 [debug] [Thread-1 (]: On "model.analytics.ads": cache miss for schema "res-analytics.cortex_bing_ads", this is inefficient
[0m20:57:32.099250 [debug] [Thread-1 (]: On "model.analytics.ads": cache miss for schema "res-analytics.cortex_google_ads", this is inefficient
[0m20:57:32.299455 [debug] [Thread-1 (]: Writing injected SQL for node "model.analytics.ads"
[0m20:57:32.300161 [debug] [Thread-1 (]: Began executing node model.analytics.ads
[0m20:57:32.300536 [debug] [Thread-1 (]: Finished running node model.analytics.ads
[0m20:57:32.300930 [debug] [Thread-4 (]: Began running node model.analytics.kpi_creative_daily
[0m20:57:32.301375 [debug] [Thread-4 (]: Re-using an available connection from the pool (formerly model.analytics.keywords, now model.analytics.kpi_creative_daily)
[0m20:57:32.301574 [debug] [Thread-4 (]: Began compiling node model.analytics.kpi_creative_daily
[0m20:57:32.321598 [debug] [Thread-4 (]: On "model.analytics.kpi_creative_daily": cache miss for schema "res-analytics.cortex_facebook_ads", this is inefficient
[0m20:57:32.321979 [debug] [Thread-4 (]: Opening a new connection, currently in state closed
[0m20:57:32.580119 [debug] [Thread-4 (]: On "model.analytics.kpi_creative_daily": cache miss for schema "res-analytics.cortex_facebook_ads", this is inefficient
[0m20:57:32.817224 [debug] [Thread-4 (]: On "model.analytics.kpi_creative_daily": cache miss for schema "res-analytics.cortex_facebook_ads", this is inefficient
[0m20:57:33.018496 [debug] [Thread-4 (]: On "model.analytics.kpi_creative_daily": cache miss for schema "res-analytics.cortex_facebook_ads", this is inefficient
[0m20:57:33.163389 [debug] [Thread-4 (]: On "model.analytics.kpi_creative_daily": cache miss for schema "res-analytics.cortex_google_ads", this is inefficient
[0m20:57:33.382691 [debug] [Thread-4 (]: On "model.analytics.kpi_creative_daily": cache miss for schema "res-analytics.cortex_google_ads", this is inefficient
[0m20:57:33.585611 [debug] [Thread-4 (]: On "model.analytics.kpi_creative_daily": cache miss for schema "res-analytics.cortex_linkedin_ads", this is inefficient
[0m20:57:33.734304 [debug] [Thread-4 (]: On "model.analytics.kpi_creative_daily": cache miss for schema "res-analytics.cortex_linkedin_ads", this is inefficient
[0m20:57:33.919975 [debug] [Thread-4 (]: On "model.analytics.kpi_creative_daily": cache miss for schema "res-analytics.cortex_linkedin_ads", this is inefficient
[0m20:57:34.170289 [debug] [Thread-4 (]: On "model.analytics.kpi_creative_daily": cache miss for schema "res-analytics.cortex_linkedin_ads", this is inefficient
[0m20:57:34.374701 [debug] [Thread-4 (]: On "model.analytics.kpi_creative_daily": cache miss for schema "res-analytics.cortex_linkedin_ads", this is inefficient
[0m20:57:34.553313 [debug] [Thread-4 (]: On "model.analytics.kpi_creative_daily": cache miss for schema "res-analytics.cortex_tiktok_ads", this is inefficient
[0m20:57:34.750422 [debug] [Thread-4 (]: On "model.analytics.kpi_creative_daily": cache miss for schema "res-analytics.cortex_tiktok_ads", this is inefficient
[0m20:57:34.941046 [debug] [Thread-4 (]: On "model.analytics.kpi_creative_daily": cache miss for schema "res-analytics.cortex_bing_ads", this is inefficient
[0m20:57:35.144745 [debug] [Thread-4 (]: On "model.analytics.kpi_creative_daily": cache miss for schema "res-analytics.cortex_bing_ads", this is inefficient
[0m20:57:35.337367 [debug] [Thread-4 (]: Writing injected SQL for node "model.analytics.kpi_creative_daily"
[0m20:57:35.340328 [debug] [Thread-4 (]: Began executing node model.analytics.kpi_creative_daily
[0m20:57:35.342594 [debug] [Thread-4 (]: Finished running node model.analytics.kpi_creative_daily
[0m20:57:35.344486 [debug] [Thread-2 (]: Began running node model.analytics.forecast_accounts_daily
[0m20:57:35.345241 [debug] [Thread-1 (]: Began running node model.analytics.forecast_creative_daily
[0m20:57:35.346334 [debug] [Thread-2 (]: Re-using an available connection from the pool (formerly model.analytics.kpi_keyword_daily, now model.analytics.forecast_accounts_daily)
[0m20:57:35.349340 [debug] [Thread-2 (]: Began compiling node model.analytics.forecast_accounts_daily
[0m20:57:35.348363 [debug] [Thread-1 (]: Re-using an available connection from the pool (formerly model.analytics.ads, now model.analytics.forecast_creative_daily)
[0m20:57:35.357687 [debug] [Thread-2 (]: Writing injected SQL for node "model.analytics.forecast_accounts_daily"
[0m20:57:35.358159 [debug] [Thread-1 (]: Began compiling node model.analytics.forecast_creative_daily
[0m20:57:35.367641 [debug] [Thread-1 (]: Writing injected SQL for node "model.analytics.forecast_creative_daily"
[0m20:57:35.368300 [debug] [Thread-2 (]: Began executing node model.analytics.forecast_accounts_daily
[0m20:57:35.368777 [debug] [Thread-2 (]: Opening a new connection, currently in state closed
[0m20:57:35.369074 [debug] [Thread-1 (]: Began executing node model.analytics.forecast_creative_daily
[0m20:57:35.369614 [debug] [Thread-2 (]: Finished running node model.analytics.forecast_accounts_daily
[0m20:57:35.369876 [debug] [Thread-1 (]: Opening a new connection, currently in state closed
[0m20:57:35.370439 [debug] [Thread-1 (]: Finished running node model.analytics.forecast_creative_daily
[0m20:57:35.371171 [debug] [MainThread]: Connection 'master' was properly closed.
[0m20:57:35.371360 [debug] [MainThread]: Connection 'model.analytics.forecast_creative_daily' was properly closed.
[0m20:57:35.371506 [debug] [MainThread]: Connection 'model.analytics.forecast_accounts_daily' was properly closed.
[0m20:57:35.371721 [debug] [MainThread]: Connection 'model.analytics.geo_campaign_daily' was properly closed.
[0m20:57:35.371949 [debug] [MainThread]: Connection 'model.analytics.kpi_creative_daily' was properly closed.
[0m20:57:35.373446 [debug] [MainThread]: Command end result
[0m20:57:35.423665 [debug] [MainThread]: Wrote artifact WritableManifest to /Users/riley/Documents/GitHub/dbt-lattara-cortex/target/manifest.json
[0m20:57:35.425299 [debug] [MainThread]: Wrote artifact SemanticManifest to /Users/riley/Documents/GitHub/dbt-lattara-cortex/target/semantic_manifest.json
[0m20:57:35.429670 [debug] [MainThread]: Wrote artifact RunExecutionResult to /Users/riley/Documents/GitHub/dbt-lattara-cortex/target/run_results.json
[0m20:57:35.429890 [debug] [MainThread]: Excluded node 'ad_networks' from results
[0m20:57:35.430042 [debug] [MainThread]: Excluded node 'accounts' from results
[0m20:57:35.430162 [debug] [MainThread]: Excluded node 'conversions' from results
[0m20:57:35.430267 [debug] [MainThread]: Excluded node 'campaigns' from results
[0m20:57:35.430367 [debug] [MainThread]: Excluded node 'geo_campaign_daily' from results
[0m20:57:35.430466 [debug] [MainThread]: Excluded node 'adsets' from results
[0m20:57:35.430565 [debug] [MainThread]: Excluded node 'keywords' from results
[0m20:57:35.430662 [debug] [MainThread]: Excluded node 'kpi_keyword_daily' from results
[0m20:57:35.430756 [debug] [MainThread]: Excluded node 'ads' from results
[0m20:57:35.430850 [debug] [MainThread]: Excluded node 'kpi_creative_daily' from results
[0m20:57:35.430944 [debug] [MainThread]: Excluded node 'forecast_accounts_daily' from results
[0m20:57:35.431039 [debug] [MainThread]: Excluded node 'forecast_creative_daily' from results
[0m20:57:35.431409 [warn ] [MainThread]: [[33mWARNING[0m][DeprecationsSummary]: Deprecated functionality
Summary of encountered deprecations:
- CustomKeyInConfigDeprecation: 4 occurrences
- MissingArgumentsPropertyInGenericTestDeprecation: 51 occurrences
To see all deprecation instances instead of just the first occurrence of each,
run command again with the `--show-all-deprecations` flag. You may also need to
run with `--no-partial-parse` as some deprecations are only encountered during
parsing.
[0m20:57:35.434805 [debug] [MainThread]: Resource report: {"command_name": "compile", "command_success": true, "command_wall_clock_time": 14.966645, "process_in_blocks": "0", "process_kernel_time": 1.918074, "process_mem_max_rss": "426885120", "process_out_blocks": "0", "process_user_time": 4.905922}
[0m20:57:35.435106 [debug] [MainThread]: Command `dbt compile` succeeded at 20:57:35.435060 after 14.97 seconds
[0m20:57:35.435318 [debug] [MainThread]: Sending event: {'category': 'dbt', 'action': 'invocation', 'label': 'end', 'context': [<snowplow_tracker.self_describing_json.SelfDescribingJson object at 0x10c1300d0>, <snowplow_tracker.self_describing_json.SelfDescribingJson object at 0x10c0849d0>, <snowplow_tracker.self_describing_json.SelfDescribingJson object at 0x102fc9f90>]}
[0m20:57:35.435502 [debug] [MainThread]: Flushing usage events
[0m20:57:35.956657 [debug] [MainThread]: An error was encountered while trying to flush usage events
[0m20:57:48.557549 [debug] [MainThread]: Sending event: {'category': 'dbt', 'action': 'invocation', 'label': 'start', 'context': [<snowplow_tracker.self_describing_json.SelfDescribingJson object at 0x10b3170d0>, <snowplow_tracker.self_describing_json.SelfDescribingJson object at 0x10dea34d0>, <snowplow_tracker.self_describing_json.SelfDescribingJson object at 0x10df0acd0>]}


============================== 20:57:48.560429 | 54b51e91-beca-458a-9ea6-495aed389e06 ==============================
[0m20:57:48.560429 [info ] [MainThread]: Running with dbt=1.11.2
[0m20:57:48.560818 [debug] [MainThread]: running dbt with arguments {'target_path': 'None', 'log_cache_events': 'False', 'empty': 'False', 'warn_error_options': 'WarnErrorOptionsV2(error=[], warn=[], silence=[])', 'send_anonymous_usage_stats': 'True', 'indirect_selection': 'eager', 'use_experimental_parser': 'False', 'warn_error': 'None', 'no_print': 'None', 'log_format': 'default', 'cache_selected_only': 'False', 'partial_parse': 'True', 'write_json': 'True', 'profiles_dir': '/Users/riley/.dbt', 'static_parser': 'True', 'invocation_command': 'dbt run --select nexus.* --vars {\n  "bq_project_id": "res-analytics",\n  "bq_dataset_id": "com_allied",\n  "organization_id": "allied",\n  "source_facebook_enabled": "true",\n  "source_google_enabled": "true",\n  "source_linkedin_enabled": "true",\n  "source_tiktok_enabled": "true",\n  "source_bingads_enabled": "true"\n}', 'version_check': 'True', 'printer_width': '80', 'quiet': 'False', 'use_colors': 'True', 'fail_fast': 'False', 'debug': 'False', 'log_path': '/Users/riley/Documents/GitHub/dbt-lattara-cortex/logs', 'introspect': 'True'}
[0m20:57:52.287739 [debug] [MainThread]: Sending event: {'category': 'dbt', 'action': 'project_id', 'label': '54b51e91-beca-458a-9ea6-495aed389e06', 'context': [<snowplow_tracker.self_describing_json.SelfDescribingJson object at 0x11da1d690>]}
[0m20:57:52.319326 [debug] [MainThread]: Sending event: {'category': 'dbt', 'action': 'adapter_info', 'label': '54b51e91-beca-458a-9ea6-495aed389e06', 'context': [<snowplow_tracker.self_describing_json.SelfDescribingJson object at 0x10b34d590>]}
[0m20:57:52.319814 [info ] [MainThread]: Registered adapter: bigquery=1.11.0
[0m20:57:52.465269 [debug] [MainThread]: checksum: 3ab203201cc13f8489acfa958c7957190f8623e04947ce399979e4117ce8077e, vars: {'bq_dataset_id': 'com_allied',
 'bq_project_id': 'res-analytics',
 'organization_id': 'allied',
 'source_bingads_enabled': 'true',
 'source_facebook_enabled': 'true',
 'source_google_enabled': 'true',
 'source_linkedin_enabled': 'true',
 'source_tiktok_enabled': 'true'}, profile: , target: , version: 1.11.2
[0m20:57:52.632384 [info ] [MainThread]: Unable to do partial parsing because config vars, config profile, or config target have changed
[0m20:57:52.632712 [debug] [MainThread]: previous checksum: 3ab203201cc13f8489acfa958c7957190f8623e04947ce399979e4117ce8077e, current checksum: 3d40d8bbe1bef07db1c24822f2dbfff8bc07f2a48ed4fe2658a40653aec0b54b
[0m20:57:52.632882 [debug] [MainThread]: Sending event: {'category': 'dbt', 'action': 'partial_parser', 'label': '54b51e91-beca-458a-9ea6-495aed389e06', 'context': [<snowplow_tracker.self_describing_json.SelfDescribingJson object at 0x11df8e090>]}
[0m20:57:52.639783 [warn ] [MainThread]: [[33mWARNING[0m][CustomKeyInConfigDeprecation]: Deprecated functionality
Custom key `+schema` found in `config` at path `seeds[0].config` in file
`seeds/schema.yml`. Custom config keys should move into the `config.meta`.
[0m20:57:52.640018 [debug] [MainThread]: Sending event: {'category': 'dbt', 'action': 'deprecation', 'label': '54b51e91-beca-458a-9ea6-495aed389e06', 'property_': 'warn', 'context': [<snowplow_tracker.self_describing_json.SelfDescribingJson object at 0x11e0d8c10>]}
[0m20:57:53.374001 [warn ] [MainThread]: [[33mWARNING[0m]: Did not find matching node for patch with name 'stg_fivetran_meta__campaigns' in the 'models' section of file 'models/cortex_v2/staging/_fivetran_staging_models.yml'
[0m20:57:53.375601 [warn ] [MainThread]: [[33mWARNING[0m]: Did not find matching node for patch with name 'stg_fivetran_meta__conversions' in the 'models' section of file 'models/cortex_v2/staging/_fivetran_staging_models.yml'
[0m20:57:53.376340 [warn ] [MainThread]: [[33mWARNING[0m]: Did not find matching node for patch with name 'stg_fivetran_google__campaigns' in the 'models' section of file 'models/cortex_v2/staging/_fivetran_staging_models.yml'
[0m20:57:53.377025 [warn ] [MainThread]: [[33mWARNING[0m]: Did not find matching node for patch with name 'stg_fivetran_google__conversions' in the 'models' section of file 'models/cortex_v2/staging/_fivetran_staging_models.yml'
[0m20:57:53.377736 [warn ] [MainThread]: [[33mWARNING[0m]: Did not find matching node for patch with name 'stg_fivetran_linkedin__campaigns' in the 'models' section of file 'models/cortex_v2/staging/_fivetran_staging_models.yml'
[0m20:57:53.378644 [warn ] [MainThread]: [[33mWARNING[0m]: Did not find matching node for patch with name 'stg_fivetran_tiktok__campaigns' in the 'models' section of file 'models/cortex_v2/staging/_fivetran_staging_models.yml'
[0m20:57:53.428716 [warn ] [MainThread]: [[33mWARNING[0m]: Did not find matching node for patch with name 'campaign_performance' in the 'models' section of file 'models/cortex_v2/marts/_mart_models.yml'
[0m20:57:53.429648 [warn ] [MainThread]: [[33mWARNING[0m]: Did not find matching node for patch with name 'ad_group_performance' in the 'models' section of file 'models/cortex_v2/marts/_mart_models.yml'
[0m20:57:53.430351 [warn ] [MainThread]: [[33mWARNING[0m]: Did not find matching node for patch with name 'ad_performance' in the 'models' section of file 'models/cortex_v2/marts/_mart_models.yml'
[0m20:57:53.431676 [warn ] [MainThread]: [[33mWARNING[0m]: Did not find matching node for patch with name 'creative_fatigue' in the 'models' section of file 'models/cortex_v2/marts/_mart_models.yml'
[0m20:57:53.433181 [warn ] [MainThread]: [[33mWARNING[0m]: Did not find matching node for patch with name 'creative_performance' in the 'models' section of file 'models/cortex_v2/marts/_mart_models.yml'
[0m20:57:53.434667 [warn ] [MainThread]: [[33mWARNING[0m]: Did not find matching node for patch with name 'audience_performance' in the 'models' section of file 'models/cortex_v2/marts/_mart_models.yml'
[0m20:57:53.451359 [warn ] [MainThread]: [[33mWARNING[0m][MissingArgumentsPropertyInGenericTestDeprecation]: Deprecated
functionality
Found top-level arguments to test `accepted_values` defined on
'campaign_performance' in package 'analytics'
(models/cortex_v2/marts/_mart_models.yml). Arguments to generic tests should be
nested under the `arguments` property.
[0m20:57:53.451728 [debug] [MainThread]: Sending event: {'category': 'dbt', 'action': 'deprecation', 'label': '54b51e91-beca-458a-9ea6-495aed389e06', 'property_': 'warn', 'context': [<snowplow_tracker.self_describing_json.SelfDescribingJson object at 0x11e090f10>]}
[0m20:57:53.554981 [warn ] [MainThread]: [[33mWARNING[0m]: Did not find matching node for patch with name 'int_campaigns_unified' in the 'models' section of file 'models/cortex_v2/intermediate/_intermediate_models.yml'
[0m20:57:53.555730 [warn ] [MainThread]: [[33mWARNING[0m]: Did not find matching node for patch with name 'int_ad_groups_unified' in the 'models' section of file 'models/cortex_v2/intermediate/_intermediate_models.yml'
[0m20:57:53.556281 [warn ] [MainThread]: [[33mWARNING[0m]: Did not find matching node for patch with name 'int_ads_unified' in the 'models' section of file 'models/cortex_v2/intermediate/_intermediate_models.yml'
[0m20:57:53.556876 [warn ] [MainThread]: [[33mWARNING[0m]: Did not find matching node for patch with name 'int_fivetran_campaigns_unified' in the 'models' section of file 'models/cortex_v2/intermediate/_intermediate_models.yml'
[0m20:57:53.557405 [warn ] [MainThread]: [[33mWARNING[0m]: Did not find matching node for patch with name 'int_fivetran_conversions' in the 'models' section of file 'models/cortex_v2/intermediate/_intermediate_models.yml'
[0m20:57:53.663784 [warn ] [MainThread]: [[33mWARNING[0m]: Test 'test.analytics.not_null_stg_fivetran_meta__campaigns_account_id.7a730ac599' (models/cortex_v2/staging/_fivetran_staging_models.yml) depends on a node named 'stg_fivetran_meta__campaigns' in package '' which was not found
[0m20:57:53.664134 [warn ] [MainThread]: [[33mWARNING[0m]: Test 'test.analytics.not_null_stg_fivetran_meta__campaigns_campaign_id.76664f170f' (models/cortex_v2/staging/_fivetran_staging_models.yml) depends on a node named 'stg_fivetran_meta__campaigns' in package '' which was not found
[0m20:57:53.664298 [warn ] [MainThread]: [[33mWARNING[0m]: Test 'test.analytics.not_null_stg_fivetran_meta__campaigns_date.d107bad4c1' (models/cortex_v2/staging/_fivetran_staging_models.yml) depends on a node named 'stg_fivetran_meta__campaigns' in package '' which was not found
[0m20:57:53.664446 [warn ] [MainThread]: [[33mWARNING[0m]: Test 'test.analytics.not_null_stg_fivetran_meta__conversions_campaign_id.b52e62dfb7' (models/cortex_v2/staging/_fivetran_staging_models.yml) depends on a node named 'stg_fivetran_meta__conversions' in package '' which was not found
[0m20:57:53.664588 [warn ] [MainThread]: [[33mWARNING[0m]: Test 'test.analytics.not_null_stg_fivetran_meta__conversions_date.939fb3be07' (models/cortex_v2/staging/_fivetran_staging_models.yml) depends on a node named 'stg_fivetran_meta__conversions' in package '' which was not found
[0m20:57:53.664728 [warn ] [MainThread]: [[33mWARNING[0m]: Test 'test.analytics.not_null_stg_fivetran_meta__conversions_event_name.05866163e5' (models/cortex_v2/staging/_fivetran_staging_models.yml) depends on a node named 'stg_fivetran_meta__conversions' in package '' which was not found
[0m20:57:53.664868 [warn ] [MainThread]: [[33mWARNING[0m]: Test 'test.analytics.not_null_stg_fivetran_google__campaigns_account_id.83e94ebf77' (models/cortex_v2/staging/_fivetran_staging_models.yml) depends on a node named 'stg_fivetran_google__campaigns' in package '' which was not found
[0m20:57:53.665009 [warn ] [MainThread]: [[33mWARNING[0m]: Test 'test.analytics.not_null_stg_fivetran_google__campaigns_campaign_id.049fc1c501' (models/cortex_v2/staging/_fivetran_staging_models.yml) depends on a node named 'stg_fivetran_google__campaigns' in package '' which was not found
[0m20:57:53.665147 [warn ] [MainThread]: [[33mWARNING[0m]: Test 'test.analytics.not_null_stg_fivetran_google__campaigns_date.53c117304f' (models/cortex_v2/staging/_fivetran_staging_models.yml) depends on a node named 'stg_fivetran_google__campaigns' in package '' which was not found
[0m20:57:53.665315 [warn ] [MainThread]: [[33mWARNING[0m]: Test 'test.analytics.not_null_stg_fivetran_google__conversions_campaign_id.3d08f914c2' (models/cortex_v2/staging/_fivetran_staging_models.yml) depends on a node named 'stg_fivetran_google__conversions' in package '' which was not found
[0m20:57:53.665743 [warn ] [MainThread]: [[33mWARNING[0m]: Test 'test.analytics.not_null_stg_fivetran_google__conversions_date.36a1bbabe4' (models/cortex_v2/staging/_fivetran_staging_models.yml) depends on a node named 'stg_fivetran_google__conversions' in package '' which was not found
[0m20:57:53.665930 [warn ] [MainThread]: [[33mWARNING[0m]: Test 'test.analytics.not_null_stg_fivetran_google__conversions_event_name.77c79327b2' (models/cortex_v2/staging/_fivetran_staging_models.yml) depends on a node named 'stg_fivetran_google__conversions' in package '' which was not found
[0m20:57:53.666087 [warn ] [MainThread]: [[33mWARNING[0m]: Test 'test.analytics.not_null_stg_fivetran_linkedin__campaigns_account_id.5472043634' (models/cortex_v2/staging/_fivetran_staging_models.yml) depends on a node named 'stg_fivetran_linkedin__campaigns' in package '' which was not found
[0m20:57:53.666233 [warn ] [MainThread]: [[33mWARNING[0m]: Test 'test.analytics.not_null_stg_fivetran_linkedin__campaigns_campaign_id.f906eb9a41' (models/cortex_v2/staging/_fivetran_staging_models.yml) depends on a node named 'stg_fivetran_linkedin__campaigns' in package '' which was not found
[0m20:57:53.666389 [warn ] [MainThread]: [[33mWARNING[0m]: Test 'test.analytics.not_null_stg_fivetran_linkedin__campaigns_date.a9eb0a1fab' (models/cortex_v2/staging/_fivetran_staging_models.yml) depends on a node named 'stg_fivetran_linkedin__campaigns' in package '' which was not found
[0m20:57:53.666611 [warn ] [MainThread]: [[33mWARNING[0m]: Test 'test.analytics.not_null_stg_fivetran_tiktok__campaigns_account_id.0ac458d45f' (models/cortex_v2/staging/_fivetran_staging_models.yml) depends on a node named 'stg_fivetran_tiktok__campaigns' in package '' which was not found
[0m20:57:53.666829 [warn ] [MainThread]: [[33mWARNING[0m]: Test 'test.analytics.not_null_stg_fivetran_tiktok__campaigns_campaign_id.1aea0f2317' (models/cortex_v2/staging/_fivetran_staging_models.yml) depends on a node named 'stg_fivetran_tiktok__campaigns' in package '' which was not found
[0m20:57:53.667015 [warn ] [MainThread]: [[33mWARNING[0m]: Test 'test.analytics.not_null_stg_fivetran_tiktok__campaigns_date.24abfabc59' (models/cortex_v2/staging/_fivetran_staging_models.yml) depends on a node named 'stg_fivetran_tiktok__campaigns' in package '' which was not found
[0m20:57:53.667199 [warn ] [MainThread]: [[33mWARNING[0m]: Test 'test.analytics.not_null_campaign_performance_account_id.012a1ba74b' (models/cortex_v2/marts/_mart_models.yml) depends on a node named 'campaign_performance' in package '' which was not found
[0m20:57:53.667354 [warn ] [MainThread]: [[33mWARNING[0m]: Test 'test.analytics.not_null_campaign_performance_source_platform.1e320588c8' (models/cortex_v2/marts/_mart_models.yml) depends on a node named 'campaign_performance' in package '' which was not found
[0m20:57:53.667505 [warn ] [MainThread]: [[33mWARNING[0m]: Test 'test.analytics.accepted_values_campaign_performance_source_platform__google_ads__meta_ads__linkedin_ads.64338a201c' (models/cortex_v2/marts/_mart_models.yml) depends on a node named 'campaign_performance' in package '' which was not found
[0m20:57:53.667677 [warn ] [MainThread]: [[33mWARNING[0m]: Test 'test.analytics.not_null_campaign_performance_campaign_id.77cfe3848c' (models/cortex_v2/marts/_mart_models.yml) depends on a node named 'campaign_performance' in package '' which was not found
[0m20:57:53.667813 [warn ] [MainThread]: [[33mWARNING[0m]: Test 'test.analytics.not_null_campaign_performance_date.a6d7f3618a' (models/cortex_v2/marts/_mart_models.yml) depends on a node named 'campaign_performance' in package '' which was not found
[0m20:57:53.667968 [warn ] [MainThread]: [[33mWARNING[0m]: Test 'test.analytics.dbt_expectations_expect_column_values_to_be_between_campaign_performance_impressions__0.b744476b6c' (models/cortex_v2/marts/_mart_models.yml) depends on a node named 'campaign_performance' in package '' which was not found
[0m20:57:53.668110 [warn ] [MainThread]: [[33mWARNING[0m]: Test 'test.analytics.dbt_expectations_expect_column_values_to_be_between_campaign_performance_clicks__0.21125e8580' (models/cortex_v2/marts/_mart_models.yml) depends on a node named 'campaign_performance' in package '' which was not found
[0m20:57:53.668250 [warn ] [MainThread]: [[33mWARNING[0m]: Test 'test.analytics.dbt_expectations_expect_column_values_to_be_between_campaign_performance_spend__0.ae1f2a73cb' (models/cortex_v2/marts/_mart_models.yml) depends on a node named 'campaign_performance' in package '' which was not found
[0m20:57:53.668387 [warn ] [MainThread]: [[33mWARNING[0m]: Test 'test.analytics.dbt_expectations_expect_column_values_to_be_between_campaign_performance_ctr__100__0.df9d162c98' (models/cortex_v2/marts/_mart_models.yml) depends on a node named 'campaign_performance' in package '' which was not found
[0m20:57:53.668523 [warn ] [MainThread]: [[33mWARNING[0m]: Test 'test.analytics.dbt_expectations_expect_column_values_to_be_between_campaign_performance_roas__0.982e5dea56' (models/cortex_v2/marts/_mart_models.yml) depends on a node named 'campaign_performance' in package '' which was not found
[0m20:57:53.668660 [warn ] [MainThread]: [[33mWARNING[0m]: Test 'test.analytics.not_null_ad_group_performance_account_id.dac7662915' (models/cortex_v2/marts/_mart_models.yml) depends on a node named 'ad_group_performance' in package '' which was not found
[0m20:57:53.668798 [warn ] [MainThread]: [[33mWARNING[0m]: Test 'test.analytics.not_null_ad_group_performance_source_platform.cbf57569d8' (models/cortex_v2/marts/_mart_models.yml) depends on a node named 'ad_group_performance' in package '' which was not found
[0m20:57:53.668945 [warn ] [MainThread]: [[33mWARNING[0m]: Test 'test.analytics.accepted_values_ad_group_performance_source_platform__google_ads__meta_ads__linkedin_ads.53343107fd' (models/cortex_v2/marts/_mart_models.yml) depends on a node named 'ad_group_performance' in package '' which was not found
[0m20:57:53.669083 [warn ] [MainThread]: [[33mWARNING[0m]: Test 'test.analytics.not_null_ad_group_performance_campaign_id.e3c1e29376' (models/cortex_v2/marts/_mart_models.yml) depends on a node named 'ad_group_performance' in package '' which was not found
[0m20:57:53.669222 [warn ] [MainThread]: [[33mWARNING[0m]: Test 'test.analytics.not_null_ad_group_performance_ad_group_id.f2dc4cc74e' (models/cortex_v2/marts/_mart_models.yml) depends on a node named 'ad_group_performance' in package '' which was not found
[0m20:57:53.669385 [warn ] [MainThread]: [[33mWARNING[0m]: Test 'test.analytics.not_null_ad_group_performance_date.d3d723d869' (models/cortex_v2/marts/_mart_models.yml) depends on a node named 'ad_group_performance' in package '' which was not found
[0m20:57:53.669523 [warn ] [MainThread]: [[33mWARNING[0m]: Test 'test.analytics.dbt_expectations_expect_column_values_to_be_between_ad_group_performance_impressions__0.cd8f51e5e8' (models/cortex_v2/marts/_mart_models.yml) depends on a node named 'ad_group_performance' in package '' which was not found
[0m20:57:53.669667 [warn ] [MainThread]: [[33mWARNING[0m]: Test 'test.analytics.dbt_expectations_expect_column_values_to_be_between_ad_group_performance_spend__0.c9c255489a' (models/cortex_v2/marts/_mart_models.yml) depends on a node named 'ad_group_performance' in package '' which was not found
[0m20:57:53.669801 [warn ] [MainThread]: [[33mWARNING[0m]: Test 'test.analytics.not_null_ad_performance_account_id.37d577f3f3' (models/cortex_v2/marts/_mart_models.yml) depends on a node named 'ad_performance' in package '' which was not found
[0m20:57:53.669943 [warn ] [MainThread]: [[33mWARNING[0m]: Test 'test.analytics.not_null_ad_performance_source_platform.d2469c673c' (models/cortex_v2/marts/_mart_models.yml) depends on a node named 'ad_performance' in package '' which was not found
[0m20:57:53.670088 [warn ] [MainThread]: [[33mWARNING[0m]: Test 'test.analytics.accepted_values_ad_performance_source_platform__google_ads__meta_ads__linkedin_ads.6a6cc44a4c' (models/cortex_v2/marts/_mart_models.yml) depends on a node named 'ad_performance' in package '' which was not found
[0m20:57:53.670229 [warn ] [MainThread]: [[33mWARNING[0m]: Test 'test.analytics.not_null_ad_performance_campaign_id.f00878f642' (models/cortex_v2/marts/_mart_models.yml) depends on a node named 'ad_performance' in package '' which was not found
[0m20:57:53.670423 [warn ] [MainThread]: [[33mWARNING[0m]: Test 'test.analytics.not_null_ad_performance_ad_group_id.328e934d82' (models/cortex_v2/marts/_mart_models.yml) depends on a node named 'ad_performance' in package '' which was not found
[0m20:57:53.670572 [warn ] [MainThread]: [[33mWARNING[0m]: Test 'test.analytics.not_null_ad_performance_ad_id.45b38f8190' (models/cortex_v2/marts/_mart_models.yml) depends on a node named 'ad_performance' in package '' which was not found
[0m20:57:53.670723 [warn ] [MainThread]: [[33mWARNING[0m]: Test 'test.analytics.not_null_ad_performance_date.c55dae1cab' (models/cortex_v2/marts/_mart_models.yml) depends on a node named 'ad_performance' in package '' which was not found
[0m20:57:53.670862 [warn ] [MainThread]: [[33mWARNING[0m]: Test 'test.analytics.dbt_expectations_expect_column_values_to_be_between_ad_performance_impressions__0.6dc4dd13d6' (models/cortex_v2/marts/_mart_models.yml) depends on a node named 'ad_performance' in package '' which was not found
[0m20:57:53.671025 [warn ] [MainThread]: [[33mWARNING[0m]: Test 'test.analytics.dbt_expectations_expect_column_values_to_be_between_ad_performance_spend__0.ce81252396' (models/cortex_v2/marts/_mart_models.yml) depends on a node named 'ad_performance' in package '' which was not found
[0m20:57:53.671167 [warn ] [MainThread]: [[33mWARNING[0m]: Test 'test.analytics.not_null_creative_fatigue_account_id.cdb8690c63' (models/cortex_v2/marts/_mart_models.yml) depends on a node named 'creative_fatigue' in package '' which was not found
[0m20:57:53.671308 [warn ] [MainThread]: [[33mWARNING[0m]: Test 'test.analytics.not_null_creative_fatigue_ad_id.8489735373' (models/cortex_v2/marts/_mart_models.yml) depends on a node named 'creative_fatigue' in package '' which was not found
[0m20:57:53.671571 [warn ] [MainThread]: [[33mWARNING[0m]: Test 'test.analytics.not_null_creative_fatigue_source_platform.66103d2161' (models/cortex_v2/marts/_mart_models.yml) depends on a node named 'creative_fatigue' in package '' which was not found
[0m20:57:53.671752 [warn ] [MainThread]: [[33mWARNING[0m]: Test 'test.analytics.accepted_values_creative_fatigue_source_platform__google_ads__meta_ads__linkedin_ads.780cea669b' (models/cortex_v2/marts/_mart_models.yml) depends on a node named 'creative_fatigue' in package '' which was not found
[0m20:57:53.671916 [warn ] [MainThread]: [[33mWARNING[0m]: Test 'test.analytics.not_null_creative_fatigue_date.99d5ba2540' (models/cortex_v2/marts/_mart_models.yml) depends on a node named 'creative_fatigue' in package '' which was not found
[0m20:57:53.672070 [warn ] [MainThread]: [[33mWARNING[0m]: Test 'test.analytics.dbt_expectations_expect_column_values_to_be_between_creative_fatigue_impressions__100.28fb53b254' (models/cortex_v2/marts/_mart_models.yml) depends on a node named 'creative_fatigue' in package '' which was not found
[0m20:57:53.672221 [warn ] [MainThread]: [[33mWARNING[0m]: Test 'test.analytics.dbt_expectations_expect_column_values_to_be_between_creative_fatigue_clicks__0.5b420934ee' (models/cortex_v2/marts/_mart_models.yml) depends on a node named 'creative_fatigue' in package '' which was not found
[0m20:57:53.672395 [warn ] [MainThread]: [[33mWARNING[0m]: Test 'test.analytics.dbt_expectations_expect_column_values_to_be_between_creative_fatigue_spend__0.ef9503cb4c' (models/cortex_v2/marts/_mart_models.yml) depends on a node named 'creative_fatigue' in package '' which was not found
[0m20:57:53.672542 [warn ] [MainThread]: [[33mWARNING[0m]: Test 'test.analytics.dbt_expectations_expect_column_values_to_be_between_creative_fatigue_ctr__100__0.ac5c1a8023' (models/cortex_v2/marts/_mart_models.yml) depends on a node named 'creative_fatigue' in package '' which was not found
[0m20:57:53.672690 [warn ] [MainThread]: [[33mWARNING[0m]: Test 'test.analytics.dbt_expectations_expect_column_values_to_be_between_creative_fatigue_ctr_7day_avg__100__0.c2acadb6d6' (models/cortex_v2/marts/_mart_models.yml) depends on a node named 'creative_fatigue' in package '' which was not found
[0m20:57:53.672844 [warn ] [MainThread]: [[33mWARNING[0m]: Test 'test.analytics.dbt_expectations_expect_column_values_to_be_between_creative_fatigue_baseline_ctr__100__0.db77b591eb' (models/cortex_v2/marts/_mart_models.yml) depends on a node named 'creative_fatigue' in package '' which was not found
[0m20:57:53.672992 [warn ] [MainThread]: [[33mWARNING[0m]: Test 'test.analytics.dbt_expectations_expect_column_values_to_be_between_creative_fatigue_ctr_change_pct__10___1.c9d997617a' (models/cortex_v2/marts/_mart_models.yml) depends on a node named 'creative_fatigue' in package '' which was not found
[0m20:57:53.673216 [warn ] [MainThread]: [[33mWARNING[0m]: Test 'test.analytics.not_null_creative_fatigue_fatigue_status.aaa694c3b4' (models/cortex_v2/marts/_mart_models.yml) depends on a node named 'creative_fatigue' in package '' which was not found
[0m20:57:53.673368 [warn ] [MainThread]: [[33mWARNING[0m]: Test 'test.analytics.accepted_values_creative_fatigue_fatigue_status__FATIGUED__WARNING__HEALTHY.9a9f068e72' (models/cortex_v2/marts/_mart_models.yml) depends on a node named 'creative_fatigue' in package '' which was not found
[0m20:57:53.673507 [warn ] [MainThread]: [[33mWARNING[0m]: Test 'test.analytics.not_null_creative_performance_account_id.2fd73e70fb' (models/cortex_v2/marts/_mart_models.yml) depends on a node named 'creative_performance' in package '' which was not found
[0m20:57:53.673649 [warn ] [MainThread]: [[33mWARNING[0m]: Test 'test.analytics.not_null_creative_performance_ad_id.8262dca89b' (models/cortex_v2/marts/_mart_models.yml) depends on a node named 'creative_performance' in package '' which was not found
[0m20:57:53.673800 [warn ] [MainThread]: [[33mWARNING[0m]: Test 'test.analytics.not_null_creative_performance_source_platform.970c191c0e' (models/cortex_v2/marts/_mart_models.yml) depends on a node named 'creative_performance' in package '' which was not found
[0m20:57:53.673934 [warn ] [MainThread]: [[33mWARNING[0m]: Test 'test.analytics.accepted_values_creative_performance_source_platform__google_ads__meta_ads__linkedin_ads.daf4217a01' (models/cortex_v2/marts/_mart_models.yml) depends on a node named 'creative_performance' in package '' which was not found
[0m20:57:53.674069 [warn ] [MainThread]: [[33mWARNING[0m]: Test 'test.analytics.dbt_expectations_expect_column_values_to_be_between_creative_performance_total_impressions__0.0f18650691' (models/cortex_v2/marts/_mart_models.yml) depends on a node named 'creative_performance' in package '' which was not found
[0m20:57:53.674205 [warn ] [MainThread]: [[33mWARNING[0m]: Test 'test.analytics.dbt_expectations_expect_column_values_to_be_between_creative_performance_total_clicks__0.8dbe232b9e' (models/cortex_v2/marts/_mart_models.yml) depends on a node named 'creative_performance' in package '' which was not found
[0m20:57:53.674340 [warn ] [MainThread]: [[33mWARNING[0m]: Test 'test.analytics.dbt_expectations_expect_column_values_to_be_between_creative_performance_total_spend__0.8ec34f839c' (models/cortex_v2/marts/_mart_models.yml) depends on a node named 'creative_performance' in package '' which was not found
[0m20:57:53.674472 [warn ] [MainThread]: [[33mWARNING[0m]: Test 'test.analytics.dbt_expectations_expect_column_values_to_be_between_creative_performance_total_conversions__0.77c0038b0f' (models/cortex_v2/marts/_mart_models.yml) depends on a node named 'creative_performance' in package '' which was not found
[0m20:57:53.674607 [warn ] [MainThread]: [[33mWARNING[0m]: Test 'test.analytics.dbt_expectations_expect_column_values_to_be_between_creative_performance_ctr__100__0.6788b246ec' (models/cortex_v2/marts/_mart_models.yml) depends on a node named 'creative_performance' in package '' which was not found
[0m20:57:53.674741 [warn ] [MainThread]: [[33mWARNING[0m]: Test 'test.analytics.dbt_expectations_expect_column_values_to_be_between_creative_performance_roas__0.e3eef45bfb' (models/cortex_v2/marts/_mart_models.yml) depends on a node named 'creative_performance' in package '' which was not found
[0m20:57:53.674872 [warn ] [MainThread]: [[33mWARNING[0m]: Test 'test.analytics.not_null_creative_performance_first_seen_date.1a7661c39a' (models/cortex_v2/marts/_mart_models.yml) depends on a node named 'creative_performance' in package '' which was not found
[0m20:57:53.675002 [warn ] [MainThread]: [[33mWARNING[0m]: Test 'test.analytics.not_null_creative_performance_last_active_date.af004a8cab' (models/cortex_v2/marts/_mart_models.yml) depends on a node named 'creative_performance' in package '' which was not found
[0m20:57:53.675146 [warn ] [MainThread]: [[33mWARNING[0m]: Test 'test.analytics.not_null_creative_performance_fatigue_status.63d52cba4e' (models/cortex_v2/marts/_mart_models.yml) depends on a node named 'creative_performance' in package '' which was not found
[0m20:57:53.675288 [warn ] [MainThread]: [[33mWARNING[0m]: Test 'test.analytics.accepted_values_creative_performance_fatigue_status__FATIGUED__WARNING__HEALTHY__UNKNOWN.9c52b883ed' (models/cortex_v2/marts/_mart_models.yml) depends on a node named 'creative_performance' in package '' which was not found
[0m20:57:53.675441 [warn ] [MainThread]: [[33mWARNING[0m]: Test 'test.analytics.not_null_audience_performance_account_id.f57003994d' (models/cortex_v2/marts/_mart_models.yml) depends on a node named 'audience_performance' in package '' which was not found
[0m20:57:53.675573 [warn ] [MainThread]: [[33mWARNING[0m]: Test 'test.analytics.not_null_audience_performance_source_platform.5160d84e1c' (models/cortex_v2/marts/_mart_models.yml) depends on a node named 'audience_performance' in package '' which was not found
[0m20:57:53.675705 [warn ] [MainThread]: [[33mWARNING[0m]: Test 'test.analytics.accepted_values_audience_performance_source_platform__GOOGLE_ADS__META_ADS__LINKEDIN_ADS.d16505818b' (models/cortex_v2/marts/_mart_models.yml) depends on a node named 'audience_performance' in package '' which was not found
[0m20:57:53.675835 [warn ] [MainThread]: [[33mWARNING[0m]: Test 'test.analytics.not_null_audience_performance_campaign_id.135625fccc' (models/cortex_v2/marts/_mart_models.yml) depends on a node named 'audience_performance' in package '' which was not found
[0m20:57:53.675966 [warn ] [MainThread]: [[33mWARNING[0m]: Test 'test.analytics.not_null_audience_performance_demographic_type.f300e98b6b' (models/cortex_v2/marts/_mart_models.yml) depends on a node named 'audience_performance' in package '' which was not found
[0m20:57:53.676101 [warn ] [MainThread]: [[33mWARNING[0m]: Test 'test.analytics.accepted_values_audience_performance_demographic_type__age__gender__location__device__company_size__seniority__industry.05ef083c21' (models/cortex_v2/marts/_mart_models.yml) depends on a node named 'audience_performance' in package '' which was not found
[0m20:57:53.676238 [warn ] [MainThread]: [[33mWARNING[0m]: Test 'test.analytics.not_null_audience_performance_demographic_value.c303562574' (models/cortex_v2/marts/_mart_models.yml) depends on a node named 'audience_performance' in package '' which was not found
[0m20:57:53.676391 [warn ] [MainThread]: [[33mWARNING[0m]: Test 'test.analytics.not_null_audience_performance_date.881d1babb4' (models/cortex_v2/marts/_mart_models.yml) depends on a node named 'audience_performance' in package '' which was not found
[0m20:57:53.676520 [warn ] [MainThread]: [[33mWARNING[0m]: Test 'test.analytics.dbt_expectations_expect_column_values_to_be_between_audience_performance_impressions__0.7ad963a49c' (models/cortex_v2/marts/_mart_models.yml) depends on a node named 'audience_performance' in package '' which was not found
[0m20:57:53.676653 [warn ] [MainThread]: [[33mWARNING[0m]: Test 'test.analytics.dbt_expectations_expect_column_values_to_be_between_audience_performance_clicks__0.d4ab628b89' (models/cortex_v2/marts/_mart_models.yml) depends on a node named 'audience_performance' in package '' which was not found
[0m20:57:53.676789 [warn ] [MainThread]: [[33mWARNING[0m]: Test 'test.analytics.dbt_expectations_expect_column_values_to_be_between_audience_performance_spend__0.4404a0021f' (models/cortex_v2/marts/_mart_models.yml) depends on a node named 'audience_performance' in package '' which was not found
[0m20:57:53.676921 [warn ] [MainThread]: [[33mWARNING[0m]: Test 'test.analytics.dbt_expectations_expect_column_values_to_be_between_audience_performance_conversions__0.66084d90ad' (models/cortex_v2/marts/_mart_models.yml) depends on a node named 'audience_performance' in package '' which was not found
[0m20:57:53.677056 [warn ] [MainThread]: [[33mWARNING[0m]: Test 'test.analytics.dbt_expectations_expect_column_values_to_be_between_audience_performance_conversion_value__0.29fe78646c' (models/cortex_v2/marts/_mart_models.yml) depends on a node named 'audience_performance' in package '' which was not found
[0m20:57:53.677187 [warn ] [MainThread]: [[33mWARNING[0m]: Test 'test.analytics.dbt_expectations_expect_column_values_to_be_between_audience_performance_ctr__100__0.896529f411' (models/cortex_v2/marts/_mart_models.yml) depends on a node named 'audience_performance' in package '' which was not found
[0m20:57:53.677321 [warn ] [MainThread]: [[33mWARNING[0m]: Test 'test.analytics.dbt_expectations_expect_column_values_to_be_between_audience_performance_cpc__0.1be3b90f80' (models/cortex_v2/marts/_mart_models.yml) depends on a node named 'audience_performance' in package '' which was not found
[0m20:57:53.677455 [warn ] [MainThread]: [[33mWARNING[0m]: Test 'test.analytics.dbt_expectations_expect_column_values_to_be_between_audience_performance_cpa__0.88341c58e3' (models/cortex_v2/marts/_mart_models.yml) depends on a node named 'audience_performance' in package '' which was not found
[0m20:57:53.677592 [warn ] [MainThread]: [[33mWARNING[0m]: Test 'test.analytics.dbt_expectations_expect_column_values_to_be_between_audience_performance_roas__0.7cdb6de017' (models/cortex_v2/marts/_mart_models.yml) depends on a node named 'audience_performance' in package '' which was not found
[0m20:57:53.677757 [warn ] [MainThread]: [[33mWARNING[0m]: Test 'test.analytics.not_null_int_campaigns_unified_account_id.a949359a77' (models/cortex_v2/intermediate/_intermediate_models.yml) depends on a node named 'int_campaigns_unified' in package '' which was not found
[0m20:57:53.677892 [warn ] [MainThread]: [[33mWARNING[0m]: Test 'test.analytics.not_null_int_campaigns_unified_campaign_id.d15fb20e9e' (models/cortex_v2/intermediate/_intermediate_models.yml) depends on a node named 'int_campaigns_unified' in package '' which was not found
[0m20:57:53.678024 [warn ] [MainThread]: [[33mWARNING[0m]: Test 'test.analytics.not_null_int_campaigns_unified_date.066b46a02b' (models/cortex_v2/intermediate/_intermediate_models.yml) depends on a node named 'int_campaigns_unified' in package '' which was not found
[0m20:57:53.678156 [warn ] [MainThread]: [[33mWARNING[0m]: Test 'test.analytics.not_null_int_campaigns_unified_source_platform.98f63da956' (models/cortex_v2/intermediate/_intermediate_models.yml) depends on a node named 'int_campaigns_unified' in package '' which was not found
[0m20:57:53.678290 [warn ] [MainThread]: [[33mWARNING[0m]: Test 'test.analytics.accepted_values_int_campaigns_unified_source_platform__google_ads__meta_ads__linkedin_ads.4e0b7e765d' (models/cortex_v2/intermediate/_intermediate_models.yml) depends on a node named 'int_campaigns_unified' in package '' which was not found
[0m20:57:53.678423 [warn ] [MainThread]: [[33mWARNING[0m]: Test 'test.analytics.not_null_int_ad_groups_unified_account_id.fe5ee808b0' (models/cortex_v2/intermediate/_intermediate_models.yml) depends on a node named 'int_ad_groups_unified' in package '' which was not found
[0m20:57:53.678552 [warn ] [MainThread]: [[33mWARNING[0m]: Test 'test.analytics.not_null_int_ad_groups_unified_campaign_id.a711d0c6ed' (models/cortex_v2/intermediate/_intermediate_models.yml) depends on a node named 'int_ad_groups_unified' in package '' which was not found
[0m20:57:53.678688 [warn ] [MainThread]: [[33mWARNING[0m]: Test 'test.analytics.not_null_int_ad_groups_unified_ad_group_id.dbef03c0d7' (models/cortex_v2/intermediate/_intermediate_models.yml) depends on a node named 'int_ad_groups_unified' in package '' which was not found
[0m20:57:53.678817 [warn ] [MainThread]: [[33mWARNING[0m]: Test 'test.analytics.not_null_int_ad_groups_unified_date.8be5154544' (models/cortex_v2/intermediate/_intermediate_models.yml) depends on a node named 'int_ad_groups_unified' in package '' which was not found
[0m20:57:53.678947 [warn ] [MainThread]: [[33mWARNING[0m]: Test 'test.analytics.not_null_int_ad_groups_unified_source_platform.136e748623' (models/cortex_v2/intermediate/_intermediate_models.yml) depends on a node named 'int_ad_groups_unified' in package '' which was not found
[0m20:57:53.679080 [warn ] [MainThread]: [[33mWARNING[0m]: Test 'test.analytics.accepted_values_int_ad_groups_unified_source_platform__google_ads__meta_ads__linkedin_ads.ead124c9ea' (models/cortex_v2/intermediate/_intermediate_models.yml) depends on a node named 'int_ad_groups_unified' in package '' which was not found
[0m20:57:53.679217 [warn ] [MainThread]: [[33mWARNING[0m]: Test 'test.analytics.not_null_int_ads_unified_account_id.e32fc3cac9' (models/cortex_v2/intermediate/_intermediate_models.yml) depends on a node named 'int_ads_unified' in package '' which was not found
[0m20:57:53.679347 [warn ] [MainThread]: [[33mWARNING[0m]: Test 'test.analytics.not_null_int_ads_unified_campaign_id.6d55b7658f' (models/cortex_v2/intermediate/_intermediate_models.yml) depends on a node named 'int_ads_unified' in package '' which was not found
[0m20:57:53.679478 [warn ] [MainThread]: [[33mWARNING[0m]: Test 'test.analytics.not_null_int_ads_unified_ad_group_id.95b8a97b0e' (models/cortex_v2/intermediate/_intermediate_models.yml) depends on a node named 'int_ads_unified' in package '' which was not found
[0m20:57:53.679607 [warn ] [MainThread]: [[33mWARNING[0m]: Test 'test.analytics.not_null_int_ads_unified_ad_id.fa06b94b63' (models/cortex_v2/intermediate/_intermediate_models.yml) depends on a node named 'int_ads_unified' in package '' which was not found
[0m20:57:53.679741 [warn ] [MainThread]: [[33mWARNING[0m]: Test 'test.analytics.not_null_int_ads_unified_date.653817fd22' (models/cortex_v2/intermediate/_intermediate_models.yml) depends on a node named 'int_ads_unified' in package '' which was not found
[0m20:57:53.679874 [warn ] [MainThread]: [[33mWARNING[0m]: Test 'test.analytics.not_null_int_ads_unified_source_platform.3fee8e953a' (models/cortex_v2/intermediate/_intermediate_models.yml) depends on a node named 'int_ads_unified' in package '' which was not found
[0m20:57:53.680007 [warn ] [MainThread]: [[33mWARNING[0m]: Test 'test.analytics.accepted_values_int_ads_unified_source_platform__google_ads__meta_ads__linkedin_ads.219f8efefe' (models/cortex_v2/intermediate/_intermediate_models.yml) depends on a node named 'int_ads_unified' in package '' which was not found
[0m20:57:53.680140 [warn ] [MainThread]: [[33mWARNING[0m]: Test 'test.analytics.not_null_int_fivetran_campaigns_unified_account_id.1a40965926' (models/cortex_v2/intermediate/_intermediate_models.yml) depends on a node named 'int_fivetran_campaigns_unified' in package '' which was not found
[0m20:57:53.680272 [warn ] [MainThread]: [[33mWARNING[0m]: Test 'test.analytics.not_null_int_fivetran_campaigns_unified_campaign_id.e4262a63ce' (models/cortex_v2/intermediate/_intermediate_models.yml) depends on a node named 'int_fivetran_campaigns_unified' in package '' which was not found
[0m20:57:53.680404 [warn ] [MainThread]: [[33mWARNING[0m]: Test 'test.analytics.not_null_int_fivetran_campaigns_unified_date.72b054b82c' (models/cortex_v2/intermediate/_intermediate_models.yml) depends on a node named 'int_fivetran_campaigns_unified' in package '' which was not found
[0m20:57:53.680746 [warn ] [MainThread]: [[33mWARNING[0m]: Test 'test.analytics.not_null_int_fivetran_campaigns_unified_source_platform.af2767ff61' (models/cortex_v2/intermediate/_intermediate_models.yml) depends on a node named 'int_fivetran_campaigns_unified' in package '' which was not found
[0m20:57:53.680930 [warn ] [MainThread]: [[33mWARNING[0m]: Test 'test.analytics.accepted_values_int_fivetran_campaigns_unified_source_platform__google_ads__meta_ads__linkedin_ads__tiktok_ads.9289bea954' (models/cortex_v2/intermediate/_intermediate_models.yml) depends on a node named 'int_fivetran_campaigns_unified' in package '' which was not found
[0m20:57:53.681090 [warn ] [MainThread]: [[33mWARNING[0m]: Test 'test.analytics.not_null_int_fivetran_conversions_campaign_id.8e50a62a91' (models/cortex_v2/intermediate/_intermediate_models.yml) depends on a node named 'int_fivetran_conversions' in package '' which was not found
[0m20:57:53.681240 [warn ] [MainThread]: [[33mWARNING[0m]: Test 'test.analytics.not_null_int_fivetran_conversions_date.dc1a84c044' (models/cortex_v2/intermediate/_intermediate_models.yml) depends on a node named 'int_fivetran_conversions' in package '' which was not found
[0m20:57:53.681384 [warn ] [MainThread]: [[33mWARNING[0m]: Test 'test.analytics.not_null_int_fivetran_conversions_event_name.acdc8f5f71' (models/cortex_v2/intermediate/_intermediate_models.yml) depends on a node named 'int_fivetran_conversions' in package '' which was not found
[0m20:57:53.681614 [warn ] [MainThread]: [[33mWARNING[0m]: Test 'test.analytics.not_null_int_fivetran_conversions_platform.fd75b41117' (models/cortex_v2/intermediate/_intermediate_models.yml) depends on a node named 'int_fivetran_conversions' in package '' which was not found
[0m20:57:53.681832 [warn ] [MainThread]: [[33mWARNING[0m]: Test 'test.analytics.accepted_values_int_fivetran_conversions_platform__google_ads__meta_ads__linkedin_ads__tiktok_ads.ac6b339e44' (models/cortex_v2/intermediate/_intermediate_models.yml) depends on a node named 'int_fivetran_conversions' in package '' which was not found
[0m20:57:53.756548 [debug] [MainThread]: Sending event: {'category': 'dbt', 'action': 'load_project', 'label': '54b51e91-beca-458a-9ea6-495aed389e06', 'context': [<snowplow_tracker.self_describing_json.SelfDescribingJson object at 0x11e3defd0>]}
[0m20:57:53.827605 [debug] [MainThread]: Wrote artifact WritableManifest to /Users/riley/Documents/GitHub/dbt-lattara-cortex/target/manifest.json
[0m20:57:53.829503 [debug] [MainThread]: Wrote artifact SemanticManifest to /Users/riley/Documents/GitHub/dbt-lattara-cortex/target/semantic_manifest.json
[0m20:57:53.850953 [debug] [MainThread]: Sending event: {'category': 'dbt', 'action': 'resource_counts', 'label': '54b51e91-beca-458a-9ea6-495aed389e06', 'context': [<snowplow_tracker.self_describing_json.SelfDescribingJson object at 0x11dab4a50>]}
[0m20:57:53.851303 [info ] [MainThread]: Found 50 models, 4 seeds, 20 data tests, 53 sources, 543 macros
[0m20:57:53.851478 [debug] [MainThread]: Sending event: {'category': 'dbt', 'action': 'runnable_timing', 'label': '54b51e91-beca-458a-9ea6-495aed389e06', 'context': [<snowplow_tracker.self_describing_json.SelfDescribingJson object at 0x11dd38690>]}
[0m20:57:53.853182 [info ] [MainThread]: 
[0m20:57:53.853361 [info ] [MainThread]: Concurrency: 4 threads (target='dev')
[0m20:57:53.853487 [info ] [MainThread]: 
[0m20:57:53.853716 [debug] [MainThread]: Acquiring new bigquery connection 'master'
[0m20:57:53.856477 [debug] [ThreadPool]: Acquiring new bigquery connection 'list_res-analytics'
[0m20:57:53.856802 [debug] [ThreadPool]: Acquiring new bigquery connection 'list_res-analytics'
[0m20:57:53.857063 [debug] [ThreadPool]: Opening a new connection, currently in state init
[0m20:57:53.857264 [debug] [ThreadPool]: Opening a new connection, currently in state init
[0m20:57:56.033502 [debug] [ThreadPool]: Re-using an available connection from the pool (formerly list_res-analytics, now create_res-analytics_com_allied)
[0m20:57:56.034977 [debug] [ThreadPool]: Creating schema "database: "res-analytics"
schema: "com_allied"
"
[0m20:57:56.038251 [debug] [ThreadPool]: On create_res-analytics_com_allied: /* {"app": "dbt", "dbt_version": "1.11.2", "profile_name": "default", "target_name": "dev", "connection_name": "create_res-analytics_com_allied"} */
create schema if not exists `res-analytics`.`com_allied`
  
[0m20:57:56.038498 [debug] [ThreadPool]: Opening a new connection, currently in state closed
[0m20:57:56.385102 [debug] [ThreadPool]: BigQuery adapter: https://console.cloud.google.com/bigquery?project=res-analytics&j=bq:US:d518b554-652a-4a7d-bc7f-89e6d02ef540&page=queryresults
[0m20:57:57.128753 [debug] [ThreadPool]: SQL status: OK in 0.743 seconds
[0m20:57:57.170001 [debug] [ThreadPool]: Re-using an available connection from the pool (formerly create_res-analytics_com_allied, now list_res-analytics_allied_team)
[0m20:57:57.170408 [debug] [ThreadPool]: Re-using an available connection from the pool (formerly list_res-analytics, now list_res-analytics_cortex)
[0m20:57:57.170796 [debug] [ThreadPool]: Acquiring new bigquery connection 'list_res-analytics_com_allied'
[0m20:57:57.171035 [debug] [ThreadPool]: Opening a new connection, currently in state closed
[0m20:57:57.171305 [debug] [ThreadPool]: Acquiring new bigquery connection 'list_res-analytics_cortex_marts'
[0m20:57:57.171565 [debug] [ThreadPool]: Opening a new connection, currently in state closed
[0m20:57:57.171795 [debug] [ThreadPool]: Opening a new connection, currently in state init
[0m20:57:57.172513 [debug] [ThreadPool]: Opening a new connection, currently in state init
[0m20:57:57.474335 [debug] [MainThread]: Sending event: {'category': 'dbt', 'action': 'runnable_timing', 'label': '54b51e91-beca-458a-9ea6-495aed389e06', 'context': [<snowplow_tracker.self_describing_json.SelfDescribingJson object at 0x10df86210>]}
[0m20:57:57.474807 [debug] [MainThread]: Opening a new connection, currently in state init
[0m20:57:57.476581 [debug] [Thread-1 (]: Began running node model.analytics.accounts
[0m20:57:57.476779 [debug] [Thread-2 (]: Began running node model.analytics.ad_networks
[0m20:57:57.476963 [debug] [Thread-3 (]: Began running node model.analytics.conversions
[0m20:57:57.477265 [info ] [Thread-1 (]: 1 of 12 START sql incremental model com_allied.accounts ........................ [RUN]
[0m20:57:57.477527 [info ] [Thread-2 (]: 2 of 12 START sql table model cortex.ad_networks ............................... [RUN]
[0m20:57:57.477763 [info ] [Thread-3 (]: 3 of 12 START sql table model com_allied.conversions ........................... [RUN]
[0m20:57:57.478024 [debug] [Thread-1 (]: Re-using an available connection from the pool (formerly list_res-analytics_allied_team, now model.analytics.accounts)
[0m20:57:57.478258 [debug] [Thread-2 (]: Re-using an available connection from the pool (formerly list_res-analytics_cortex, now model.analytics.ad_networks)
[0m20:57:57.478450 [debug] [Thread-3 (]: Re-using an available connection from the pool (formerly list_res-analytics_com_allied, now model.analytics.conversions)
[0m20:57:57.478645 [debug] [Thread-1 (]: Began compiling node model.analytics.accounts
[0m20:57:57.478828 [debug] [Thread-2 (]: Began compiling node model.analytics.ad_networks
[0m20:57:57.478996 [debug] [Thread-3 (]: Began compiling node model.analytics.conversions
[0m20:57:57.489185 [debug] [Thread-1 (]: On "model.analytics.accounts": cache miss for schema "res-analytics.com_allied_facebook_ads", this is inefficient
[0m20:57:57.490542 [debug] [Thread-2 (]: Writing injected SQL for node "model.analytics.ad_networks"
[0m20:57:57.496566 [debug] [Thread-3 (]: On "model.analytics.conversions": cache miss for schema "res-analytics.com_allied_google_ads", this is inefficient
[0m20:57:57.496823 [debug] [Thread-1 (]: Opening a new connection, currently in state closed
[0m20:57:57.497093 [debug] [Thread-3 (]: Opening a new connection, currently in state closed
[0m20:57:57.497680 [debug] [Thread-2 (]: Began executing node model.analytics.ad_networks
[0m20:57:57.506118 [debug] [Thread-2 (]: Opening a new connection, currently in state closed
[0m20:57:57.783623 [debug] [Thread-2 (]: Writing runtime sql for node "model.analytics.ad_networks"
[0m20:57:57.784123 [debug] [Thread-3 (]: On "model.analytics.conversions": cache miss for schema "res-analytics.com_allied_facebook_ads", this is inefficient
[0m20:57:57.785422 [debug] [Thread-2 (]: On model.analytics.ad_networks: /* {"app": "dbt", "dbt_version": "1.11.2", "profile_name": "default", "target_name": "dev", "node_id": "model.analytics.ad_networks"} */

  
    

    create or replace table `res-analytics`.`cortex`.`ad_networks`
      
    
    

    
    OPTIONS()
    as (
      SELECT
  id,
  official_connector_name AS name
FROM `fivetran_metadata.connector_type`
WHERE deleted = FALSE
  AND type = 'Marketing'

UNION ALL

-- Manual additions not in Fivetran
SELECT 'bingads' AS id, 'Bing/Microsoft Ads' AS name
    );
  
[0m20:57:57.809325 [debug] [Thread-1 (]: On "model.analytics.accounts": cache miss for schema "res-analytics.com_allied_google_ads", this is inefficient
[0m20:57:57.958267 [debug] [Thread-1 (]: On "model.analytics.accounts": cache miss for schema "res-analytics.com_allied_linkedin_ads", this is inefficient
[0m20:57:57.958574 [debug] [Thread-3 (]: On "model.analytics.conversions": cache miss for schema "res-analytics.com_allied_facebook_ads", this is inefficient
[0m20:57:58.152544 [debug] [Thread-3 (]: On "model.analytics.conversions": cache miss for schema "res-analytics.com_allied_linkedin_ads", this is inefficient
[0m20:57:58.169125 [debug] [Thread-1 (]: On "model.analytics.accounts": cache miss for schema "res-analytics.com_allied_tiktok_ads", this is inefficient
[0m20:57:58.241910 [debug] [Thread-2 (]: BigQuery adapter: https://console.cloud.google.com/bigquery?project=res-analytics&j=bq:US:6b8a8aa2-9f69-4645-9e55-b257139bc686&page=queryresults
[0m20:57:58.323682 [debug] [Thread-3 (]: On "model.analytics.conversions": cache miss for schema "res-analytics.com_allied_tiktok_ads", this is inefficient
[0m20:57:58.461576 [debug] [Thread-1 (]: Writing injected SQL for node "model.analytics.accounts"
[0m20:57:58.464005 [debug] [Thread-1 (]: Began executing node model.analytics.accounts
[0m20:57:58.499963 [debug] [Thread-1 (]: On model.analytics.accounts: /* {"app": "dbt", "dbt_version": "1.11.2", "profile_name": "default", "target_name": "dev", "node_id": "model.analytics.accounts"} */
select * from (
        


WITH facebook_latest AS (
  
  SELECT
    CAST(NULL AS STRING) as id,
    CAST(NULL AS STRING) as name,
    CAST(NULL AS INT64) as rn
  FROM (SELECT 1) WHERE FALSE
  
),


google_latest AS (
  
  SELECT
    CAST(NULL AS STRING) as id,
    CAST(NULL AS STRING) as name,
    CAST(NULL AS INT64) as rn
  FROM (SELECT 1) WHERE FALSE
  
),



linkedin_latest AS (
  
  SELECT
    CAST(NULL AS STRING) as id,
    CAST(NULL AS STRING) as name,
    CAST(NULL AS INT64) as rn
  FROM (SELECT 1) WHERE FALSE
  
),



tiktok_latest AS (
  
  SELECT
    CAST(NULL AS STRING) as id,
    CAST(NULL AS STRING) as name,
    CAST(NULL AS INT64) as rn
  FROM (SELECT 1) WHERE FALSE
  
),

all_accounts AS (
  SELECT
    CONCAT('facebook_ads_', id) AS id,
    name AS name,
    'facebook_ads' AS ad_network_id,
    CAST(NULL AS STRING) AS product_id,
    CAST('allied' AS STRING) AS organization_id,
    CAST(NULL AS STRING) AS kpi_1,
    CAST(NULL AS STRING) AS kpi_2,
    CAST(NULL AS STRING) AS kpi_3,
    CAST(NULL AS STRING) AS kpi_4,
    CAST(NULL AS STRING) AS kpi_5,
    CAST(NULL AS STRING) AS kpi_6,
    CAST(NULL AS STRING) AS kpi_7,
    CAST(NULL AS STRING) AS kpi_8,
    CAST(NULL AS STRING) AS kpi_9,
    CAST(NULL AS STRING) AS kpi_10
  FROM facebook_latest
  WHERE rn = 1

  UNION ALL

  SELECT
    CONCAT('google_ads_', id) AS id,
    name AS name,
    'google_ads' AS ad_network_id,
    CAST(NULL AS STRING) AS product_id,
    CAST('allied' AS STRING) AS organization_id,
    CAST(NULL AS STRING) AS kpi_1,
    CAST(NULL AS STRING) AS kpi_2,
    CAST(NULL AS STRING) AS kpi_3,
    CAST(NULL AS STRING) AS kpi_4,
    CAST(NULL AS STRING) AS kpi_5,
    CAST(NULL AS STRING) AS kpi_6,
    CAST(NULL AS STRING) AS kpi_7,
    CAST(NULL AS STRING) AS kpi_8,
    CAST(NULL AS STRING) AS kpi_9,
    CAST(NULL AS STRING) AS kpi_10
  FROM google_latest
  WHERE rn = 1

  UNION ALL

  SELECT
    CONCAT('linkedin_ads_', id) AS id,
    name AS name,
    'linkedin_ads' AS ad_network_id,
    CAST(NULL AS STRING) AS product_id,
    CAST('allied' AS STRING) AS organization_id,
    CAST(NULL AS STRING) AS kpi_1,
    CAST(NULL AS STRING) AS kpi_2,
    CAST(NULL AS STRING) AS kpi_3,
    CAST(NULL AS STRING) AS kpi_4,
    CAST(NULL AS STRING) AS kpi_5,
    CAST(NULL AS STRING) AS kpi_6,
    CAST(NULL AS STRING) AS kpi_7,
    CAST(NULL AS STRING) AS kpi_8,
    CAST(NULL AS STRING) AS kpi_9,
    CAST(NULL AS STRING) AS kpi_10
  FROM linkedin_latest
  WHERE rn = 1

  UNION ALL

  SELECT
    CONCAT('tiktok_ads_', id) AS id,
    name AS name,
    'tiktok_ads' AS ad_network_id,
    CAST(NULL AS STRING) AS product_id,
    CAST('allied' AS STRING) AS organization_id,
    CAST(NULL AS STRING) AS kpi_1,
    CAST(NULL AS STRING) AS kpi_2,
    CAST(NULL AS STRING) AS kpi_3,
    CAST(NULL AS STRING) AS kpi_4,
    CAST(NULL AS STRING) AS kpi_5,
    CAST(NULL AS STRING) AS kpi_6,
    CAST(NULL AS STRING) AS kpi_7,
    CAST(NULL AS STRING) AS kpi_8,
    CAST(NULL AS STRING) AS kpi_9,
    CAST(NULL AS STRING) AS kpi_10
  FROM tiktok_latest
  WHERE rn = 1
)

SELECT * FROM all_accounts
    ) as __dbt_sbq
    where false and current_timestamp() = current_timestamp()
    limit 0

[0m20:57:58.511350 [debug] [Thread-3 (]: On "model.analytics.conversions": cache miss for schema "res-analytics.com_allied_tiktok_ads", this is inefficient
[0m20:57:58.677220 [debug] [Thread-3 (]: On "model.analytics.conversions": cache miss for schema "res-analytics.com_allied_bing_ads", this is inefficient
[0m20:57:58.852870 [debug] [Thread-1 (]: BigQuery adapter: https://console.cloud.google.com/bigquery?project=res-analytics&j=bq:US:f843ea5b-4c47-4de4-a08e-020164299fd6&page=queryresults
[0m20:57:58.898891 [debug] [Thread-3 (]: Writing injected SQL for node "model.analytics.conversions"
[0m20:57:58.900440 [debug] [Thread-3 (]: Began executing node model.analytics.conversions
[0m20:57:58.908275 [debug] [Thread-3 (]: Writing runtime sql for node "model.analytics.conversions"
[0m20:57:58.909587 [debug] [Thread-3 (]: On model.analytics.conversions: /* {"app": "dbt", "dbt_version": "1.11.2", "profile_name": "default", "target_name": "dev", "node_id": "model.analytics.conversions"} */

  
    

    create or replace table `res-analytics`.`com_allied`.`conversions`
      
    
    

    
    OPTIONS()
    as (
      

WITH



google_conv AS (
     
     SELECT
          CAST(NULL AS STRING) as ad_network_id,
          CAST(NULL AS STRING) as account_id,
          CAST(NULL AS STRING) as conversion_name,
          CAST(NULL AS INTEGER) as count
     FROM (SELECT 1) WHERE FALSE
     
),





facebook_conv AS (
     
     SELECT
          CAST(NULL AS STRING) as ad_network_id,
          CAST(NULL AS STRING) as account_id,
          CAST(NULL AS STRING) as conversion_name,
          CAST(NULL AS INTEGER) as count
     FROM (SELECT 1) WHERE FALSE
     
),



linkedin_conv as (
     
     SELECT
          CAST(NULL AS STRING) as ad_network_id,
          CAST(NULL AS STRING) as account_id,
          CAST(NULL AS STRING) as conversion_name,
          CAST(NULL AS INTEGER) as count
     FROM (SELECT 1) WHERE FALSE
     
),



tiktok_conv as (

SELECT
     CAST(NULL AS STRING) as ad_network_id,
     CAST(NULL AS STRING) as account_id,
     CAST(NULL AS STRING) as conversion_name,
     CAST(NULL AS INTEGER) as count
FROM (SELECT 1) WHERE FALSE

),



bing_conv as (

SELECT
     CAST(NULL AS STRING) as ad_network_id,
     CAST(NULL AS STRING) as account_id,
     CAST(NULL AS STRING) as conversion_name,
     CAST(NULL AS INTEGER) as count
FROM (SELECT 1) WHERE FALSE

)

select * from google_conv

union all

select * from facebook_conv

union all

select * from linkedin_conv

union all

select * from tiktok_conv

union all

select * from bing_conv
    );
  
[0m20:57:59.053632 [debug] [Thread-1 (]: SQL status: OK in 0.197 seconds
[0m20:57:59.061904 [debug] [Thread-1 (]: On model.analytics.accounts: /* {"app": "dbt", "dbt_version": "1.11.2", "profile_name": "default", "target_name": "dev", "node_id": "model.analytics.accounts"} */
select * from (
        select
    
      
    cast(null as STRING)
 as id, 
      
    cast(null as STRING)
 as name, 
      
    cast(null as STRING)
 as ad_network_id, 
      
    cast(null as STRING)
 as product_id, 
      
    cast(null as STRING)
 as organization_id, 
      
    cast(null as STRING)
 as kpi_1, 
      
    cast(null as STRING)
 as kpi_2, 
      
    cast(null as STRING)
 as kpi_3, 
      
    cast(null as STRING)
 as kpi_4, 
      
    cast(null as STRING)
 as kpi_5, 
      
    cast(null as STRING)
 as kpi_6, 
      
    cast(null as STRING)
 as kpi_7, 
      
    cast(null as STRING)
 as kpi_8, 
      
    cast(null as STRING)
 as kpi_9, 
      
    cast(null as STRING)
 as kpi_10
    ) as __dbt_sbq
    where false and current_timestamp() = current_timestamp()
    limit 0

[0m20:57:59.400567 [debug] [Thread-1 (]: BigQuery adapter: https://console.cloud.google.com/bigquery?project=res-analytics&j=bq:US:91ef391e-e610-43ad-9c54-fe38d3df2034&page=queryresults
[0m20:57:59.569334 [debug] [Thread-3 (]: BigQuery adapter: https://console.cloud.google.com/bigquery?project=res-analytics&j=bq:US:36bc2f23-58b9-4d0c-a5f2-226856891e58&page=queryresults
[0m20:57:59.601155 [debug] [Thread-1 (]: SQL status: OK in 0.199 seconds
[0m20:57:59.622579 [debug] [Thread-1 (]: Writing runtime sql for node "model.analytics.accounts"
[0m20:57:59.623393 [debug] [Thread-1 (]: On model.analytics.accounts: /* {"app": "dbt", "dbt_version": "1.11.2", "profile_name": "default", "target_name": "dev", "node_id": "model.analytics.accounts"} */

  
    

    create or replace table `res-analytics`.`com_allied`.`accounts`
        
  (
    id STRING,
    name STRING,
    ad_network_id STRING,
    product_id STRING,
    organization_id STRING,
    kpi_1 STRING,
    kpi_2 STRING,
    kpi_3 STRING,
    kpi_4 STRING,
    kpi_5 STRING,
    kpi_6 STRING,
    kpi_7 STRING,
    kpi_8 STRING,
    kpi_9 STRING,
    kpi_10 STRING
    
    )

      
    
    

    
    OPTIONS()
    as (
      
    select id, name, ad_network_id, product_id, organization_id, kpi_1, kpi_2, kpi_3, kpi_4, kpi_5, kpi_6, kpi_7, kpi_8, kpi_9, kpi_10
    from (
        


WITH facebook_latest AS (
  
  SELECT
    CAST(NULL AS STRING) as id,
    CAST(NULL AS STRING) as name,
    CAST(NULL AS INT64) as rn
  FROM (SELECT 1) WHERE FALSE
  
),


google_latest AS (
  
  SELECT
    CAST(NULL AS STRING) as id,
    CAST(NULL AS STRING) as name,
    CAST(NULL AS INT64) as rn
  FROM (SELECT 1) WHERE FALSE
  
),



linkedin_latest AS (
  
  SELECT
    CAST(NULL AS STRING) as id,
    CAST(NULL AS STRING) as name,
    CAST(NULL AS INT64) as rn
  FROM (SELECT 1) WHERE FALSE
  
),



tiktok_latest AS (
  
  SELECT
    CAST(NULL AS STRING) as id,
    CAST(NULL AS STRING) as name,
    CAST(NULL AS INT64) as rn
  FROM (SELECT 1) WHERE FALSE
  
),

all_accounts AS (
  SELECT
    CONCAT('facebook_ads_', id) AS id,
    name AS name,
    'facebook_ads' AS ad_network_id,
    CAST(NULL AS STRING) AS product_id,
    CAST('allied' AS STRING) AS organization_id,
    CAST(NULL AS STRING) AS kpi_1,
    CAST(NULL AS STRING) AS kpi_2,
    CAST(NULL AS STRING) AS kpi_3,
    CAST(NULL AS STRING) AS kpi_4,
    CAST(NULL AS STRING) AS kpi_5,
    CAST(NULL AS STRING) AS kpi_6,
    CAST(NULL AS STRING) AS kpi_7,
    CAST(NULL AS STRING) AS kpi_8,
    CAST(NULL AS STRING) AS kpi_9,
    CAST(NULL AS STRING) AS kpi_10
  FROM facebook_latest
  WHERE rn = 1

  UNION ALL

  SELECT
    CONCAT('google_ads_', id) AS id,
    name AS name,
    'google_ads' AS ad_network_id,
    CAST(NULL AS STRING) AS product_id,
    CAST('allied' AS STRING) AS organization_id,
    CAST(NULL AS STRING) AS kpi_1,
    CAST(NULL AS STRING) AS kpi_2,
    CAST(NULL AS STRING) AS kpi_3,
    CAST(NULL AS STRING) AS kpi_4,
    CAST(NULL AS STRING) AS kpi_5,
    CAST(NULL AS STRING) AS kpi_6,
    CAST(NULL AS STRING) AS kpi_7,
    CAST(NULL AS STRING) AS kpi_8,
    CAST(NULL AS STRING) AS kpi_9,
    CAST(NULL AS STRING) AS kpi_10
  FROM google_latest
  WHERE rn = 1

  UNION ALL

  SELECT
    CONCAT('linkedin_ads_', id) AS id,
    name AS name,
    'linkedin_ads' AS ad_network_id,
    CAST(NULL AS STRING) AS product_id,
    CAST('allied' AS STRING) AS organization_id,
    CAST(NULL AS STRING) AS kpi_1,
    CAST(NULL AS STRING) AS kpi_2,
    CAST(NULL AS STRING) AS kpi_3,
    CAST(NULL AS STRING) AS kpi_4,
    CAST(NULL AS STRING) AS kpi_5,
    CAST(NULL AS STRING) AS kpi_6,
    CAST(NULL AS STRING) AS kpi_7,
    CAST(NULL AS STRING) AS kpi_8,
    CAST(NULL AS STRING) AS kpi_9,
    CAST(NULL AS STRING) AS kpi_10
  FROM linkedin_latest
  WHERE rn = 1

  UNION ALL

  SELECT
    CONCAT('tiktok_ads_', id) AS id,
    name AS name,
    'tiktok_ads' AS ad_network_id,
    CAST(NULL AS STRING) AS product_id,
    CAST('allied' AS STRING) AS organization_id,
    CAST(NULL AS STRING) AS kpi_1,
    CAST(NULL AS STRING) AS kpi_2,
    CAST(NULL AS STRING) AS kpi_3,
    CAST(NULL AS STRING) AS kpi_4,
    CAST(NULL AS STRING) AS kpi_5,
    CAST(NULL AS STRING) AS kpi_6,
    CAST(NULL AS STRING) AS kpi_7,
    CAST(NULL AS STRING) AS kpi_8,
    CAST(NULL AS STRING) AS kpi_9,
    CAST(NULL AS STRING) AS kpi_10
  FROM tiktok_latest
  WHERE rn = 1
)

SELECT * FROM all_accounts
    ) as model_subq
    );
  
[0m20:58:00.059774 [debug] [Thread-2 (]: SQL status: OK in 1.817 seconds
[0m20:58:00.152208 [debug] [Thread-1 (]: BigQuery adapter: https://console.cloud.google.com/bigquery?project=res-analytics&j=bq:US:ea952b8e-183a-41b9-a204-6f1ddf1dbe62&page=queryresults
[0m20:58:00.304122 [debug] [Thread-2 (]: Sending event: {'category': 'dbt', 'action': 'run_model', 'label': '54b51e91-beca-458a-9ea6-495aed389e06', 'context': [<snowplow_tracker.self_describing_json.SelfDescribingJson object at 0x11e5dd890>]}
[0m20:58:00.304832 [info ] [Thread-2 (]: 2 of 12 OK created sql table model cortex.ad_networks .......................... [[32mCREATE TABLE (5.0 rows, 344.0 Bytes processed)[0m in 2.82s]
[0m20:58:00.305332 [debug] [Thread-2 (]: Finished running node model.analytics.ad_networks
[0m20:58:01.689684 [debug] [Thread-3 (]: SQL status: OK in 2.118 seconds
[0m20:58:01.782405 [debug] [Thread-1 (]: SQL status: OK in 1.629 seconds
[0m20:58:01.977486 [debug] [Thread-3 (]: Sending event: {'category': 'dbt', 'action': 'run_model', 'label': '54b51e91-beca-458a-9ea6-495aed389e06', 'context': [<snowplow_tracker.self_describing_json.SelfDescribingJson object at 0x11eb7f490>]}
[0m20:58:01.978745 [info ] [Thread-3 (]: 3 of 12 OK created sql table model com_allied.conversions ...................... [[32mCREATE TABLE (0.0 rows, 0 processed)[0m in 4.50s]
[0m20:58:01.979747 [debug] [Thread-3 (]: Finished running node model.analytics.conversions
[0m20:58:02.079919 [debug] [Thread-1 (]: Sending event: {'category': 'dbt', 'action': 'run_model', 'label': '54b51e91-beca-458a-9ea6-495aed389e06', 'context': [<snowplow_tracker.self_describing_json.SelfDescribingJson object at 0x11e61fc10>]}
[0m20:58:02.080434 [info ] [Thread-1 (]: 1 of 12 OK created sql incremental model com_allied.accounts ................... [[32mCREATE TABLE (0.0 rows, 0 processed)[0m in 4.60s]
[0m20:58:02.080742 [debug] [Thread-1 (]: Finished running node model.analytics.accounts
[0m20:58:02.081124 [debug] [Thread-4 (]: Began running node model.analytics.campaigns
[0m20:58:02.081429 [info ] [Thread-4 (]: 4 of 12 START sql incremental model com_allied.campaigns ....................... [RUN]
[0m20:58:02.081728 [debug] [Thread-4 (]: Re-using an available connection from the pool (formerly list_res-analytics_cortex_marts, now model.analytics.campaigns)
[0m20:58:02.081947 [debug] [Thread-4 (]: Began compiling node model.analytics.campaigns
[0m20:58:02.092548 [debug] [Thread-4 (]: On "model.analytics.campaigns": cache miss for schema "res-analytics.com_allied_facebook_ads", this is inefficient
[0m20:58:02.092841 [debug] [Thread-4 (]: Opening a new connection, currently in state closed
[0m20:58:02.316605 [debug] [Thread-4 (]: On "model.analytics.campaigns": cache miss for schema "res-analytics.com_allied_facebook_ads", this is inefficient
[0m20:58:02.461746 [debug] [Thread-4 (]: On "model.analytics.campaigns": cache miss for schema "res-analytics.com_allied_google_ads", this is inefficient
[0m20:58:02.664603 [debug] [Thread-4 (]: On "model.analytics.campaigns": cache miss for schema "res-analytics.com_allied_google_ads", this is inefficient
[0m20:58:02.906236 [debug] [Thread-4 (]: On "model.analytics.campaigns": cache miss for schema "res-analytics.com_allied_linkedin_ads", this is inefficient
[0m20:58:03.107045 [debug] [Thread-4 (]: On "model.analytics.campaigns": cache miss for schema "res-analytics.com_allied_linkedin_ads", this is inefficient
[0m20:58:03.239362 [debug] [Thread-4 (]: On "model.analytics.campaigns": cache miss for schema "res-analytics.com_allied_tiktok_ads", this is inefficient
[0m20:58:03.402954 [debug] [Thread-4 (]: On "model.analytics.campaigns": cache miss for schema "res-analytics.com_allied_tiktok_ads", this is inefficient
[0m20:58:03.596519 [debug] [Thread-4 (]: Writing injected SQL for node "model.analytics.campaigns"
[0m20:58:03.601064 [debug] [Thread-4 (]: Began executing node model.analytics.campaigns
[0m20:58:03.616251 [debug] [Thread-4 (]: On model.analytics.campaigns: /* {"app": "dbt", "dbt_version": "1.11.2", "profile_name": "default", "target_name": "dev", "node_id": "model.analytics.campaigns"} */
select * from (
        


WITH facebook_campaign_latest AS (
  
  SELECT
    CAST(NULL AS STRING) as id,
    CAST(NULL AS STRING) as name,
    CAST(NULL AS STRING) as account_id,
    CAST(NULL AS INT64) as rn
  FROM (SELECT 1) WHERE FALSE
  
),


facebook_account_latest AS (
  
  SELECT
    CAST(NULL AS STRING) as id,
    CAST(NULL AS STRING) as name,
    CAST(NULL AS INT64) as rn
  FROM (SELECT 1) WHERE FALSE
  
),

facebook_campaigns AS (
  SELECT
    c.id,
    c.name,
    a.id AS account_id
  FROM facebook_campaign_latest c
  INNER JOIN facebook_account_latest a
    ON c.account_id = a.id
    AND a.rn = 1
  WHERE c.rn = 1
),


google_campaign_latest AS (
  
  SELECT
    CAST(NULL AS STRING) as id,
    CAST(NULL AS STRING) as name,
    CAST(NULL AS STRING) as account_id,
    CAST(NULL AS INT64) as rn
  FROM (SELECT 1) WHERE FALSE
  
),


google_account_latest AS (
  
  SELECT
    CAST(NULL AS STRING) as id,
    CAST(NULL AS STRING) as name,
    CAST(NULL AS INT64) as rn
  FROM (SELECT 1) WHERE FALSE
  
),

google_campaigns AS (
  SELECT
    c.id,
    c.name,
    a.id AS account_id
  FROM google_campaign_latest c
  INNER JOIN google_account_latest a
    ON c.account_id = a.id
    AND a.rn = 1
  WHERE c.rn = 1
),

-- LinkedIn hierarchy: Campaign Group = Nexus Campaign, Campaign = Nexus AdSet
-- Using campaign_group_history as the source for campaigns (not campaign_history)


linkedin_campaign_group_latest AS (
  
  SELECT
    CAST(NULL AS STRING) as id,
    CAST(NULL AS STRING) as name,
    CAST(NULL AS STRING) as account_id,
    CAST(NULL AS INT64) as rn
  FROM (SELECT 1) WHERE FALSE
  
),


linkedin_account_latest AS (
  
  SELECT
    CAST(NULL AS STRING) as id,
    CAST(NULL AS STRING) as name,
    CAST(NULL AS INT64) as rn
  FROM (SELECT 1) WHERE FALSE
  
),

linkedin_campaigns AS (
  SELECT
    cg.id,
    cg.name,
    a.id AS account_id
  FROM linkedin_campaign_group_latest cg
  INNER JOIN linkedin_account_latest a
    ON cg.account_id = a.id
    AND a.rn = 1
  WHERE cg.rn = 1
),


tiktok_campaign_latest AS (
  
  SELECT
    CAST(NULL AS STRING) as id,
    CAST(NULL AS STRING) as name,
    CAST(NULL AS STRING) as account_id,
    CAST(NULL AS INT64) as rn
  FROM (SELECT 1) WHERE FALSE
  
),


tiktok_account_latest AS (
  
  SELECT
    CAST(NULL AS STRING) as id,
    CAST(NULL AS STRING) as name,
    CAST(NULL AS INT64) as rn
  FROM (SELECT 1) WHERE FALSE
  
),

tiktok_campaigns AS (
  SELECT
    c.id,
    c.name,
    a.id AS account_id
  FROM tiktok_campaign_latest c
  INNER JOIN tiktok_account_latest a
    ON c.account_id = a.id
    AND a.rn = 1
  WHERE c.rn = 1
),

all_campaigns AS (
  SELECT
    CONCAT('facebook_ads_', CAST(id AS STRING)) AS id,
    name AS campaign_name,
    CONCAT('facebook_ads_', account_id) AS account_id,
    'facebook_ads' AS ad_network_id
  FROM facebook_campaigns

  UNION ALL

  SELECT
    CONCAT('google_ads_', CAST(id AS STRING)) AS id,
    name AS campaign_name,
    CONCAT('google_ads_', account_id) AS account_id,
    'google_ads' AS ad_network_id
  FROM google_campaigns

  UNION ALL

  SELECT
    CONCAT('linkedin_ads_', CAST(id AS STRING)) AS id,
    name AS campaign_name,
    CONCAT('linkedin_ads_', account_id) AS account_id,
    'linkedin_ads' AS ad_network_id
  FROM linkedin_campaigns

  UNION ALL

  SELECT
    CONCAT('tiktok_ads_', CAST(id AS STRING)) AS id,
    name AS campaign_name,
    CONCAT('tiktok_ads_', account_id) AS account_id,
    'tiktok_ads' AS ad_network_id
  FROM tiktok_campaigns
)

SELECT
  c.id,
  c.campaign_name,
  c.account_id,
  c.ad_network_id,
  a.product_id,
  a.organization_id
FROM all_campaigns c
LEFT JOIN `res-analytics`.`com_allied`.`accounts` a
  ON c.account_id = a.id


    ) as __dbt_sbq
    where false and current_timestamp() = current_timestamp()
    limit 0

[0m20:58:04.125260 [debug] [Thread-4 (]: BigQuery adapter: https://console.cloud.google.com/bigquery?project=res-analytics&j=bq:US:15647405-11dc-4cc4-a531-4b2ff607a0f1&page=queryresults
[0m20:58:04.293103 [debug] [Thread-4 (]: SQL status: OK in 0.165 seconds
[0m20:58:04.296008 [debug] [Thread-4 (]: On model.analytics.campaigns: /* {"app": "dbt", "dbt_version": "1.11.2", "profile_name": "default", "target_name": "dev", "node_id": "model.analytics.campaigns"} */
select * from (
        select
    
      
    cast(null as STRING)
 as id, 
      
    cast(null as STRING)
 as campaign_name, 
      
    cast(null as STRING)
 as account_id, 
      
    cast(null as STRING)
 as ad_network_id, 
      
    cast(null as STRING)
 as product_id, 
      
    cast(null as STRING)
 as organization_id
    ) as __dbt_sbq
    where false and current_timestamp() = current_timestamp()
    limit 0

[0m20:58:04.648362 [debug] [Thread-4 (]: BigQuery adapter: https://console.cloud.google.com/bigquery?project=res-analytics&j=bq:US:9e7fea73-b501-4f7a-bcda-56130a4f3ccf&page=queryresults
[0m20:58:04.856881 [debug] [Thread-4 (]: SQL status: OK in 0.208 seconds
[0m20:58:04.859094 [debug] [Thread-4 (]: Writing runtime sql for node "model.analytics.campaigns"
[0m20:58:04.859857 [debug] [Thread-4 (]: On model.analytics.campaigns: /* {"app": "dbt", "dbt_version": "1.11.2", "profile_name": "default", "target_name": "dev", "node_id": "model.analytics.campaigns"} */

  
    

    create or replace table `res-analytics`.`com_allied`.`campaigns`
        
  (
    id STRING,
    campaign_name STRING,
    account_id STRING,
    ad_network_id STRING,
    product_id STRING,
    organization_id STRING
    
    )

      
    
    

    
    OPTIONS()
    as (
      
    select id, campaign_name, account_id, ad_network_id, product_id, organization_id
    from (
        


WITH facebook_campaign_latest AS (
  
  SELECT
    CAST(NULL AS STRING) as id,
    CAST(NULL AS STRING) as name,
    CAST(NULL AS STRING) as account_id,
    CAST(NULL AS INT64) as rn
  FROM (SELECT 1) WHERE FALSE
  
),


facebook_account_latest AS (
  
  SELECT
    CAST(NULL AS STRING) as id,
    CAST(NULL AS STRING) as name,
    CAST(NULL AS INT64) as rn
  FROM (SELECT 1) WHERE FALSE
  
),

facebook_campaigns AS (
  SELECT
    c.id,
    c.name,
    a.id AS account_id
  FROM facebook_campaign_latest c
  INNER JOIN facebook_account_latest a
    ON c.account_id = a.id
    AND a.rn = 1
  WHERE c.rn = 1
),


google_campaign_latest AS (
  
  SELECT
    CAST(NULL AS STRING) as id,
    CAST(NULL AS STRING) as name,
    CAST(NULL AS STRING) as account_id,
    CAST(NULL AS INT64) as rn
  FROM (SELECT 1) WHERE FALSE
  
),


google_account_latest AS (
  
  SELECT
    CAST(NULL AS STRING) as id,
    CAST(NULL AS STRING) as name,
    CAST(NULL AS INT64) as rn
  FROM (SELECT 1) WHERE FALSE
  
),

google_campaigns AS (
  SELECT
    c.id,
    c.name,
    a.id AS account_id
  FROM google_campaign_latest c
  INNER JOIN google_account_latest a
    ON c.account_id = a.id
    AND a.rn = 1
  WHERE c.rn = 1
),

-- LinkedIn hierarchy: Campaign Group = Nexus Campaign, Campaign = Nexus AdSet
-- Using campaign_group_history as the source for campaigns (not campaign_history)


linkedin_campaign_group_latest AS (
  
  SELECT
    CAST(NULL AS STRING) as id,
    CAST(NULL AS STRING) as name,
    CAST(NULL AS STRING) as account_id,
    CAST(NULL AS INT64) as rn
  FROM (SELECT 1) WHERE FALSE
  
),


linkedin_account_latest AS (
  
  SELECT
    CAST(NULL AS STRING) as id,
    CAST(NULL AS STRING) as name,
    CAST(NULL AS INT64) as rn
  FROM (SELECT 1) WHERE FALSE
  
),

linkedin_campaigns AS (
  SELECT
    cg.id,
    cg.name,
    a.id AS account_id
  FROM linkedin_campaign_group_latest cg
  INNER JOIN linkedin_account_latest a
    ON cg.account_id = a.id
    AND a.rn = 1
  WHERE cg.rn = 1
),


tiktok_campaign_latest AS (
  
  SELECT
    CAST(NULL AS STRING) as id,
    CAST(NULL AS STRING) as name,
    CAST(NULL AS STRING) as account_id,
    CAST(NULL AS INT64) as rn
  FROM (SELECT 1) WHERE FALSE
  
),


tiktok_account_latest AS (
  
  SELECT
    CAST(NULL AS STRING) as id,
    CAST(NULL AS STRING) as name,
    CAST(NULL AS INT64) as rn
  FROM (SELECT 1) WHERE FALSE
  
),

tiktok_campaigns AS (
  SELECT
    c.id,
    c.name,
    a.id AS account_id
  FROM tiktok_campaign_latest c
  INNER JOIN tiktok_account_latest a
    ON c.account_id = a.id
    AND a.rn = 1
  WHERE c.rn = 1
),

all_campaigns AS (
  SELECT
    CONCAT('facebook_ads_', CAST(id AS STRING)) AS id,
    name AS campaign_name,
    CONCAT('facebook_ads_', account_id) AS account_id,
    'facebook_ads' AS ad_network_id
  FROM facebook_campaigns

  UNION ALL

  SELECT
    CONCAT('google_ads_', CAST(id AS STRING)) AS id,
    name AS campaign_name,
    CONCAT('google_ads_', account_id) AS account_id,
    'google_ads' AS ad_network_id
  FROM google_campaigns

  UNION ALL

  SELECT
    CONCAT('linkedin_ads_', CAST(id AS STRING)) AS id,
    name AS campaign_name,
    CONCAT('linkedin_ads_', account_id) AS account_id,
    'linkedin_ads' AS ad_network_id
  FROM linkedin_campaigns

  UNION ALL

  SELECT
    CONCAT('tiktok_ads_', CAST(id AS STRING)) AS id,
    name AS campaign_name,
    CONCAT('tiktok_ads_', account_id) AS account_id,
    'tiktok_ads' AS ad_network_id
  FROM tiktok_campaigns
)

SELECT
  c.id,
  c.campaign_name,
  c.account_id,
  c.ad_network_id,
  a.product_id,
  a.organization_id
FROM all_campaigns c
LEFT JOIN `res-analytics`.`com_allied`.`accounts` a
  ON c.account_id = a.id


    ) as model_subq
    );
  
[0m20:58:05.443127 [debug] [Thread-4 (]: BigQuery adapter: https://console.cloud.google.com/bigquery?project=res-analytics&j=bq:US:cd6ac701-9534-4929-b16a-a6f99a75dce9&page=queryresults
[0m20:58:07.003247 [debug] [Thread-4 (]: SQL status: OK in 1.558 seconds
[0m20:58:07.275721 [debug] [Thread-4 (]: Sending event: {'category': 'dbt', 'action': 'run_model', 'label': '54b51e91-beca-458a-9ea6-495aed389e06', 'context': [<snowplow_tracker.self_describing_json.SelfDescribingJson object at 0x11e40ab10>]}
[0m20:58:07.277404 [info ] [Thread-4 (]: 4 of 12 OK created sql incremental model com_allied.campaigns .................. [[32mCREATE TABLE (0.0 rows, 0 processed)[0m in 5.19s]
[0m20:58:07.277978 [debug] [Thread-4 (]: Finished running node model.analytics.campaigns
[0m20:58:07.278479 [debug] [Thread-3 (]: Began running node model.analytics.ads
[0m20:58:07.278682 [debug] [Thread-1 (]: Began running node model.analytics.adsets
[0m20:58:07.278890 [info ] [Thread-3 (]: 5 of 12 START sql incremental model com_allied.ads ............................. [RUN]
[0m20:58:07.279105 [debug] [Thread-2 (]: Began running node model.analytics.geo_campaign_daily
[0m20:58:07.279322 [info ] [Thread-1 (]: 6 of 12 START sql incremental model com_allied.adsets .......................... [RUN]
[0m20:58:07.279548 [debug] [Thread-3 (]: Re-using an available connection from the pool (formerly model.analytics.conversions, now model.analytics.ads)
[0m20:58:07.279755 [info ] [Thread-2 (]: 7 of 12 START sql table model cortex.geo_campaign_daily ........................ [RUN]
[0m20:58:07.279931 [debug] [Thread-1 (]: Re-using an available connection from the pool (formerly model.analytics.accounts, now model.analytics.adsets)
[0m20:58:07.280086 [debug] [Thread-3 (]: Began compiling node model.analytics.ads
[0m20:58:07.280246 [debug] [Thread-2 (]: Re-using an available connection from the pool (formerly model.analytics.ad_networks, now model.analytics.geo_campaign_daily)
[0m20:58:07.280395 [debug] [Thread-1 (]: Began compiling node model.analytics.adsets
[0m20:58:07.281431 [debug] [Thread-2 (]: Began compiling node model.analytics.geo_campaign_daily
[0m20:58:07.408471 [debug] [Thread-1 (]: On "model.analytics.adsets": cache miss for schema "res-analytics.com_allied_facebook_ads", this is inefficient
[0m20:58:07.419334 [debug] [Thread-3 (]: On "model.analytics.ads": cache miss for schema "res-analytics.com_allied_facebook_ads", this is inefficient
[0m20:58:07.423107 [debug] [Thread-2 (]: Writing injected SQL for node "model.analytics.geo_campaign_daily"
[0m20:58:07.423420 [debug] [Thread-1 (]: Opening a new connection, currently in state closed
[0m20:58:07.423606 [debug] [Thread-3 (]: Opening a new connection, currently in state closed
[0m20:58:07.425099 [debug] [Thread-2 (]: Began executing node model.analytics.geo_campaign_daily
[0m20:58:07.426521 [debug] [Thread-2 (]: Opening a new connection, currently in state closed
[0m20:58:07.624355 [debug] [Thread-1 (]: On "model.analytics.adsets": cache miss for schema "res-analytics.com_allied_google_ads", this is inefficient
[0m20:58:07.646150 [debug] [Thread-2 (]: Writing runtime sql for node "model.analytics.geo_campaign_daily"
[0m20:58:07.647162 [debug] [Thread-2 (]: On model.analytics.geo_campaign_daily: /* {"app": "dbt", "dbt_version": "1.11.2", "profile_name": "default", "target_name": "dev", "node_id": "model.analytics.geo_campaign_daily"} */

  
    

    create or replace table `res-analytics`.`cortex`.`geo_campaign_daily`
      
    
    

    
    OPTIONS()
    as (
      -- Unified campaign-level geographic performance across all ad networks
-- Phase 1: TikTok + Bing (ready)
-- Phase 2: Facebook + Google (custom reports)
-- Phase 3: LinkedIn (monthly-to-daily WEIGHTED distribution)
--
-- Note: LinkedIn geo data is ESTIMATED using weighted distribution based on actual
-- daily campaign spend patterns. This reduces estimation error by ~69% vs uniform.
-- Check is_estimated column to identify estimated vs actual data

-- WITH tiktok_geo AS (
--     -- TikTok: country_code is ISO format, just needs LOWER()
--     -- Note: Only includes campaigns with explicit geo targeting (~20-100% coverage)
--     SELECT
--         DATE(stat_time_day) AS date,
--         CONCAT('tiktok_ads_', CAST(campaign_id AS STRING)) AS campaign_id,
--         LOWER(country_code) AS country_code,
--         COALESCE(spend, 0) AS spend,
--         COALESCE(impressions, 0) AS impressions,
--         COALESCE(clicks, 0) AS clicks,
--         COALESCE(conversion, 0) AS conversions,
--         FALSE AS is_estimated
--     FROM `res-analytics`.`tiktok_ads`.`campaign_country_report`
--     WHERE country_code IS NOT NULL
--       AND country_code != 'None'
-- ),

-- bing_geo AS (
--     -- Bing: country is full name, needs mapping via seed
--     -- Aggregates away device_type, device_os, network, goal dimensions
--     SELECT
--         date_day AS date,
--         CONCAT('bingads_', CAST(b.campaign_id AS STRING)) AS campaign_id,
--         cc.country_code,
--         SUM(COALESCE(b.spend, 0)) AS spend,
--         SUM(COALESCE(b.impressions, 0)) AS impressions,
--         SUM(COALESCE(b.clicks, 0)) AS clicks,
--         SUM(COALESCE(b.conversions, 0)) AS conversions,
--         FALSE AS is_estimated
--     FROM `res-analytics`.`bingads_microsoft_ads`.`microsoft_ads__campaign_country_report` b
--     LEFT JOIN `res-analytics`.`cortex`.`country_codes` cc
--         ON LOWER(b.country) = LOWER(cc.country_name)
--     WHERE b.country IS NOT NULL
--     GROUP BY 1, 2, 3
-- ),

-- facebook_geo AS (
--     SELECT
--         date AS date,
--         CONCAT('facebook_ads_', CAST(campaign_id AS STRING)) AS campaign_id,
--         LOWER(country) AS country_code,
--         COALESCE(spend, 0) AS spend,
--         COALESCE(impressions, 0) AS impressions,
--         COALESCE(clicks, 0) AS clicks,
--         0 AS conversions,
--         FALSE AS is_estimated
--     FROM `res-analytics`.`facebook_ads_v2`.`campaign_country_daily`
--     WHERE country IS NOT NULL
-- ),

with google_geo AS (
    SELECT
        date AS date,
        CONCAT('google_ads_', CAST(campaign_id AS STRING)) AS campaign_id,
        gt.country_code,
        COALESCE(cost_micros / 1000000.0, 0) AS spend,
        COALESCE(impressions, 0) AS impressions,
        COALESCE(clicks, 0) AS clicks,
        COALESCE(all_conversions, 0) AS conversions,
        FALSE AS is_estimated
    FROM `res-analytics`.`google_ads_v2`.`country_campaign_report` g
    LEFT JOIN `res-analytics`.`cortex`.`google_geo_targets` gt
        ON g.country_criterion_id = gt.criterion_id
    WHERE gt.country_code IS NOT NULL
),

-- -- LinkedIn: Monthly geo data distributed to daily estimates using WEIGHTED distribution
-- -- Weighted by actual daily campaign spend patterns (not uniform)
-- -- This reduces daily estimation error by ~69% compared to uniform distribution
-- -- Note: LinkedIn campaign_id maps to campaign_group_id for nexus.campaigns join
-- linkedin_campaign_to_group AS (
--     SELECT
--         id AS campaign_id,
--         campaign_group_id
--     FROM `res-analytics`.`linkedin_ads`.`campaign_history`
--     QUALIFY ROW_NUMBER() OVER (PARTITION BY id ORDER BY last_modified_time DESC) = 1
-- ),

-- linkedin_monthly_geo AS (
--     SELECT
--         m.campaign_id,
--         cg.campaign_group_id,
--         m.member_country AS geo_urn,
--         m.month,
--         CAST(m.cost_in_local_currency AS FLOAT64) AS monthly_spend,
--         m.impressions AS monthly_impressions,
--         m.clicks AS monthly_clicks,
--         COALESCE(m.external_website_conversions, 0) AS monthly_conversions
--     FROM `res-analytics`.`linkedin_ads`.`monthly_ad_analytics_by_member_country` m
--     LEFT JOIN linkedin_campaign_to_group cg ON m.campaign_id = cg.campaign_id
--     WHERE CAST(m.cost_in_local_currency AS FLOAT64) > 0
-- ),

-- -- Daily campaign spend for weighted distribution
-- linkedin_daily_campaign_spend AS (
--     SELECT
--         campaign_id,
--         DATE(day) AS date,
--         CONCAT(CAST(EXTRACT(YEAR FROM DATE(day)) AS STRING), '-', CAST(EXTRACT(MONTH FROM DATE(day)) AS STRING)) AS month_key,
--         CAST(cost_in_local_currency AS FLOAT64) AS daily_spend,
--         impressions AS daily_impressions,
--         clicks AS daily_clicks,
--         COALESCE(external_website_conversions, 0) AS daily_conversions
--     FROM `res-analytics`.`linkedin_ads`.`ad_analytics_by_campaign`
--     WHERE cost_in_local_currency > 0
-- ),

-- -- Monthly totals from daily campaign data (for calculating weight ratios)
-- linkedin_monthly_campaign_totals AS (
--     SELECT
--         campaign_id,
--         month_key,
--         SUM(daily_spend) AS monthly_campaign_spend,
--         SUM(daily_impressions) AS monthly_campaign_impressions,
--         SUM(daily_clicks) AS monthly_campaign_clicks,
--         SUM(daily_conversions) AS monthly_campaign_conversions
--     FROM linkedin_daily_campaign_spend
--     GROUP BY 1, 2
-- ),

-- -- LinkedIn geo data before aggregation (one row per campaign within group)
-- -- Uses WEIGHTED distribution: monthly_geo × (daily_campaign / monthly_campaign)
-- linkedin_geo_raw AS (
--     SELECT
--         d.date,
--         -- Use campaign_group_id to match nexus.campaigns (LinkedIn hierarchy)
--         CONCAT('linkedin_ads_', CAST(g.campaign_group_id AS STRING)) AS campaign_id,
--         u.country_code,
--         -- Weighted distribution formula: monthly_geo × (daily / monthly)
--         ROUND(g.monthly_spend * SAFE_DIVIDE(d.daily_spend, m.monthly_campaign_spend), 4) AS spend,
--         ROUND(g.monthly_impressions * SAFE_DIVIDE(d.daily_impressions, m.monthly_campaign_impressions), 0) AS impressions,
--         ROUND(g.monthly_clicks * SAFE_DIVIDE(d.daily_clicks, m.monthly_campaign_clicks), 0) AS clicks,
--         ROUND(g.monthly_conversions * SAFE_DIVIDE(d.daily_conversions, m.monthly_campaign_conversions), 0) AS conversions
--     FROM linkedin_monthly_geo g
--     JOIN linkedin_monthly_campaign_totals m
--         ON g.campaign_id = m.campaign_id
--         AND g.month = m.month_key
--     JOIN linkedin_daily_campaign_spend d
--         ON g.campaign_id = d.campaign_id
--         AND m.month_key = d.month_key
--     LEFT JOIN `res-analytics`.`cortex`.`linkedin_geo_urn` u
--         ON g.geo_urn = u.geo_urn
--     WHERE u.country_code IS NOT NULL
--       AND g.campaign_group_id IS NOT NULL
-- ),

-- -- Aggregate to campaign_group level (multiple campaigns roll up to one group)
-- linkedin_geo AS (
--     SELECT
--         date,
--         campaign_id,
--         country_code,
--         SUM(spend) AS spend,
--         SUM(impressions) AS impressions,
--         SUM(clicks) AS clicks,
--         SUM(conversions) AS conversions,
--         TRUE AS is_estimated
--     FROM linkedin_geo_raw
--     GROUP BY date, campaign_id, country_code
-- ),

all_geo AS (
    -- SELECT * FROM tiktok_geo
    -- UNION ALL
    -- SELECT * FROM bing_geo
    -- UNION ALL
    -- SELECT * FROM facebook_geo  -- Uncomment when campaign_country_daily exists
    -- UNION ALL
    SELECT * FROM google_geo
    -- UNION ALL
    -- SELECT * FROM linkedin_geo
)

SELECT
    g.date,
    c.organization_id,
    c.product_id,
    c.ad_network_id,
    c.account_id,
    g.campaign_id,
    c.campaign_name,
    g.country_code,
    g.spend,
    g.impressions,
    g.clicks,
    g.conversions,
    g.is_estimated
FROM all_geo g
LEFT JOIN `res-analytics`.`com_allied`.`campaigns` c
    ON g.campaign_id = c.id
WHERE g.country_code IS NOT NULL
    );
  
[0m20:58:07.670589 [debug] [Thread-3 (]: On "model.analytics.ads": cache miss for schema "res-analytics.com_allied_google_ads", this is inefficient
[0m20:58:07.785466 [debug] [Thread-1 (]: On "model.analytics.adsets": cache miss for schema "res-analytics.com_allied_linkedin_ads", this is inefficient
[0m20:58:07.869858 [debug] [Thread-3 (]: On "model.analytics.ads": cache miss for schema "res-analytics.com_allied_google_ads", this is inefficient
[0m20:58:07.980062 [debug] [Thread-1 (]: On "model.analytics.adsets": cache miss for schema "res-analytics.com_allied_tiktok_ads", this is inefficient
[0m20:58:08.077708 [debug] [Thread-3 (]: On "model.analytics.ads": cache miss for schema "res-analytics.com_allied_linkedin_ads", this is inefficient
[0m20:58:08.122123 [debug] [Thread-2 (]: BigQuery adapter: https://console.cloud.google.com/bigquery?project=res-analytics&j=bq:US:d458b0b5-a95f-417b-9886-c704e426091c&page=queryresults
[0m20:58:08.202748 [debug] [Thread-1 (]: On "model.analytics.adsets": cache miss for schema "res-analytics.com_allied_bing_ads", this is inefficient
[0m20:58:08.286234 [debug] [Thread-3 (]: On "model.analytics.ads": cache miss for schema "res-analytics.com_allied_linkedin_ads", this is inefficient
[0m20:58:08.397461 [debug] [Thread-1 (]: On "model.analytics.adsets": cache miss for schema "res-analytics.com_allied_google_ads", this is inefficient
[0m20:58:08.484850 [debug] [Thread-3 (]: On "model.analytics.ads": cache miss for schema "res-analytics.com_allied_tiktok_ads", this is inefficient
[0m20:58:08.587905 [debug] [Thread-1 (]: Writing injected SQL for node "model.analytics.adsets"
[0m20:58:08.588603 [debug] [Thread-1 (]: Began executing node model.analytics.adsets
[0m20:58:08.591011 [debug] [Thread-1 (]: On model.analytics.adsets: /* {"app": "dbt", "dbt_version": "1.11.2", "profile_name": "default", "target_name": "dev", "node_id": "model.analytics.adsets"} */
select * from (
        


WITH facebook_adset_latest AS (
  
  SELECT
    CAST(NULL AS STRING) as id,
    CAST(NULL AS STRING) as name,
    CAST(NULL AS STRING) as campaign_id,
    CAST(NULL AS INT64) as rn
  FROM (SELECT 1) WHERE FALSE
  
),

facebook_adsets AS (
  SELECT
    id,
    name,
    campaign_id
  FROM facebook_adset_latest
  WHERE rn = 1
),



google_adgroup_latest AS (
  
  SELECT
    CAST(NULL AS STRING) as id,
    CAST(NULL AS STRING) as name,
    CAST(NULL AS STRING) as campaign_id,
    CAST(NULL AS INT64) as rn
  FROM (SELECT 1) WHERE FALSE
  
),

google_adsets AS (
  SELECT
    id,
    name,
    campaign_id
  FROM google_adgroup_latest
  WHERE rn = 1
),


linkedin_campaign_latest AS (
  
  SELECT
    CAST(NULL AS STRING) as id,
    CAST(NULL AS STRING) as name,
    CAST(NULL AS STRING) as campaign_id,
    CAST(NULL AS INT64) as rn
  FROM (SELECT 1) WHERE FALSE
  
),

linkedin_adsets AS (
  SELECT
    id,
    name,
    campaign_id
  FROM linkedin_campaign_latest
  WHERE rn = 1
),


tiktok_adgroup_latest AS (
  
  SELECT
    CAST(NULL AS STRING) as id,
    CAST(NULL AS STRING) as name,
    CAST(NULL AS STRING) as campaign_id,
    CAST(NULL AS INT64) as rn
  FROM (SELECT 1) WHERE FALSE
  
),

tiktok_adsets AS (
  SELECT
    id,
    name,
    campaign_id
  FROM tiktok_adgroup_latest
  WHERE rn = 1
),


bing_adgroup_latest AS (
  
  SELECT
    CAST(NULL AS STRING) as id,
    CAST(NULL AS STRING) as name,
    CAST(NULL AS STRING) as campaign_id,
    CAST(NULL AS INT64) as rn
  FROM (SELECT 1) WHERE FALSE
  
),

bing_adsets AS (
  SELECT
    id,
    name,
    campaign_id
  FROM bing_adgroup_latest
  WHERE rn = 1
),

-- Google Performance Max synthetic adsets (PMax has no adset-level data, only campaign-level)


google_pmax_campaigns AS (
  
  SELECT
    CAST(NULL AS STRING) as id,
    CAST(NULL AS STRING) as name,
    CAST(NULL AS STRING) as account_id
  FROM (SELECT 1) WHERE FALSE
  
),

google_pmax_adsets AS (
  SELECT
    id,
    name,
    id AS campaign_id  -- For PMax, adset = campaign (synthetic)
  FROM google_pmax_campaigns
),

all_adsets AS (
  SELECT
    CONCAT('facebook_ads_', CAST(id AS STRING)) AS id,
    name AS adset_name,
    CONCAT('facebook_ads_', CAST(campaign_id AS STRING)) AS campaign_id,
    'facebook_ads' AS ad_network_id
  FROM facebook_adsets

  UNION ALL

  SELECT
    CONCAT('google_ads_', CAST(id AS STRING)) AS id,
    name AS adset_name,
    CONCAT('google_ads_', CAST(campaign_id AS STRING)) AS campaign_id,
    'google_ads' AS ad_network_id
  FROM google_adsets

  UNION ALL

  SELECT
    CONCAT('linkedin_ads_', CAST(id AS STRING)) AS id,
    name AS adset_name,
    CONCAT('linkedin_ads_', CAST(campaign_id AS STRING)) AS campaign_id,
    'linkedin_ads' AS ad_network_id
  FROM linkedin_adsets

  UNION ALL

  SELECT
    CONCAT('tiktok_ads_', CAST(id AS STRING)) AS id,
    name AS adset_name,
    CONCAT('tiktok_ads_', CAST(campaign_id AS STRING)) AS campaign_id,
    'tiktok_ads' AS ad_network_id
  FROM tiktok_adsets

  UNION ALL

  SELECT
    CONCAT('bingads_', CAST(id AS STRING)) AS id,
    name AS adset_name,
    CONCAT('bingads_', CAST(campaign_id AS STRING)) AS campaign_id,
    'bingads' AS ad_network_id
  FROM bing_adsets

  UNION ALL

  -- Google Performance Max synthetic adsets (campaign-level)
  SELECT
    CONCAT('google_ads_', CAST(id AS STRING), '_pmax') AS id,
    CONCAT(name, ' (PMax)') AS adset_name,
    CONCAT('google_ads_', CAST(campaign_id AS STRING)) AS campaign_id,
    'google_ads' AS ad_network_id
  FROM google_pmax_adsets
)

SELECT
  a.id,
  a.adset_name,
  a.campaign_id,
  a.ad_network_id,
  c.account_id,
  c.organization_id,
  c.product_id
FROM all_adsets a
LEFT JOIN `res-analytics`.`com_allied`.`campaigns` c
  ON a.campaign_id = c.id


    ) as __dbt_sbq
    where false and current_timestamp() = current_timestamp()
    limit 0

[0m20:58:08.731950 [debug] [Thread-3 (]: On "model.analytics.ads": cache miss for schema "res-analytics.com_allied_bing_ads", this is inefficient
[0m20:58:08.993097 [debug] [Thread-3 (]: On "model.analytics.ads": cache miss for schema "res-analytics.com_allied_bing_ads", this is inefficient
[0m20:58:09.141602 [debug] [Thread-1 (]: BigQuery adapter: https://console.cloud.google.com/bigquery?project=res-analytics&j=bq:US:da48c421-c58a-47bc-b411-541499aa6888&page=queryresults
[0m20:58:09.220888 [debug] [Thread-3 (]: On "model.analytics.ads": cache miss for schema "res-analytics.com_allied_google_ads", this is inefficient
[0m20:58:09.329343 [debug] [Thread-1 (]: SQL status: OK in 0.187 seconds
[0m20:58:09.331356 [debug] [Thread-1 (]: On model.analytics.adsets: /* {"app": "dbt", "dbt_version": "1.11.2", "profile_name": "default", "target_name": "dev", "node_id": "model.analytics.adsets"} */
select * from (
        select
    
      
    cast(null as STRING)
 as id, 
      
    cast(null as STRING)
 as adset_name, 
      
    cast(null as STRING)
 as campaign_id, 
      
    cast(null as STRING)
 as ad_network_id, 
      
    cast(null as STRING)
 as account_id, 
      
    cast(null as STRING)
 as organization_id, 
      
    cast(null as STRING)
 as product_id
    ) as __dbt_sbq
    where false and current_timestamp() = current_timestamp()
    limit 0

[0m20:58:09.422258 [debug] [Thread-3 (]: Writing injected SQL for node "model.analytics.ads"
[0m20:58:09.424346 [debug] [Thread-3 (]: Began executing node model.analytics.ads
[0m20:58:09.430656 [debug] [Thread-3 (]: On model.analytics.ads: /* {"app": "dbt", "dbt_version": "1.11.2", "profile_name": "default", "target_name": "dev", "node_id": "model.analytics.ads"} */
select * from (
        



WITH facebook_ad_latest AS (
  
  SELECT
    CAST(NULL AS STRING) as id,
    CAST(NULL AS STRING) as name,
    CAST(NULL AS STRING) as adset_id,
    CAST(NULL AS STRING) as campaign_id,
    CAST(NULL AS STRING) as creative_id,
    CAST(NULL AS INT64) as rn
  FROM (SELECT 1) WHERE FALSE
  
),

facebook_ads AS (
  SELECT
    id,
    name,
    adset_id,
    campaign_id,
    creative_id
  FROM facebook_ad_latest
  WHERE rn = 1
),



google_ad_latest AS (
  
  SELECT
    CAST(NULL AS STRING) as id,
    CAST(NULL AS STRING) as name,
    CAST(NULL AS STRING) as adset_id,
    CAST(NULL AS STRING) as campaign_id,
    CAST(NULL AS INT64) as rn
  FROM (SELECT 1) WHERE FALSE
  
),

google_ads AS (
  SELECT
    id,
    name,
    adset_id,
    campaign_id
  FROM google_ad_latest
  WHERE rn = 1
),




linkedin_creative_latest AS (
  
  SELECT
    CAST(NULL AS STRING) as id,
    CAST(NULL AS STRING) as name,
    CAST(NULL AS STRING) as adset_id,
    CAST(NULL AS STRING) as campaign_id,
    CAST(NULL AS INT64) as rn
  FROM (SELECT 1) WHERE FALSE
  
),

linkedin_ads AS (
  SELECT
    id,
    name,
    adset_id,
    campaign_id
  FROM linkedin_creative_latest
  WHERE rn = 1
),



tiktok_ad_latest AS (
  
  SELECT
    CAST(NULL AS STRING) as id,
    CAST(NULL AS STRING) as name,
    CAST(NULL AS STRING) as adset_id,
    CAST(NULL AS STRING) as campaign_id,
    CAST(NULL AS INT64) as rn
  FROM (SELECT 1) WHERE FALSE
  
),

tiktok_ads AS (
  SELECT
    id,
    name,
    adset_id,
    campaign_id
  FROM tiktok_ad_latest
  WHERE rn = 1
),



bing_ad_latest AS (
  
  SELECT
    CAST(NULL AS STRING) as id,
    CAST(NULL AS STRING) as name,
    CAST(NULL AS STRING) as adset_id,
    CAST(NULL AS STRING) as campaign_id,
    CAST(NULL AS INT64) as rn
  FROM (SELECT 1) WHERE FALSE
  
),

bing_ads AS (
  SELECT
    id,
    name,
    adset_id,
    campaign_id
  FROM bing_ad_latest
  WHERE rn = 1
),

-- Google Performance Max synthetic ads (PMax has no ad-level data, only campaign-level)


google_pmax_campaigns AS (
  
  SELECT
    CAST(NULL AS STRING) as id,
    CAST(NULL AS STRING) as name,
    CAST(NULL AS STRING) as account_id
  FROM (SELECT 1) WHERE FALSE
  
),

google_pmax_ads AS (
  SELECT
    id,
    name,
    id AS adset_id,  -- For PMax, adset = campaign (synthetic)
    id AS campaign_id
  FROM google_pmax_campaigns
),

all_ads AS (
  SELECT
    CONCAT('facebook_ads_', CAST(id AS STRING)) AS id,
    name AS ad_name,
    CONCAT('facebook_ads_', CAST(adset_id AS STRING)) AS adset_id,
    CONCAT('facebook_ads_', CAST(campaign_id AS STRING)) AS campaign_id,
    CONCAT('facebook_ads_', CAST(creative_id AS STRING)) AS creative_id,
    'facebook_ads' AS ad_network_id
  FROM facebook_ads

  UNION ALL

  SELECT
    CONCAT('google_ads_', CAST(id AS STRING)) AS id,
    name AS ad_name,
    CONCAT('google_ads_', CAST(adset_id AS STRING)) AS adset_id,
    CONCAT('google_ads_', CAST(campaign_id AS STRING)) AS campaign_id,
    CAST(NULL AS STRING) AS creative_id,
    'google_ads' AS ad_network_id
  FROM google_ads

  UNION ALL

  SELECT
    CONCAT('linkedin_ads_', CAST(id AS STRING)) AS id,
    name AS ad_name,
    CONCAT('linkedin_ads_', CAST(adset_id AS STRING)) AS adset_id,
    CONCAT('linkedin_ads_', CAST(campaign_id AS STRING)) AS campaign_id,
    CAST(NULL AS STRING) AS creative_id,
    'linkedin_ads' AS ad_network_id
  FROM linkedin_ads

  UNION ALL

  SELECT
    CONCAT('tiktok_ads_', CAST(id AS STRING)) AS id,
    name AS ad_name,
    CONCAT('tiktok_ads_', CAST(adset_id AS STRING)) AS adset_id,
    CONCAT('tiktok_ads_', CAST(campaign_id AS STRING)) AS campaign_id,
    CAST(NULL AS STRING) AS creative_id,
    'tiktok_ads' AS ad_network_id
  FROM tiktok_ads

  UNION ALL

  SELECT
    CONCAT('bingads_', CAST(id AS STRING)) AS id,
    name AS ad_name,
    CONCAT('bingads_', CAST(adset_id AS STRING)) AS adset_id,
    CONCAT('bingads_', CAST(campaign_id AS STRING)) AS campaign_id,
    CAST(NULL AS STRING) AS creative_id,
    'bingads' AS ad_network_id
  FROM bing_ads

  UNION ALL

  -- Google Performance Max synthetic ads (campaign-level)
  SELECT
    CONCAT('google_ads_', CAST(id AS STRING), '_pmax') AS id,
    CONCAT(name, ' (PMax)') AS ad_name,
    CONCAT('google_ads_', CAST(adset_id AS STRING), '_pmax') AS adset_id,
    CONCAT('google_ads_', CAST(campaign_id AS STRING)) AS campaign_id,
    CAST(NULL AS STRING) AS creative_id,
    'google_ads' AS ad_network_id
  FROM google_pmax_ads
)

SELECT
  a.id,
  a.ad_name,
  a.adset_id,
  a.campaign_id,
  a.creative_id,
  a.ad_network_id,
  c.account_id,
  c.organization_id,
  c.product_id
FROM all_ads a
LEFT JOIN `res-analytics`.`com_allied`.`campaigns` c
  ON a.campaign_id = c.id


    ) as __dbt_sbq
    where false and current_timestamp() = current_timestamp()
    limit 0

[0m20:58:09.593307 [debug] [Thread-1 (]: BigQuery adapter: https://console.cloud.google.com/bigquery?project=res-analytics&j=bq:US:0315f975-4202-45a0-be58-9a52b1b58e21&page=queryresults
[0m20:58:09.905180 [debug] [Thread-1 (]: SQL status: OK in 0.311 seconds
[0m20:58:09.906921 [debug] [Thread-1 (]: Writing runtime sql for node "model.analytics.adsets"
[0m20:58:09.907691 [debug] [Thread-1 (]: On model.analytics.adsets: /* {"app": "dbt", "dbt_version": "1.11.2", "profile_name": "default", "target_name": "dev", "node_id": "model.analytics.adsets"} */

  
    

    create or replace table `res-analytics`.`com_allied`.`adsets`
        
  (
    id STRING,
    adset_name STRING,
    campaign_id STRING,
    ad_network_id STRING,
    account_id STRING,
    organization_id STRING,
    product_id STRING
    
    )

      
    
    

    
    OPTIONS()
    as (
      
    select id, adset_name, campaign_id, ad_network_id, account_id, organization_id, product_id
    from (
        


WITH facebook_adset_latest AS (
  
  SELECT
    CAST(NULL AS STRING) as id,
    CAST(NULL AS STRING) as name,
    CAST(NULL AS STRING) as campaign_id,
    CAST(NULL AS INT64) as rn
  FROM (SELECT 1) WHERE FALSE
  
),

facebook_adsets AS (
  SELECT
    id,
    name,
    campaign_id
  FROM facebook_adset_latest
  WHERE rn = 1
),



google_adgroup_latest AS (
  
  SELECT
    CAST(NULL AS STRING) as id,
    CAST(NULL AS STRING) as name,
    CAST(NULL AS STRING) as campaign_id,
    CAST(NULL AS INT64) as rn
  FROM (SELECT 1) WHERE FALSE
  
),

google_adsets AS (
  SELECT
    id,
    name,
    campaign_id
  FROM google_adgroup_latest
  WHERE rn = 1
),


linkedin_campaign_latest AS (
  
  SELECT
    CAST(NULL AS STRING) as id,
    CAST(NULL AS STRING) as name,
    CAST(NULL AS STRING) as campaign_id,
    CAST(NULL AS INT64) as rn
  FROM (SELECT 1) WHERE FALSE
  
),

linkedin_adsets AS (
  SELECT
    id,
    name,
    campaign_id
  FROM linkedin_campaign_latest
  WHERE rn = 1
),


tiktok_adgroup_latest AS (
  
  SELECT
    CAST(NULL AS STRING) as id,
    CAST(NULL AS STRING) as name,
    CAST(NULL AS STRING) as campaign_id,
    CAST(NULL AS INT64) as rn
  FROM (SELECT 1) WHERE FALSE
  
),

tiktok_adsets AS (
  SELECT
    id,
    name,
    campaign_id
  FROM tiktok_adgroup_latest
  WHERE rn = 1
),


bing_adgroup_latest AS (
  
  SELECT
    CAST(NULL AS STRING) as id,
    CAST(NULL AS STRING) as name,
    CAST(NULL AS STRING) as campaign_id,
    CAST(NULL AS INT64) as rn
  FROM (SELECT 1) WHERE FALSE
  
),

bing_adsets AS (
  SELECT
    id,
    name,
    campaign_id
  FROM bing_adgroup_latest
  WHERE rn = 1
),

-- Google Performance Max synthetic adsets (PMax has no adset-level data, only campaign-level)


google_pmax_campaigns AS (
  
  SELECT
    CAST(NULL AS STRING) as id,
    CAST(NULL AS STRING) as name,
    CAST(NULL AS STRING) as account_id
  FROM (SELECT 1) WHERE FALSE
  
),

google_pmax_adsets AS (
  SELECT
    id,
    name,
    id AS campaign_id  -- For PMax, adset = campaign (synthetic)
  FROM google_pmax_campaigns
),

all_adsets AS (
  SELECT
    CONCAT('facebook_ads_', CAST(id AS STRING)) AS id,
    name AS adset_name,
    CONCAT('facebook_ads_', CAST(campaign_id AS STRING)) AS campaign_id,
    'facebook_ads' AS ad_network_id
  FROM facebook_adsets

  UNION ALL

  SELECT
    CONCAT('google_ads_', CAST(id AS STRING)) AS id,
    name AS adset_name,
    CONCAT('google_ads_', CAST(campaign_id AS STRING)) AS campaign_id,
    'google_ads' AS ad_network_id
  FROM google_adsets

  UNION ALL

  SELECT
    CONCAT('linkedin_ads_', CAST(id AS STRING)) AS id,
    name AS adset_name,
    CONCAT('linkedin_ads_', CAST(campaign_id AS STRING)) AS campaign_id,
    'linkedin_ads' AS ad_network_id
  FROM linkedin_adsets

  UNION ALL

  SELECT
    CONCAT('tiktok_ads_', CAST(id AS STRING)) AS id,
    name AS adset_name,
    CONCAT('tiktok_ads_', CAST(campaign_id AS STRING)) AS campaign_id,
    'tiktok_ads' AS ad_network_id
  FROM tiktok_adsets

  UNION ALL

  SELECT
    CONCAT('bingads_', CAST(id AS STRING)) AS id,
    name AS adset_name,
    CONCAT('bingads_', CAST(campaign_id AS STRING)) AS campaign_id,
    'bingads' AS ad_network_id
  FROM bing_adsets

  UNION ALL

  -- Google Performance Max synthetic adsets (campaign-level)
  SELECT
    CONCAT('google_ads_', CAST(id AS STRING), '_pmax') AS id,
    CONCAT(name, ' (PMax)') AS adset_name,
    CONCAT('google_ads_', CAST(campaign_id AS STRING)) AS campaign_id,
    'google_ads' AS ad_network_id
  FROM google_pmax_adsets
)

SELECT
  a.id,
  a.adset_name,
  a.campaign_id,
  a.ad_network_id,
  c.account_id,
  c.organization_id,
  c.product_id
FROM all_adsets a
LEFT JOIN `res-analytics`.`com_allied`.`campaigns` c
  ON a.campaign_id = c.id


    ) as model_subq
    );
  
[0m20:58:09.921555 [debug] [Thread-3 (]: BigQuery adapter: https://console.cloud.google.com/bigquery?project=res-analytics&j=bq:US:bc3db02a-9583-46cc-8b5c-5e6d839c6b53&page=queryresults
[0m20:58:10.035282 [debug] [Thread-2 (]: SQL status: OK in 1.910 seconds
[0m20:58:10.095741 [debug] [Thread-3 (]: SQL status: OK in 0.174 seconds
[0m20:58:10.100354 [debug] [Thread-3 (]: On model.analytics.ads: /* {"app": "dbt", "dbt_version": "1.11.2", "profile_name": "default", "target_name": "dev", "node_id": "model.analytics.ads"} */
select * from (
        select
    
      
    cast(null as STRING)
 as id, 
      
    cast(null as STRING)
 as ad_name, 
      
    cast(null as STRING)
 as adset_id, 
      
    cast(null as STRING)
 as campaign_id, 
      
    cast(null as STRING)
 as creative_id, 
      
    cast(null as STRING)
 as ad_network_id, 
      
    cast(null as STRING)
 as account_id, 
      
    cast(null as STRING)
 as organization_id, 
      
    cast(null as STRING)
 as product_id
    ) as __dbt_sbq
    where false and current_timestamp() = current_timestamp()
    limit 0

[0m20:58:10.277850 [debug] [Thread-2 (]: Sending event: {'category': 'dbt', 'action': 'run_model', 'label': '54b51e91-beca-458a-9ea6-495aed389e06', 'context': [<snowplow_tracker.self_describing_json.SelfDescribingJson object at 0x11ec52890>]}
[0m20:58:10.278358 [info ] [Thread-2 (]: 7 of 12 OK created sql table model cortex.geo_campaign_daily ................... [[32mCREATE TABLE (34.5k rows, 1.8 MiB processed)[0m in 3.00s]
[0m20:58:10.278647 [debug] [Thread-2 (]: Finished running node model.analytics.geo_campaign_daily
[0m20:58:10.430098 [debug] [Thread-3 (]: BigQuery adapter: https://console.cloud.google.com/bigquery?project=res-analytics&j=bq:US:d48888f6-8ff8-45b4-82d5-a7c3ffb2164f&page=queryresults
[0m20:58:10.431768 [debug] [Thread-1 (]: BigQuery adapter: https://console.cloud.google.com/bigquery?project=res-analytics&j=bq:US:bed6c301-e879-4255-bf2a-c80c9ee5afee&page=queryresults
[0m20:58:10.625954 [debug] [Thread-3 (]: SQL status: OK in 0.195 seconds
[0m20:58:10.629931 [debug] [Thread-3 (]: Writing runtime sql for node "model.analytics.ads"
[0m20:58:10.630684 [debug] [Thread-3 (]: On model.analytics.ads: /* {"app": "dbt", "dbt_version": "1.11.2", "profile_name": "default", "target_name": "dev", "node_id": "model.analytics.ads"} */

  
    

    create or replace table `res-analytics`.`com_allied`.`ads`
        
  (
    id STRING,
    ad_name STRING,
    adset_id STRING,
    campaign_id STRING,
    creative_id STRING,
    ad_network_id STRING,
    account_id STRING,
    organization_id STRING,
    product_id STRING
    
    )

      
    
    

    
    OPTIONS()
    as (
      
    select id, ad_name, adset_id, campaign_id, creative_id, ad_network_id, account_id, organization_id, product_id
    from (
        



WITH facebook_ad_latest AS (
  
  SELECT
    CAST(NULL AS STRING) as id,
    CAST(NULL AS STRING) as name,
    CAST(NULL AS STRING) as adset_id,
    CAST(NULL AS STRING) as campaign_id,
    CAST(NULL AS STRING) as creative_id,
    CAST(NULL AS INT64) as rn
  FROM (SELECT 1) WHERE FALSE
  
),

facebook_ads AS (
  SELECT
    id,
    name,
    adset_id,
    campaign_id,
    creative_id
  FROM facebook_ad_latest
  WHERE rn = 1
),



google_ad_latest AS (
  
  SELECT
    CAST(NULL AS STRING) as id,
    CAST(NULL AS STRING) as name,
    CAST(NULL AS STRING) as adset_id,
    CAST(NULL AS STRING) as campaign_id,
    CAST(NULL AS INT64) as rn
  FROM (SELECT 1) WHERE FALSE
  
),

google_ads AS (
  SELECT
    id,
    name,
    adset_id,
    campaign_id
  FROM google_ad_latest
  WHERE rn = 1
),




linkedin_creative_latest AS (
  
  SELECT
    CAST(NULL AS STRING) as id,
    CAST(NULL AS STRING) as name,
    CAST(NULL AS STRING) as adset_id,
    CAST(NULL AS STRING) as campaign_id,
    CAST(NULL AS INT64) as rn
  FROM (SELECT 1) WHERE FALSE
  
),

linkedin_ads AS (
  SELECT
    id,
    name,
    adset_id,
    campaign_id
  FROM linkedin_creative_latest
  WHERE rn = 1
),



tiktok_ad_latest AS (
  
  SELECT
    CAST(NULL AS STRING) as id,
    CAST(NULL AS STRING) as name,
    CAST(NULL AS STRING) as adset_id,
    CAST(NULL AS STRING) as campaign_id,
    CAST(NULL AS INT64) as rn
  FROM (SELECT 1) WHERE FALSE
  
),

tiktok_ads AS (
  SELECT
    id,
    name,
    adset_id,
    campaign_id
  FROM tiktok_ad_latest
  WHERE rn = 1
),



bing_ad_latest AS (
  
  SELECT
    CAST(NULL AS STRING) as id,
    CAST(NULL AS STRING) as name,
    CAST(NULL AS STRING) as adset_id,
    CAST(NULL AS STRING) as campaign_id,
    CAST(NULL AS INT64) as rn
  FROM (SELECT 1) WHERE FALSE
  
),

bing_ads AS (
  SELECT
    id,
    name,
    adset_id,
    campaign_id
  FROM bing_ad_latest
  WHERE rn = 1
),

-- Google Performance Max synthetic ads (PMax has no ad-level data, only campaign-level)


google_pmax_campaigns AS (
  
  SELECT
    CAST(NULL AS STRING) as id,
    CAST(NULL AS STRING) as name,
    CAST(NULL AS STRING) as account_id
  FROM (SELECT 1) WHERE FALSE
  
),

google_pmax_ads AS (
  SELECT
    id,
    name,
    id AS adset_id,  -- For PMax, adset = campaign (synthetic)
    id AS campaign_id
  FROM google_pmax_campaigns
),

all_ads AS (
  SELECT
    CONCAT('facebook_ads_', CAST(id AS STRING)) AS id,
    name AS ad_name,
    CONCAT('facebook_ads_', CAST(adset_id AS STRING)) AS adset_id,
    CONCAT('facebook_ads_', CAST(campaign_id AS STRING)) AS campaign_id,
    CONCAT('facebook_ads_', CAST(creative_id AS STRING)) AS creative_id,
    'facebook_ads' AS ad_network_id
  FROM facebook_ads

  UNION ALL

  SELECT
    CONCAT('google_ads_', CAST(id AS STRING)) AS id,
    name AS ad_name,
    CONCAT('google_ads_', CAST(adset_id AS STRING)) AS adset_id,
    CONCAT('google_ads_', CAST(campaign_id AS STRING)) AS campaign_id,
    CAST(NULL AS STRING) AS creative_id,
    'google_ads' AS ad_network_id
  FROM google_ads

  UNION ALL

  SELECT
    CONCAT('linkedin_ads_', CAST(id AS STRING)) AS id,
    name AS ad_name,
    CONCAT('linkedin_ads_', CAST(adset_id AS STRING)) AS adset_id,
    CONCAT('linkedin_ads_', CAST(campaign_id AS STRING)) AS campaign_id,
    CAST(NULL AS STRING) AS creative_id,
    'linkedin_ads' AS ad_network_id
  FROM linkedin_ads

  UNION ALL

  SELECT
    CONCAT('tiktok_ads_', CAST(id AS STRING)) AS id,
    name AS ad_name,
    CONCAT('tiktok_ads_', CAST(adset_id AS STRING)) AS adset_id,
    CONCAT('tiktok_ads_', CAST(campaign_id AS STRING)) AS campaign_id,
    CAST(NULL AS STRING) AS creative_id,
    'tiktok_ads' AS ad_network_id
  FROM tiktok_ads

  UNION ALL

  SELECT
    CONCAT('bingads_', CAST(id AS STRING)) AS id,
    name AS ad_name,
    CONCAT('bingads_', CAST(adset_id AS STRING)) AS adset_id,
    CONCAT('bingads_', CAST(campaign_id AS STRING)) AS campaign_id,
    CAST(NULL AS STRING) AS creative_id,
    'bingads' AS ad_network_id
  FROM bing_ads

  UNION ALL

  -- Google Performance Max synthetic ads (campaign-level)
  SELECT
    CONCAT('google_ads_', CAST(id AS STRING), '_pmax') AS id,
    CONCAT(name, ' (PMax)') AS ad_name,
    CONCAT('google_ads_', CAST(adset_id AS STRING), '_pmax') AS adset_id,
    CONCAT('google_ads_', CAST(campaign_id AS STRING)) AS campaign_id,
    CAST(NULL AS STRING) AS creative_id,
    'google_ads' AS ad_network_id
  FROM google_pmax_ads
)

SELECT
  a.id,
  a.ad_name,
  a.adset_id,
  a.campaign_id,
  a.creative_id,
  a.ad_network_id,
  c.account_id,
  c.organization_id,
  c.product_id
FROM all_ads a
LEFT JOIN `res-analytics`.`com_allied`.`campaigns` c
  ON a.campaign_id = c.id


    ) as model_subq
    );
  
[0m20:58:11.243768 [debug] [Thread-3 (]: BigQuery adapter: https://console.cloud.google.com/bigquery?project=res-analytics&j=bq:US:6a196b01-4b9d-4584-ba84-204c2d6bbb41&page=queryresults
[0m20:58:12.040877 [debug] [Thread-1 (]: SQL status: OK in 1.609 seconds
[0m20:58:12.282732 [debug] [Thread-1 (]: Sending event: {'category': 'dbt', 'action': 'run_model', 'label': '54b51e91-beca-458a-9ea6-495aed389e06', 'context': [<snowplow_tracker.self_describing_json.SelfDescribingJson object at 0x11e257f50>]}
[0m20:58:12.283926 [info ] [Thread-1 (]: 6 of 12 OK created sql incremental model com_allied.adsets ..................... [[32mCREATE TABLE (0.0 rows, 0 processed)[0m in 5.00s]
[0m20:58:12.284787 [debug] [Thread-1 (]: Finished running node model.analytics.adsets
[0m20:58:12.285561 [debug] [Thread-4 (]: Began running node model.analytics.keywords
[0m20:58:12.286359 [info ] [Thread-4 (]: 8 of 12 START sql incremental model cortex.keywords ............................ [RUN]
[0m20:58:12.287874 [debug] [Thread-4 (]: Re-using an available connection from the pool (formerly model.analytics.campaigns, now model.analytics.keywords)
[0m20:58:12.288575 [debug] [Thread-4 (]: Began compiling node model.analytics.keywords
[0m20:58:12.299942 [debug] [Thread-4 (]: Writing injected SQL for node "model.analytics.keywords"
[0m20:58:12.301205 [debug] [Thread-4 (]: Began executing node model.analytics.keywords
[0m20:58:12.305002 [debug] [Thread-4 (]: Opening a new connection, currently in state closed
[0m20:58:12.562824 [debug] [Thread-4 (]: Writing runtime sql for node "model.analytics.keywords"
[0m20:58:12.563914 [debug] [Thread-4 (]: On model.analytics.keywords: /* {"app": "dbt", "dbt_version": "1.11.2", "profile_name": "default", "target_name": "dev", "node_id": "model.analytics.keywords"} */
-- back compat for old kwarg name
  
  
        
            
	    
	    
            
        
    

    

    merge into `res-analytics`.`cortex`.`keywords` as DBT_INTERNAL_DEST
        using (

-- Keywords dimension table (Google Ads only for now)
-- Keywords are stored in ad_group_criterion_history with type = 'KEYWORD'

WITH google_keyword_latest AS (
  SELECT
    id AS criterion_id,
    ad_group_id,
    keyword_text,
    keyword_match_type,
    ROW_NUMBER() OVER (PARTITION BY id ORDER BY updated_at DESC) AS rn
  FROM `res-analytics`.`google_ads_v2`.`ad_group_criterion_history`
  WHERE type = 'KEYWORD'
),

google_keywords AS (
  SELECT
    criterion_id,
    ad_group_id,
    keyword_text,
    keyword_match_type
  FROM google_keyword_latest
  WHERE rn = 1
),

all_keywords AS (
  SELECT
    CONCAT('google_ads_', CAST(criterion_id AS STRING)) AS id,
    keyword_text AS keyword_name,
    keyword_match_type AS match_type,
    CONCAT('google_ads_', CAST(ad_group_id AS STRING)) AS adset_id,
    'google_ads' AS ad_network_id
  FROM google_keywords
)

SELECT
  k.id,
  k.keyword_name,
  k.match_type,
  k.adset_id,
  adset.adset_name,
  adset.campaign_id,
  c.campaign_name,
  k.ad_network_id,
  c.account_id,
  c.organization_id,
  c.product_id
FROM all_keywords k
LEFT JOIN `res-analytics`.`com_allied`.`adsets` adset
  ON k.adset_id = adset.id
LEFT JOIN `res-analytics`.`com_allied`.`campaigns` c
  ON adset.campaign_id = c.id


WHERE k.id NOT IN (SELECT id FROM `res-analytics`.`cortex`.`keywords`)

        ) as DBT_INTERNAL_SOURCE
        on ((DBT_INTERNAL_SOURCE.id = DBT_INTERNAL_DEST.id))

    
    when matched then update set
        `id` = DBT_INTERNAL_SOURCE.`id`,`keyword_name` = DBT_INTERNAL_SOURCE.`keyword_name`,`match_type` = DBT_INTERNAL_SOURCE.`match_type`,`adset_id` = DBT_INTERNAL_SOURCE.`adset_id`,`adset_name` = DBT_INTERNAL_SOURCE.`adset_name`,`campaign_id` = DBT_INTERNAL_SOURCE.`campaign_id`,`campaign_name` = DBT_INTERNAL_SOURCE.`campaign_name`,`ad_network_id` = DBT_INTERNAL_SOURCE.`ad_network_id`,`account_id` = DBT_INTERNAL_SOURCE.`account_id`,`organization_id` = DBT_INTERNAL_SOURCE.`organization_id`,`product_id` = DBT_INTERNAL_SOURCE.`product_id`
    

    when not matched then insert
        (`id`, `keyword_name`, `match_type`, `adset_id`, `adset_name`, `campaign_id`, `campaign_name`, `ad_network_id`, `account_id`, `organization_id`, `product_id`)
    values
        (`id`, `keyword_name`, `match_type`, `adset_id`, `adset_name`, `campaign_id`, `campaign_name`, `ad_network_id`, `account_id`, `organization_id`, `product_id`)


    
[0m20:58:13.060850 [debug] [Thread-4 (]: BigQuery adapter: https://console.cloud.google.com/bigquery?project=res-analytics&j=bq:US:dabe90ab-eae7-4891-9ce5-74aa79c412ed&page=queryresults
[0m20:58:13.145721 [debug] [Thread-3 (]: SQL status: OK in 1.900 seconds
[0m20:58:13.369526 [debug] [Thread-3 (]: Sending event: {'category': 'dbt', 'action': 'run_model', 'label': '54b51e91-beca-458a-9ea6-495aed389e06', 'context': [<snowplow_tracker.self_describing_json.SelfDescribingJson object at 0x11e398c90>]}
[0m20:58:13.370008 [info ] [Thread-3 (]: 5 of 12 OK created sql incremental model com_allied.ads ........................ [[32mCREATE TABLE (0.0 rows, 0 processed)[0m in 6.09s]
[0m20:58:13.370327 [debug] [Thread-3 (]: Finished running node model.analytics.ads
[0m20:58:13.370748 [debug] [Thread-1 (]: Began running node model.analytics.kpi_creative_daily
[0m20:58:13.371020 [info ] [Thread-1 (]: 9 of 12 START sql incremental model com_allied.kpi_creative_daily .............. [RUN]
[0m20:58:13.371270 [debug] [Thread-1 (]: Re-using an available connection from the pool (formerly model.analytics.adsets, now model.analytics.kpi_creative_daily)
[0m20:58:13.371509 [debug] [Thread-1 (]: Began compiling node model.analytics.kpi_creative_daily
[0m20:58:13.402335 [debug] [Thread-1 (]: On "model.analytics.kpi_creative_daily": cache miss for schema "res-analytics.com_allied_facebook_ads", this is inefficient
[0m20:58:13.402730 [debug] [Thread-1 (]: Opening a new connection, currently in state closed
[0m20:58:13.706017 [debug] [Thread-1 (]: On "model.analytics.kpi_creative_daily": cache miss for schema "res-analytics.com_allied_facebook_ads", this is inefficient
[0m20:58:13.928214 [debug] [Thread-1 (]: On "model.analytics.kpi_creative_daily": cache miss for schema "res-analytics.com_allied_facebook_ads", this is inefficient
[0m20:58:14.139738 [debug] [Thread-1 (]: On "model.analytics.kpi_creative_daily": cache miss for schema "res-analytics.com_allied_facebook_ads", this is inefficient
[0m20:58:14.376263 [debug] [Thread-1 (]: On "model.analytics.kpi_creative_daily": cache miss for schema "res-analytics.com_allied_google_ads", this is inefficient
[0m20:58:14.556138 [debug] [Thread-1 (]: On "model.analytics.kpi_creative_daily": cache miss for schema "res-analytics.com_allied_google_ads", this is inefficient
[0m20:58:14.802306 [debug] [Thread-1 (]: On "model.analytics.kpi_creative_daily": cache miss for schema "res-analytics.com_allied_linkedin_ads", this is inefficient
[0m20:58:14.953421 [debug] [Thread-1 (]: On "model.analytics.kpi_creative_daily": cache miss for schema "res-analytics.com_allied_linkedin_ads", this is inefficient
[0m20:58:15.152249 [debug] [Thread-1 (]: On "model.analytics.kpi_creative_daily": cache miss for schema "res-analytics.com_allied_linkedin_ads", this is inefficient
[0m20:58:15.306079 [debug] [Thread-1 (]: On "model.analytics.kpi_creative_daily": cache miss for schema "res-analytics.com_allied_linkedin_ads", this is inefficient
[0m20:58:15.395689 [debug] [Thread-4 (]: SQL status: OK in 2.334 seconds
[0m20:58:15.397882 [debug] [Thread-4 (]: Sending event: {'category': 'dbt', 'action': 'run_model', 'label': '54b51e91-beca-458a-9ea6-495aed389e06', 'context': [<snowplow_tracker.self_describing_json.SelfDescribingJson object at 0x11dd9ce90>]}
[0m20:58:15.398339 [info ] [Thread-4 (]: 8 of 12 OK created sql incremental model cortex.keywords ....................... [[32mMERGE (0.0 rows, 10.7 MiB processed)[0m in 3.11s]
[0m20:58:15.398707 [debug] [Thread-4 (]: Finished running node model.analytics.keywords
[0m20:58:15.399074 [debug] [Thread-3 (]: Began running node model.analytics.kpi_keyword_daily
[0m20:58:15.399359 [info ] [Thread-3 (]: 10 of 12 START sql incremental model cortex.kpi_keyword_daily .................. [RUN]
[0m20:58:15.399610 [debug] [Thread-3 (]: Re-using an available connection from the pool (formerly model.analytics.ads, now model.analytics.kpi_keyword_daily)
[0m20:58:15.399821 [debug] [Thread-3 (]: Began compiling node model.analytics.kpi_keyword_daily
[0m20:58:15.406066 [debug] [Thread-3 (]: Writing injected SQL for node "model.analytics.kpi_keyword_daily"
[0m20:58:15.407110 [debug] [Thread-3 (]: Began executing node model.analytics.kpi_keyword_daily
[0m20:58:15.417205 [debug] [Thread-3 (]: Opening a new connection, currently in state closed
[0m20:58:15.545486 [debug] [Thread-1 (]: On "model.analytics.kpi_creative_daily": cache miss for schema "res-analytics.com_allied_linkedin_ads", this is inefficient
[0m20:58:15.667235 [debug] [Thread-3 (]: Writing runtime sql for node "model.analytics.kpi_keyword_daily"
[0m20:58:15.668731 [debug] [Thread-3 (]: On model.analytics.kpi_keyword_daily: /* {"app": "dbt", "dbt_version": "1.11.2", "profile_name": "default", "target_name": "dev", "node_id": "model.analytics.kpi_keyword_daily"} */


    
    
        -- generated script to merge partitions into `res-analytics`.`cortex`.`kpi_keyword_daily`
      declare dbt_partitions_for_replacement array<date>;

      
      
       -- 1. create a temp table with model data
        
  
    

    create or replace table `res-analytics`.`cortex`.`kpi_keyword_daily__dbt_tmp`
      
    partition by date
    

    
    OPTIONS(
      expiration_timestamp=TIMESTAMP_ADD(CURRENT_TIMESTAMP(), INTERVAL 12 hour)
    )
    as (
      

-- KPI Keyword Daily: Daily keyword-level performance metrics with KPI mapping
-- Currently Google Ads only (keywords are specific to search campaigns)

WITH
inputs AS (
  SELECT at_date
  FROM UNNEST(
    GENERATE_DATE_ARRAY(
      DATE('2026-01-25'),
      DATE('2026-02-01'),
      INTERVAL 1 DAY
    )
  ) AS at_date
),

--------------------------------------------------------------------
-- Google Keyword Performance
--------------------------------------------------------------------
google_keyword_dates AS (
  SELECT
    inputs.at_date,
    ad_group_criterion_criterion_id AS keyword_id,
    MIN(date) AS earliest_date,
    LEAST(MAX(date), inputs.at_date) AS latest_date
  FROM `res-analytics`.`google_ads_v2`.`keyword_stats`
  CROSS JOIN inputs
  GROUP BY ad_group_criterion_criterion_id, inputs.at_date
),

google_keyword_conversions AS (
  SELECT
    date,
    CONCAT('google_ads_', CAST(ad_group_criterion_criterion_id AS STRING)) AS keyword_id,
    conversion_action_name AS conversion_name,
    SUM(all_conversions) AS conversion_count,
    SUM(all_conversions_value) AS conversion_value
  FROM `res-analytics`.`google_ads_v2`.`keyword_conversions`
  WHERE conversion_action_name IS NOT NULL
  GROUP BY date, ad_group_criterion_criterion_id, conversion_action_name
),

google_keyword_base AS (
  SELECT
    ks.date,
    gd.earliest_date,
    gd.latest_date,
    CONCAT('google_ads_', CAST(ks.ad_group_criterion_criterion_id AS STRING)) AS keyword_id,
    CONCAT('google_ads_', CAST(ks.ad_group_id AS STRING)) AS adset_id,
    CONCAT('google_ads_', CAST(ks.campaign_id AS STRING)) AS campaign_id,
    CONCAT('google_ads_', CAST(ks.customer_id AS STRING)) AS account_id,
    SUM(COALESCE(ks.cost_micros, 0)) / 1000000.0 AS spend,
    SUM(COALESCE(ks.impressions, 0)) AS impressions,
    SUM(COALESCE(ks.clicks, 0)) AS clicks
  FROM `res-analytics`.`google_ads_v2`.`keyword_stats` ks
  CROSS JOIN inputs
  INNER JOIN google_keyword_dates gd
    ON ks.ad_group_criterion_criterion_id = gd.keyword_id
    AND gd.at_date = inputs.at_date
  WHERE ks.date = inputs.at_date
  GROUP BY ks.date, gd.earliest_date, gd.latest_date, ks.ad_group_criterion_criterion_id, ks.ad_group_id, ks.campaign_id, ks.customer_id
),

google_keyword_performance AS (
  SELECT
    gb.date,
    gb.earliest_date,
    gb.latest_date,
    gb.keyword_id,
    gb.adset_id,
    gb.campaign_id,
    gb.account_id,
    MAX(gb.spend) AS spend,
    MAX(gb.impressions) AS impressions,
    MAX(gb.clicks) AS clicks,

    MAX(a.kpi_1) AS kpi_1_name,
    SUM(CASE WHEN gc.conversion_name = a.kpi_1 THEN gc.conversion_count ELSE 0 END) AS kpi_1_count,
    SUM(CASE WHEN gc.conversion_name = a.kpi_1 THEN gc.conversion_value ELSE 0 END) AS kpi_1_value,
    MAX(a.kpi_2) AS kpi_2_name,
    SUM(CASE WHEN gc.conversion_name = a.kpi_2 THEN gc.conversion_count ELSE 0 END) AS kpi_2_count,
    SUM(CASE WHEN gc.conversion_name = a.kpi_2 THEN gc.conversion_value ELSE 0 END) AS kpi_2_value,
    MAX(a.kpi_3) AS kpi_3_name,
    SUM(CASE WHEN gc.conversion_name = a.kpi_3 THEN gc.conversion_count ELSE 0 END) AS kpi_3_count,
    SUM(CASE WHEN gc.conversion_name = a.kpi_3 THEN gc.conversion_value ELSE 0 END) AS kpi_3_value,
    MAX(a.kpi_4) AS kpi_4_name,
    SUM(CASE WHEN gc.conversion_name = a.kpi_4 THEN gc.conversion_count ELSE 0 END) AS kpi_4_count,
    SUM(CASE WHEN gc.conversion_name = a.kpi_4 THEN gc.conversion_value ELSE 0 END) AS kpi_4_value,
    MAX(a.kpi_5) AS kpi_5_name,
    SUM(CASE WHEN gc.conversion_name = a.kpi_5 THEN gc.conversion_count ELSE 0 END) AS kpi_5_count,
    SUM(CASE WHEN gc.conversion_name = a.kpi_5 THEN gc.conversion_value ELSE 0 END) AS kpi_5_value,
    MAX(a.kpi_6) AS kpi_6_name,
    SUM(CASE WHEN gc.conversion_name = a.kpi_6 THEN gc.conversion_count ELSE 0 END) AS kpi_6_count,
    SUM(CASE WHEN gc.conversion_name = a.kpi_6 THEN gc.conversion_value ELSE 0 END) AS kpi_6_value,
    MAX(a.kpi_7) AS kpi_7_name,
    SUM(CASE WHEN gc.conversion_name = a.kpi_7 THEN gc.conversion_count ELSE 0 END) AS kpi_7_count,
    SUM(CASE WHEN gc.conversion_name = a.kpi_7 THEN gc.conversion_value ELSE 0 END) AS kpi_7_value,
    MAX(a.kpi_8) AS kpi_8_name,
    SUM(CASE WHEN gc.conversion_name = a.kpi_8 THEN gc.conversion_count ELSE 0 END) AS kpi_8_count,
    SUM(CASE WHEN gc.conversion_name = a.kpi_8 THEN gc.conversion_value ELSE 0 END) AS kpi_8_value,
    MAX(a.kpi_9) AS kpi_9_name,
    SUM(CASE WHEN gc.conversion_name = a.kpi_9 THEN gc.conversion_count ELSE 0 END) AS kpi_9_count,
    SUM(CASE WHEN gc.conversion_name = a.kpi_9 THEN gc.conversion_value ELSE 0 END) AS kpi_9_value,
    MAX(a.kpi_10) AS kpi_10_name,
    SUM(CASE WHEN gc.conversion_name = a.kpi_10 THEN gc.conversion_count ELSE 0 END) AS kpi_10_count,
    SUM(CASE WHEN gc.conversion_name = a.kpi_10 THEN gc.conversion_value ELSE 0 END) AS kpi_10_value

  FROM google_keyword_base gb
  LEFT JOIN google_keyword_conversions gc
    ON gb.date = gc.date
    AND gb.keyword_id = gc.keyword_id
  LEFT JOIN `res-analytics`.`com_allied`.`accounts` a
    ON gb.account_id = a.id
  GROUP BY gb.date, gb.earliest_date, gb.latest_date, gb.keyword_id, gb.adset_id, gb.campaign_id, gb.account_id
),

--------------------------------------------------------------------
-- All Keyword Performance
--------------------------------------------------------------------
all_performance AS (
  SELECT * FROM google_keyword_performance
),

--------------------------------------------------------------------
-- Join with dimension tables
--------------------------------------------------------------------
joined_data AS (
  SELECT
    p.date,
    p.earliest_date,
    p.latest_date,
    DATE_DIFF(p.date, p.earliest_date, DAY) AS age_days,

    p.keyword_id,
    kw.keyword_name,
    kw.match_type,
    p.adset_id,
    adset.adset_name,
    p.campaign_id,
    c.campaign_name,
    p.account_id,
    c.ad_network_id,
    c.organization_id,
    c.product_id,

    p.spend,
    p.impressions,
    p.clicks,

    p.kpi_1_name,
    p.kpi_1_count,
    p.kpi_1_value,

    p.kpi_2_name,
    p.kpi_2_count,
    p.kpi_2_value,

    p.kpi_3_name,
    p.kpi_3_count,
    p.kpi_3_value,

    p.kpi_4_name,
    p.kpi_4_count,
    p.kpi_4_value,

    p.kpi_5_name,
    p.kpi_5_count,
    p.kpi_5_value,

    p.kpi_6_name,
    p.kpi_6_count,
    p.kpi_6_value,

    p.kpi_7_name,
    p.kpi_7_count,
    p.kpi_7_value,

    p.kpi_8_name,
    p.kpi_8_count,
    p.kpi_8_value,

    p.kpi_9_name,
    p.kpi_9_count,
    p.kpi_9_value,

    p.kpi_10_name,
    p.kpi_10_count,
    p.kpi_10_value

  FROM all_performance p
  LEFT JOIN `res-analytics`.`cortex`.`keywords` kw
    ON p.keyword_id = kw.id
  LEFT JOIN `res-analytics`.`com_allied`.`adsets` adset
    ON p.adset_id = adset.id
  LEFT JOIN `res-analytics`.`com_allied`.`campaigns` c
    ON p.campaign_id = c.id
),

final AS (
  SELECT
    date,
    earliest_date,
    latest_date,
    organization_id,
    product_id,
    ad_network_id,
    account_id,
    campaign_id,
    campaign_name,
    adset_id,
    adset_name,
    keyword_id,
    keyword_name,
    match_type,
    spend,
    impressions,
    clicks,

    kpi_1_name,
    kpi_1_count,
    kpi_1_value,

    kpi_2_name,
    kpi_2_count,
    kpi_2_value,

    kpi_3_name,
    kpi_3_count,
    kpi_3_value,

    kpi_4_name,
    kpi_4_count,
    kpi_4_value,

    kpi_5_name,
    kpi_5_count,
    kpi_5_value,

    kpi_6_name,
    kpi_6_count,
    kpi_6_value,

    kpi_7_name,
    kpi_7_count,
    kpi_7_value,

    kpi_8_name,
    kpi_8_count,
    kpi_8_value,

    kpi_9_name,
    kpi_9_count,
    kpi_9_value,

    kpi_10_name,
    kpi_10_count,
    kpi_10_value

  FROM joined_data

  GROUP BY
    date,
    earliest_date,
    latest_date,
    organization_id,
    product_id,
    ad_network_id,
    account_id,
    campaign_id,
    campaign_name,
    adset_id,
    adset_name,
    keyword_id,
    keyword_name,
    match_type,
    spend,
    impressions,
    clicks,
    kpi_1_name,
    kpi_1_count,
    kpi_1_value,
    kpi_2_name,
    kpi_2_count,
    kpi_2_value,
    kpi_3_name,
    kpi_3_count,
    kpi_3_value,
    kpi_4_name,
    kpi_4_count,
    kpi_4_value,
    kpi_5_name,
    kpi_5_count,
    kpi_5_value,
    kpi_6_name,
    kpi_6_count,
    kpi_6_value,
    kpi_7_name,
    kpi_7_count,
    kpi_7_value,
    kpi_8_name,
    kpi_8_count,
    kpi_8_value,
    kpi_9_name,
    kpi_9_count,
    kpi_9_value,
    kpi_10_name,
    kpi_10_count,
    kpi_10_value
)

SELECT *
FROM final
    );
  
      -- 2. define partitions to update
      set (dbt_partitions_for_replacement) = (
          select as struct
              -- IGNORE NULLS: this needs to be aligned to _dbt_max_partition, which ignores null
              array_agg(distinct date(date) IGNORE NULLS)
          from `res-analytics`.`cortex`.`kpi_keyword_daily__dbt_tmp`
      );

      -- 3. run the merge statement
      

    merge into `res-analytics`.`cortex`.`kpi_keyword_daily` as DBT_INTERNAL_DEST
        using (
        select
        * from `res-analytics`.`cortex`.`kpi_keyword_daily__dbt_tmp`
      ) as DBT_INTERNAL_SOURCE
        on FALSE

    when not matched by source
         and date(DBT_INTERNAL_DEST.date) in unnest(dbt_partitions_for_replacement) 
        then delete

    when not matched then insert
        (`date`, `earliest_date`, `latest_date`, `organization_id`, `product_id`, `ad_network_id`, `account_id`, `campaign_id`, `campaign_name`, `adset_id`, `adset_name`, `keyword_id`, `keyword_name`, `match_type`, `spend`, `impressions`, `clicks`, `kpi_1_name`, `kpi_1_count`, `kpi_1_value`, `kpi_2_name`, `kpi_2_count`, `kpi_2_value`, `kpi_3_name`, `kpi_3_count`, `kpi_3_value`, `kpi_4_name`, `kpi_4_count`, `kpi_4_value`, `kpi_5_name`, `kpi_5_count`, `kpi_5_value`, `kpi_6_name`, `kpi_6_count`, `kpi_6_value`, `kpi_7_name`, `kpi_7_count`, `kpi_7_value`, `kpi_8_name`, `kpi_8_count`, `kpi_8_value`, `kpi_9_name`, `kpi_9_count`, `kpi_9_value`, `kpi_10_name`, `kpi_10_count`, `kpi_10_value`)
    values
        (`date`, `earliest_date`, `latest_date`, `organization_id`, `product_id`, `ad_network_id`, `account_id`, `campaign_id`, `campaign_name`, `adset_id`, `adset_name`, `keyword_id`, `keyword_name`, `match_type`, `spend`, `impressions`, `clicks`, `kpi_1_name`, `kpi_1_count`, `kpi_1_value`, `kpi_2_name`, `kpi_2_count`, `kpi_2_value`, `kpi_3_name`, `kpi_3_count`, `kpi_3_value`, `kpi_4_name`, `kpi_4_count`, `kpi_4_value`, `kpi_5_name`, `kpi_5_count`, `kpi_5_value`, `kpi_6_name`, `kpi_6_count`, `kpi_6_value`, `kpi_7_name`, `kpi_7_count`, `kpi_7_value`, `kpi_8_name`, `kpi_8_count`, `kpi_8_value`, `kpi_9_name`, `kpi_9_count`, `kpi_9_value`, `kpi_10_name`, `kpi_10_count`, `kpi_10_value`)

;

      -- 4. clean up the temp table
      drop table if exists `res-analytics`.`cortex`.`kpi_keyword_daily__dbt_tmp`

  


    


    
[0m20:58:15.754366 [debug] [Thread-1 (]: On "model.analytics.kpi_creative_daily": cache miss for schema "res-analytics.com_allied_tiktok_ads", this is inefficient
[0m20:58:15.880427 [debug] [Thread-3 (]: BigQuery adapter: https://console.cloud.google.com/bigquery?project=res-analytics&j=bq:US:e69147aa-5a84-49ef-b91f-bcfcb0020c4c&page=queryresults
[0m20:58:15.949654 [debug] [Thread-1 (]: On "model.analytics.kpi_creative_daily": cache miss for schema "res-analytics.com_allied_tiktok_ads", this is inefficient
[0m20:58:16.251195 [debug] [Thread-1 (]: On "model.analytics.kpi_creative_daily": cache miss for schema "res-analytics.com_allied_bing_ads", this is inefficient
[0m20:58:16.505753 [debug] [Thread-1 (]: On "model.analytics.kpi_creative_daily": cache miss for schema "res-analytics.com_allied_bing_ads", this is inefficient
[0m20:58:16.661318 [debug] [Thread-1 (]: Writing injected SQL for node "model.analytics.kpi_creative_daily"
[0m20:58:16.661986 [debug] [Thread-1 (]: Began executing node model.analytics.kpi_creative_daily
[0m20:58:16.664189 [debug] [Thread-1 (]: Writing runtime sql for node "model.analytics.kpi_creative_daily"
[0m20:58:16.668097 [debug] [Thread-1 (]: On model.analytics.kpi_creative_daily: /* {"app": "dbt", "dbt_version": "1.11.2", "profile_name": "default", "target_name": "dev", "node_id": "model.analytics.kpi_creative_daily"} */

  
    

    create or replace table `res-analytics`.`com_allied`.`kpi_creative_daily`
      
    partition by date
    

    
    OPTIONS()
    as (
      

WITH
inputs AS (
  SELECT at_date
  FROM UNNEST(
    GENERATE_DATE_ARRAY(
      -- Default to 7 days lookback to catch retroactive API corrections from ad networks
      -- DATE('2026-01-25'),
      DATE('2022-01-01'),
      DATE('2026-02-01'),
      INTERVAL 1 DAY
    )
  ) AS at_date
),

--------------------------------------------------------------------
-- Facebook Performance
--------------------------------------------------------------------


facebook_dates AS (
  
  SELECT
    CAST(NULL AS DATE) as at_date,
    CAST(NULL AS STRING) as ad_id,
    CAST(NULL AS DATE) as earliest_date,
    CAST(NULL AS DATE) as latest_date
  FROM (SELECT 1) WHERE FALSE
  
),


facebook_conversion_names AS (
  
  SELECT
    CAST(NULL AS DATE) as date,
    CAST(NULL AS STRING) as ad_id,
    CAST(NULL AS STRING) as conversion_name,
    CAST(NULL AS FLOAT64) as conversion_count
  FROM (SELECT 1) WHERE FALSE
  
),


facebook_conversion_values AS (
  
  SELECT
    CAST(NULL AS DATE) as date,
    CAST(NULL AS STRING) as ad_id,
    CAST(NULL AS STRING) as conversion_name,
    CAST(NULL AS FLOAT64) as conversion_value
  FROM (SELECT 1) WHERE FALSE
  
),

facebook_conversions AS (
  SELECT
    fcn.date AS date,
    fcn.ad_id AS ad_id,
    fcn.conversion_name AS conversion_name,
    fcn.conversion_count AS conversion_count,
    fcv.conversion_value AS conversion_value
  FROM facebook_conversion_names fcn
  LEFT JOIN facebook_conversion_values fcv
  ON fcn.ad_id = fcv.ad_id
    AND fcn.date = fcv.date
    AND fcn.conversion_name = fcv.conversion_name
),



facebook_base AS (
  
  SELECT
    CAST(NULL AS DATE) as date,
    CAST(NULL AS DATE) as earliest_date,
    CAST(NULL AS DATE) as latest_date,
    CAST(NULL AS STRING) as ad_id,
    CAST(NULL AS STRING) as adset_id,
    CAST(NULL AS STRING) as campaign_id,
    CAST(NULL AS STRING) as account_id,
    CAST(NULL AS FLOAT64) as spend,
    CAST(NULL AS INTEGER) as impressions,
    CAST(NULL AS INTEGER) as clicks
  FROM (SELECT 1) WHERE FALSE
  
),

facebook_performance AS (
  SELECT
    fb.date,
    fb.earliest_date,
    fb.latest_date,
    fb.ad_id,
    fb.adset_id,
    fb.campaign_id,
    fb.account_id as account_id,
    MAX(fb.spend) as spend,
    MAX(fb.impressions) as impressions,
    MAX(fb.clicks) as clicks,

    MAX(a.kpi_1) AS kpi_1_name,
    SUM(CASE WHEN fc.conversion_name = a.kpi_1 THEN fc.conversion_count ELSE 0 END) AS kpi_1_count,
    SUM(CASE WHEN fc.conversion_name = a.kpi_1 THEN fc.conversion_value ELSE 0 END) AS kpi_1_value,
    MAX(a.kpi_2) AS kpi_2_name,
    SUM(CASE WHEN fc.conversion_name = a.kpi_2 THEN fc.conversion_count ELSE 0 END) AS kpi_2_count,
    SUM(CASE WHEN fc.conversion_name = a.kpi_2 THEN fc.conversion_value ELSE 0 END) AS kpi_2_value,
    MAX(a.kpi_3) AS kpi_3_name,
    SUM(CASE WHEN fc.conversion_name = a.kpi_3 THEN fc.conversion_count ELSE 0 END) AS kpi_3_count,
    SUM(CASE WHEN fc.conversion_name = a.kpi_3 THEN fc.conversion_value ELSE 0 END) AS kpi_3_value,
    MAX(a.kpi_4) AS kpi_4_name,
    SUM(CASE WHEN fc.conversion_name = a.kpi_4 THEN fc.conversion_count ELSE 0 END) AS kpi_4_count,
    SUM(CASE WHEN fc.conversion_name = a.kpi_4 THEN fc.conversion_value ELSE 0 END) AS kpi_4_value,
    MAX(a.kpi_5) AS kpi_5_name,
    SUM(CASE WHEN fc.conversion_name = a.kpi_5 THEN fc.conversion_count ELSE 0 END) AS kpi_5_count,
    SUM(CASE WHEN fc.conversion_name = a.kpi_5 THEN fc.conversion_value ELSE 0 END) AS kpi_5_value,
    MAX(a.kpi_6) AS kpi_6_name,
    SUM(CASE WHEN fc.conversion_name = a.kpi_6 THEN fc.conversion_count ELSE 0 END) AS kpi_6_count,
    SUM(CASE WHEN fc.conversion_name = a.kpi_6 THEN fc.conversion_value ELSE 0 END) AS kpi_6_value,
    MAX(a.kpi_7) AS kpi_7_name,
    SUM(CASE WHEN fc.conversion_name = a.kpi_7 THEN fc.conversion_count ELSE 0 END) AS kpi_7_count,
    SUM(CASE WHEN fc.conversion_name = a.kpi_7 THEN fc.conversion_value ELSE 0 END) AS kpi_7_value,
    MAX(a.kpi_8) AS kpi_8_name,
    SUM(CASE WHEN fc.conversion_name = a.kpi_8 THEN fc.conversion_count ELSE 0 END) AS kpi_8_count,
    SUM(CASE WHEN fc.conversion_name = a.kpi_8 THEN fc.conversion_value ELSE 0 END) AS kpi_8_value,
    MAX(a.kpi_9) AS kpi_9_name,
    SUM(CASE WHEN fc.conversion_name = a.kpi_9 THEN fc.conversion_count ELSE 0 END) AS kpi_9_count,
    SUM(CASE WHEN fc.conversion_name = a.kpi_9 THEN fc.conversion_value ELSE 0 END) AS kpi_9_value,
    MAX(a.kpi_10) AS kpi_10_name,
    SUM(CASE WHEN fc.conversion_name = a.kpi_10 THEN fc.conversion_count ELSE 0 END) AS kpi_10_count,
    SUM(CASE WHEN fc.conversion_name = a.kpi_10 THEN fc.conversion_value ELSE 0 END) AS kpi_10_value

  FROM facebook_base fb
  LEFT JOIN facebook_conversions fc
    ON fb.date = fc.date
    AND fb.ad_id = fc.ad_id
  LEFT JOIN `res-analytics.com_allied.accounts` a

    ON fb.account_id = a.id
  GROUP BY fb.date, fb.earliest_date, fb.latest_date, fb.ad_id, fb.adset_id, fb.campaign_id, fb.account_id
),

-- SELECT * from facebook_performance
-- ORDER BY ad_id;

--------------------------------------------------------------------
-- Google Performance
--------------------------------------------------------------------



google_dates AS (
  
  SELECT
    CAST(NULL AS DATE) as at_date,
    CAST(NULL AS STRING) as ad_id,
    CAST(NULL AS DATE) as earliest_date,
    CAST(NULL AS DATE) as latest_date
  FROM (SELECT 1) WHERE FALSE
  
),


google_conversions AS (
  
  SELECT
    CAST(NULL AS DATE) as date,
    CAST(NULL AS STRING) as ad_id,
    CAST(NULL AS STRING) as conversion_name,
    CAST(NULL AS FLOAT64) as conversion_count,
    CAST(NULL AS FLOAT64) as conversion_value
  FROM (SELECT 1) WHERE FALSE
  

),

google_base AS (
  
  SELECT
    CAST(NULL AS DATE) as date,
    CAST(NULL AS DATE) as earliest_date,
    CAST(NULL AS DATE) as latest_date,
    CAST(NULL AS STRING) as ad_id,
    CAST(NULL AS STRING) as adset_id,
    CAST(NULL AS STRING) as campaign_id,
    CAST(NULL AS STRING) as account_id,
    CAST(NULL AS FLOAT64) as spend,
    CAST(NULL AS INTEGER) as impressions,
    CAST(NULL AS INTEGER) as clicks
  FROM (SELECT 1) WHERE FALSE
  
),

google_performance AS (
  SELECT
    gb.date,
    gb.earliest_date,
    gb.latest_date,
    gb.ad_id,
    gb.adset_id,
    gb.campaign_id,
    gb.account_id AS account_id,
    MAX(gb.spend) AS spend,
    MAX(gb.impressions) as impressions,
    MAX(gb.clicks) as clicks,

    MAX(a.kpi_1) AS kpi_1_name,
    SUM(CASE WHEN gc.conversion_name = a.kpi_1 THEN gc.conversion_count ELSE 0 END) AS kpi_1_count,
    SUM(CASE WHEN gc.conversion_name = a.kpi_1 THEN gc.conversion_value ELSE 0 END) AS kpi_1_value,
    MAX(a.kpi_2) AS kpi_2_name,
    SUM(CASE WHEN gc.conversion_name = a.kpi_2 THEN gc.conversion_count ELSE 0 END) AS kpi_2_count,
    SUM(CASE WHEN gc.conversion_name = a.kpi_2 THEN gc.conversion_value ELSE 0 END) AS kpi_2_value,
    MAX(a.kpi_3) AS kpi_3_name,
    SUM(CASE WHEN gc.conversion_name = a.kpi_3 THEN gc.conversion_count ELSE 0 END) AS kpi_3_count,
    SUM(CASE WHEN gc.conversion_name = a.kpi_3 THEN gc.conversion_value ELSE 0 END) AS kpi_3_value,
    MAX(a.kpi_4) AS kpi_4_name,
    SUM(CASE WHEN gc.conversion_name = a.kpi_4 THEN gc.conversion_count ELSE 0 END) AS kpi_4_count,
    SUM(CASE WHEN gc.conversion_name = a.kpi_4 THEN gc.conversion_value ELSE 0 END) AS kpi_4_value,
    MAX(a.kpi_5) AS kpi_5_name,
    SUM(CASE WHEN gc.conversion_name = a.kpi_5 THEN gc.conversion_count ELSE 0 END) AS kpi_5_count,
    SUM(CASE WHEN gc.conversion_name = a.kpi_5 THEN gc.conversion_value ELSE 0 END) AS kpi_5_value,
    MAX(a.kpi_6) AS kpi_6_name,
    SUM(CASE WHEN gc.conversion_name = a.kpi_6 THEN gc.conversion_count ELSE 0 END) AS kpi_6_count,
    SUM(CASE WHEN gc.conversion_name = a.kpi_6 THEN gc.conversion_value ELSE 0 END) AS kpi_6_value,
    MAX(a.kpi_7) AS kpi_7_name,
    SUM(CASE WHEN gc.conversion_name = a.kpi_7 THEN gc.conversion_count ELSE 0 END) AS kpi_7_count,
    SUM(CASE WHEN gc.conversion_name = a.kpi_7 THEN gc.conversion_value ELSE 0 END) AS kpi_7_value,
    MAX(a.kpi_8) AS kpi_8_name,
    SUM(CASE WHEN gc.conversion_name = a.kpi_8 THEN gc.conversion_count ELSE 0 END) AS kpi_8_count,
    SUM(CASE WHEN gc.conversion_name = a.kpi_8 THEN gc.conversion_value ELSE 0 END) AS kpi_8_value,
    MAX(a.kpi_9) AS kpi_9_name,
    SUM(CASE WHEN gc.conversion_name = a.kpi_9 THEN gc.conversion_count ELSE 0 END) AS kpi_9_count,
    SUM(CASE WHEN gc.conversion_name = a.kpi_9 THEN gc.conversion_value ELSE 0 END) AS kpi_9_value,
    MAX(a.kpi_10) AS kpi_10_name,
    SUM(CASE WHEN gc.conversion_name = a.kpi_10 THEN gc.conversion_count ELSE 0 END) AS kpi_10_count,
    SUM(CASE WHEN gc.conversion_name = a.kpi_10 THEN gc.conversion_value ELSE 0 END) AS kpi_10_value



  FROM google_base gb
  LEFT JOIN google_conversions gc
    ON gb.date = gc.date
    AND gb.ad_id = gc.ad_id
  LEFT JOIN `res-analytics.com_allied.accounts` a
    ON gb.account_id = a.id
  GROUP BY gb.date, gb.earliest_date, gb.latest_date, gb.ad_id, gb.adset_id, gb.campaign_id, gb.account_id
),

-- TEMP DISABLE Google PMax See Note Below


--------------------------------------------------------------------
-- Linkedin Performance
-- NOTE: LinkedIn hierarchy: Account -> Campaign Group (=Nexus Campaign) -> Campaign (=Nexus AdSet) -> Creative (=Nexus Ad)
-- Conversion data comes from ad_analytics_by_creative_with_conversion_breakdown joined with conversion_history
--------------------------------------------------------------------


linkedin_dates AS (
  
  SELECT
    CAST(NULL AS DATE) as at_date,
    CAST(NULL AS STRING) as ad_id,
    CAST(NULL AS DATE) as earliest_date,
    CAST(NULL AS DATE) as latest_date
  FROM (SELECT 1) WHERE FALSE
  
),

-- Conversion data from breakdown table joined with conversion_history for names


linkedin_conversions AS (
  
  SELECT
    CAST(NULL AS DATE) as date,
    CAST(NULL AS STRING) as ad_id,
    CAST(NULL AS STRING) as conversion_name,
    CAST(NULL AS FLOAT64) as conversion_count,
    CAST(NULL AS FLOAT64) as conversion_value
  FROM (SELECT 1) WHERE FALSE
  
),

-- Base metrics with hierarchy from creative_history and campaign_history




linkedin_base AS (
  
  SELECT
    CAST(NULL AS DATE) as date,
    CAST(NULL AS DATE) as earliest_date,
    CAST(NULL AS DATE) as latest_date,
    CAST(NULL AS STRING) as ad_id,
    CAST(NULL AS STRING) as adset_id,
    CAST(NULL AS STRING) as campaign_id,
    CAST(NULL AS STRING) as account_id,
    CAST(NULL AS FLOAT64) as spend,
    CAST(NULL AS INTEGER) as impressions,
    CAST(NULL AS INTEGER) as clicks
  FROM (SELECT 1) WHERE FALSE
  
),

linkedin_performance AS (
  SELECT
    lb.date,
    lb.earliest_date,
    lb.latest_date,
    lb.ad_id,
    lb.adset_id,
    lb.campaign_id,
    lb.account_id,
    MAX(lb.spend) as spend,
    MAX(lb.impressions) as impressions,
    MAX(lb.clicks) as clicks,

    MAX(a.kpi_1) AS kpi_1_name,
    SUM(CASE WHEN lc.conversion_name = a.kpi_1 THEN lc.conversion_count ELSE 0 END) AS kpi_1_count,
    SUM(CASE WHEN lc.conversion_name = a.kpi_1 THEN lc.conversion_value ELSE 0 END) AS kpi_1_value,
    MAX(a.kpi_2) AS kpi_2_name,
    SUM(CASE WHEN lc.conversion_name = a.kpi_2 THEN lc.conversion_count ELSE 0 END) AS kpi_2_count,
    SUM(CASE WHEN lc.conversion_name = a.kpi_2 THEN lc.conversion_value ELSE 0 END) AS kpi_2_value,
    MAX(a.kpi_3) AS kpi_3_name,
    SUM(CASE WHEN lc.conversion_name = a.kpi_3 THEN lc.conversion_count ELSE 0 END) AS kpi_3_count,
    SUM(CASE WHEN lc.conversion_name = a.kpi_3 THEN lc.conversion_value ELSE 0 END) AS kpi_3_value,
    MAX(a.kpi_4) AS kpi_4_name,
    SUM(CASE WHEN lc.conversion_name = a.kpi_4 THEN lc.conversion_count ELSE 0 END) AS kpi_4_count,
    SUM(CASE WHEN lc.conversion_name = a.kpi_4 THEN lc.conversion_value ELSE 0 END) AS kpi_4_value,
    MAX(a.kpi_5) AS kpi_5_name,
    SUM(CASE WHEN lc.conversion_name = a.kpi_5 THEN lc.conversion_count ELSE 0 END) AS kpi_5_count,
    SUM(CASE WHEN lc.conversion_name = a.kpi_5 THEN lc.conversion_value ELSE 0 END) AS kpi_5_value,
    MAX(a.kpi_6) AS kpi_6_name,
    SUM(CASE WHEN lc.conversion_name = a.kpi_6 THEN lc.conversion_count ELSE 0 END) AS kpi_6_count,
    SUM(CASE WHEN lc.conversion_name = a.kpi_6 THEN lc.conversion_value ELSE 0 END) AS kpi_6_value,
    MAX(a.kpi_7) AS kpi_7_name,
    SUM(CASE WHEN lc.conversion_name = a.kpi_7 THEN lc.conversion_count ELSE 0 END) AS kpi_7_count,
    SUM(CASE WHEN lc.conversion_name = a.kpi_7 THEN lc.conversion_value ELSE 0 END) AS kpi_7_value,
    MAX(a.kpi_8) AS kpi_8_name,
    SUM(CASE WHEN lc.conversion_name = a.kpi_8 THEN lc.conversion_count ELSE 0 END) AS kpi_8_count,
    SUM(CASE WHEN lc.conversion_name = a.kpi_8 THEN lc.conversion_value ELSE 0 END) AS kpi_8_value,
    MAX(a.kpi_9) AS kpi_9_name,
    SUM(CASE WHEN lc.conversion_name = a.kpi_9 THEN lc.conversion_count ELSE 0 END) AS kpi_9_count,
    SUM(CASE WHEN lc.conversion_name = a.kpi_9 THEN lc.conversion_value ELSE 0 END) AS kpi_9_value,
    MAX(a.kpi_10) AS kpi_10_name,
    SUM(CASE WHEN lc.conversion_name = a.kpi_10 THEN lc.conversion_count ELSE 0 END) AS kpi_10_count,
    SUM(CASE WHEN lc.conversion_name = a.kpi_10 THEN lc.conversion_value ELSE 0 END) AS kpi_10_value

  FROM linkedin_base lb
  LEFT JOIN linkedin_conversions lc
    ON lb.date = lc.date
    AND lb.ad_id = lc.ad_id
  LEFT JOIN `res-analytics.com_allied.accounts` a
    ON lb.account_id = a.id

  GROUP BY lb.date, lb.earliest_date, lb.latest_date, lb.ad_id, lb.adset_id, lb.campaign_id, lb.account_id
),

-- SELECT * from linkedin_performance
-- ORDER BY ad_id;

--------------------------------------------------------------------
-- TikTok Performance (using ad_report_hourly - aggregated to daily)
--------------------------------------------------------------------


tiktok_dates AS (
  
  SELECT
    CAST(NULL AS DATE) as at_date,
    CAST(NULL AS STRING) as ad_id,
    CAST(NULL AS DATE) as earliest_date,
    CAST(NULL AS DATE) as latest_date
  FROM (SELECT 1) WHERE FALSE
  
),

-- Unpivot TikTok conversion columns to rows
-- NOTE: TikTok stores conversions as inline columns (not rows like Facebook's basic_ad_actions table)
tiktok_conversion_counts AS (
  
  SELECT
    CAST(NULL AS DATE) as date,
    CAST(NULL AS STRING) as ad_id,
    CAST(NULL AS STRING) as conversion_name,
    CAST(NULL AS FLOAT64) as conversion_count
  FROM (SELECT 1) WHERE FALSE
  
),

tiktok_conversion_values AS (
  
  SELECT
    CAST(NULL AS DATE) as date,
    CAST(NULL AS STRING) as ad_id,
    CAST(NULL AS STRING) as conversion_name,
    CAST(NULL AS FLOAT64) as conversion_value
  FROM (SELECT 1) WHERE FALSE
  
),

tiktok_conversions AS (
  SELECT
    tc.date,
    tc.ad_id,
    tc.conversion_name,
    tc.conversion_count,
    COALESCE(tv.conversion_value, 0.0) AS conversion_value
  FROM tiktok_conversion_counts tc
  LEFT JOIN tiktok_conversion_values tv
    ON tc.date = tv.date
    AND tc.ad_id = tv.ad_id
    AND tc.conversion_name = tv.conversion_name
  WHERE tc.conversion_count > 0 OR tv.conversion_value > 0
),


tiktok_base AS (
  
  SELECT
    CAST(NULL AS DATE) as date,
    CAST(NULL AS DATE) as earliest_date,
    CAST(NULL AS DATE) as latest_date,
    CAST(NULL AS STRING) as ad_id,
    CAST(NULL AS STRING) as adset_id,
    CAST(NULL AS STRING) as campaign_id,
    CAST(NULL AS STRING) as account_id,
    CAST(NULL AS FLOAT64) as spend,
    CAST(NULL AS INTEGER) as impressions,
    CAST(NULL AS INTEGER) as clicks
  FROM (SELECT 1) WHERE FALSE
  
),

tiktok_performance AS (
  SELECT
    tb.date,
    tb.earliest_date,
    tb.latest_date,
    tb.ad_id,
    tb.adset_id,
    tb.campaign_id,
    tb.account_id,
    MAX(tb.spend) AS spend,
    MAX(tb.impressions) AS impressions,
    MAX(tb.clicks) AS clicks,

    -- KPI mapping from accounts (same pattern as FB/Google/LinkedIn)
    MAX(a.kpi_1) AS kpi_1_name,
    SUM(CASE WHEN tc.conversion_name = a.kpi_1 THEN tc.conversion_count ELSE 0 END) AS kpi_1_count,
    SUM(CASE WHEN tc.conversion_name = a.kpi_1 THEN tc.conversion_value ELSE 0 END) AS kpi_1_value,
    MAX(a.kpi_2) AS kpi_2_name,
    SUM(CASE WHEN tc.conversion_name = a.kpi_2 THEN tc.conversion_count ELSE 0 END) AS kpi_2_count,
    SUM(CASE WHEN tc.conversion_name = a.kpi_2 THEN tc.conversion_value ELSE 0 END) AS kpi_2_value,
    MAX(a.kpi_3) AS kpi_3_name,
    SUM(CASE WHEN tc.conversion_name = a.kpi_3 THEN tc.conversion_count ELSE 0 END) AS kpi_3_count,
    SUM(CASE WHEN tc.conversion_name = a.kpi_3 THEN tc.conversion_value ELSE 0 END) AS kpi_3_value,
    MAX(a.kpi_4) AS kpi_4_name,
    SUM(CASE WHEN tc.conversion_name = a.kpi_4 THEN tc.conversion_count ELSE 0 END) AS kpi_4_count,
    SUM(CASE WHEN tc.conversion_name = a.kpi_4 THEN tc.conversion_value ELSE 0 END) AS kpi_4_value,
    MAX(a.kpi_5) AS kpi_5_name,
    SUM(CASE WHEN tc.conversion_name = a.kpi_5 THEN tc.conversion_count ELSE 0 END) AS kpi_5_count,
    SUM(CASE WHEN tc.conversion_name = a.kpi_5 THEN tc.conversion_value ELSE 0 END) AS kpi_5_value,
    MAX(a.kpi_6) AS kpi_6_name,
    SUM(CASE WHEN tc.conversion_name = a.kpi_6 THEN tc.conversion_count ELSE 0 END) AS kpi_6_count,
    SUM(CASE WHEN tc.conversion_name = a.kpi_6 THEN tc.conversion_value ELSE 0 END) AS kpi_6_value,
    MAX(a.kpi_7) AS kpi_7_name,
    SUM(CASE WHEN tc.conversion_name = a.kpi_7 THEN tc.conversion_count ELSE 0 END) AS kpi_7_count,
    SUM(CASE WHEN tc.conversion_name = a.kpi_7 THEN tc.conversion_value ELSE 0 END) AS kpi_7_value,
    MAX(a.kpi_8) AS kpi_8_name,
    SUM(CASE WHEN tc.conversion_name = a.kpi_8 THEN tc.conversion_count ELSE 0 END) AS kpi_8_count,
    SUM(CASE WHEN tc.conversion_name = a.kpi_8 THEN tc.conversion_value ELSE 0 END) AS kpi_8_value,
    MAX(a.kpi_9) AS kpi_9_name,
    SUM(CASE WHEN tc.conversion_name = a.kpi_9 THEN tc.conversion_count ELSE 0 END) AS kpi_9_count,
    SUM(CASE WHEN tc.conversion_name = a.kpi_9 THEN tc.conversion_value ELSE 0 END) AS kpi_9_value,
    MAX(a.kpi_10) AS kpi_10_name,
    SUM(CASE WHEN tc.conversion_name = a.kpi_10 THEN tc.conversion_count ELSE 0 END) AS kpi_10_count,
    SUM(CASE WHEN tc.conversion_name = a.kpi_10 THEN tc.conversion_value ELSE 0 END) AS kpi_10_value

  FROM tiktok_base tb
  LEFT JOIN tiktok_conversions tc
    ON tb.date = tc.date
    AND tb.ad_id = tc.ad_id
  LEFT JOIN `res-analytics.com_allied.accounts` a
    ON tb.account_id = a.id
  GROUP BY tb.date, tb.earliest_date, tb.latest_date, tb.ad_id, tb.adset_id, tb.campaign_id, tb.account_id
),

--------------------------------------------------------------------
-- Bing/Microsoft Performance (using raw Fivetran table with SUM aggregation)
--------------------------------------------------------------------

bing_dates AS (
  
  SELECT
    CAST(NULL AS DATE) as at_date,
    CAST(NULL AS STRING) as ad_id,
    CAST(NULL AS DATE) as earliest_date,
    CAST(NULL AS DATE) as latest_date
  FROM (SELECT 1) WHERE FALSE
  
),

-- Ad-level conversions with goal names (same pattern as Google's ads_conversions)

bing_conversions AS (
  
  SELECT
    CAST(NULL AS DATE) as date,
    CAST(NULL AS STRING) as ad_id,
    CAST(NULL AS STRING) as adset_id,
    CAST(NULL AS STRING) as campaign_id,
    CAST(NULL AS STRING) as account_id,
    CAST(NULL AS STRING) as conversion_name,
    CAST(NULL AS FLOAT64) as conversion_count,
    CAST(NULL AS FLOAT64) as conversion_value
  FROM (SELECT 1) WHERE FALSE
  
),

bing_base AS (
  
  SELECT
    CAST(NULL AS DATE) as date,
    CAST(NULL AS DATE) as earliest_date,
    CAST(NULL AS DATE) as latest_date,
    CAST(NULL AS STRING) as ad_id,
    CAST(NULL AS STRING) as adset_id,
    CAST(NULL AS STRING) as campaign_id,
    CAST(NULL AS STRING) as account_id,
    CAST(NULL AS FLOAT64) as spend,
    CAST(NULL AS INTEGER) as impressions,
    CAST(NULL AS INTEGER) as clicks
  FROM (SELECT 1) WHERE FALSE

    
),

bing_performance AS (
  SELECT
    bb.date,
    bb.earliest_date,
    bb.latest_date,
    bb.ad_id,
    bb.adset_id,
    bb.campaign_id,
    bb.account_id,
    MAX(bb.spend) AS spend,
    MAX(bb.impressions) AS impressions,
    MAX(bb.clicks) AS clicks,

    -- KPI mapping by goal name (same pattern as Google)
    -- Conversions joined via ad_id (ad level - same as Google)
    MAX(a.kpi_1) AS kpi_1_name,
    SUM(CASE WHEN bc.conversion_name = a.kpi_1 THEN bc.conversion_count ELSE 0 END) AS kpi_1_count,
    SUM(CASE WHEN bc.conversion_name = a.kpi_1 THEN bc.conversion_value ELSE 0 END) AS kpi_1_value,
    MAX(a.kpi_2) AS kpi_2_name,
    SUM(CASE WHEN bc.conversion_name = a.kpi_2 THEN bc.conversion_count ELSE 0 END) AS kpi_2_count,
    SUM(CASE WHEN bc.conversion_name = a.kpi_2 THEN bc.conversion_value ELSE 0 END) AS kpi_2_value,
    MAX(a.kpi_3) AS kpi_3_name,
    SUM(CASE WHEN bc.conversion_name = a.kpi_3 THEN bc.conversion_count ELSE 0 END) AS kpi_3_count,
    SUM(CASE WHEN bc.conversion_name = a.kpi_3 THEN bc.conversion_value ELSE 0 END) AS kpi_3_value,
    MAX(a.kpi_4) AS kpi_4_name,
    SUM(CASE WHEN bc.conversion_name = a.kpi_4 THEN bc.conversion_count ELSE 0 END) AS kpi_4_count,
    SUM(CASE WHEN bc.conversion_name = a.kpi_4 THEN bc.conversion_value ELSE 0 END) AS kpi_4_value,
    MAX(a.kpi_5) AS kpi_5_name,
    SUM(CASE WHEN bc.conversion_name = a.kpi_5 THEN bc.conversion_count ELSE 0 END) AS kpi_5_count,
    SUM(CASE WHEN bc.conversion_name = a.kpi_5 THEN bc.conversion_value ELSE 0 END) AS kpi_5_value,
    MAX(a.kpi_6) AS kpi_6_name,
    SUM(CASE WHEN bc.conversion_name = a.kpi_6 THEN bc.conversion_count ELSE 0 END) AS kpi_6_count,
    SUM(CASE WHEN bc.conversion_name = a.kpi_6 THEN bc.conversion_value ELSE 0 END) AS kpi_6_value,
    MAX(a.kpi_7) AS kpi_7_name,
    SUM(CASE WHEN bc.conversion_name = a.kpi_7 THEN bc.conversion_count ELSE 0 END) AS kpi_7_count,
    SUM(CASE WHEN bc.conversion_name = a.kpi_7 THEN bc.conversion_value ELSE 0 END) AS kpi_7_value,
    MAX(a.kpi_8) AS kpi_8_name,
    SUM(CASE WHEN bc.conversion_name = a.kpi_8 THEN bc.conversion_count ELSE 0 END) AS kpi_8_count,
    SUM(CASE WHEN bc.conversion_name = a.kpi_8 THEN bc.conversion_value ELSE 0 END) AS kpi_8_value,
    MAX(a.kpi_9) AS kpi_9_name,
    SUM(CASE WHEN bc.conversion_name = a.kpi_9 THEN bc.conversion_count ELSE 0 END) AS kpi_9_count,
    SUM(CASE WHEN bc.conversion_name = a.kpi_9 THEN bc.conversion_value ELSE 0 END) AS kpi_9_value,
    MAX(a.kpi_10) AS kpi_10_name,
    SUM(CASE WHEN bc.conversion_name = a.kpi_10 THEN bc.conversion_count ELSE 0 END) AS kpi_10_count,
    SUM(CASE WHEN bc.conversion_name = a.kpi_10 THEN bc.conversion_value ELSE 0 END) AS kpi_10_value

  FROM bing_base bb
  LEFT JOIN bing_conversions bc
    ON bb.date = bc.date
    AND bb.ad_id = bc.ad_id  -- Join at AD level (same as Google)
  LEFT JOIN `res-analytics.com_allied.accounts` a
    ON bb.account_id = a.id
  GROUP BY bb.date, bb.earliest_date, bb.latest_date, bb.ad_id, bb.adset_id, bb.campaign_id, bb.account_id
),

--------------------------------------------------------------------
-- All Performance
--------------------------------------------------------------------
all_performance AS (
  SELECT * FROM facebook_performance
  UNION ALL
  SELECT * FROM google_performance
  UNION ALL
  -- TEMP DISABLE Google PMax
  -- SELECT * FROM google_pmax_performance
  -- UNION ALL
  SELECT * FROM linkedin_performance
  UNION ALL
  SELECT * FROM tiktok_performance
  UNION ALL
  SELECT * FROM bing_performance
),

--------------------------------------------------------------------
-- Creative Fatigue
--------------------------------------------------------------------
-- Step 1: Compute initial CTR (first 7 days)
initial_ctr AS (
  SELECT
    ap.ad_id,
    SUM(ap.impressions) AS initial_impressions,
    SUM(ap.clicks) AS initial_clicks,
    COALESCE(SAFE_DIVIDE(SUM(ap.clicks), SUM(ap.impressions)), 0) AS initial_ctr_value
  FROM all_performance ap
  WHERE ap.date >= ap.earliest_date
    AND ap.date < DATE_ADD(ap.earliest_date, INTERVAL 7 DAY)
  GROUP BY ap.ad_id
),

-- Step 2: Compute current CTR (trailing 7 days from at_date)
current_ctr AS (
  SELECT
    i.at_date,
    ap.ad_id,
    SUM(ap.impressions) AS current_impressions,
    SUM(ap.clicks) AS current_clicks,
    COALESCE(SAFE_DIVIDE(SUM(ap.clicks), SUM(ap.impressions)), 0) AS current_ctr_value
  FROM inputs i
  JOIN all_performance ap
    ON ap.date > DATE_SUB(i.at_date, INTERVAL 7 DAY)
    AND ap.date <= i.at_date
  GROUP BY i.at_date, ap.ad_id
),

-- Step 3: Compute total cumulative impressions
cumulative_impressions AS (
  SELECT
    i.at_date,
    ap.ad_id,
    SUM(ap.impressions) AS total_impressions
  FROM inputs i
  JOIN all_performance ap
    ON ap.date >= ap.earliest_date
    AND ap.date <= i.at_date
  GROUP BY i.at_date, ap.ad_id
),

-- Combine all metrics and compute scores
all_performance_with_fatigue AS (
  SELECT
    ap.date,
    ap.earliest_date,
    ap.latest_date,
    DATE_DIFF(ap.date, ap.earliest_date, DAY) AS age_days,

    ap.ad_id,
    ap.adset_id,
    ap.campaign_id,
    ap.account_id,

    ap.spend,
    ap.impressions,
    ap.clicks,

    ap.kpi_1_name,
    ap.kpi_1_count,
    ap.kpi_1_value,

    ap.kpi_2_name,
    ap.kpi_2_count,
    ap.kpi_2_value,

    ap.kpi_3_name,
    ap.kpi_3_count,
    ap.kpi_3_value,

    ap.kpi_4_name,
    ap.kpi_4_count,
    ap.kpi_4_value,

    ap.kpi_5_name,
    ap.kpi_5_count,
    ap.kpi_5_value,

    ap.kpi_6_name,
    ap.kpi_6_count,
    ap.kpi_6_value,

    ap.kpi_7_name,
    ap.kpi_7_count,
    ap.kpi_7_value,

    ap.kpi_8_name,
    ap.kpi_8_count,
    ap.kpi_8_value,

    ap.kpi_9_name,
    ap.kpi_9_count,
    ap.kpi_9_value,

    ap.kpi_10_name,
    ap.kpi_10_count,
    ap.kpi_10_value,

    -- CTR metrics
    ictr.initial_ctr_value,
    COALESCE(cctr.current_ctr_value, 0) as current_ctr_value,

    -- CTR percentage change [0-1]
    CASE
      WHEN ictr.initial_ctr_value IS NULL OR ictr.initial_ctr_value = 0 THEN 0
      ELSE ((cctr.current_ctr_value - ictr.initial_ctr_value) / ictr.initial_ctr_value)
    END AS ctr_change_pct,

    -- Cumulative impressions
    COALESCE(ci.total_impressions, 0) AS cumulative_impressions,

    -- Step 4: CTR Decay Score
    CASE
      WHEN DATE_DIFF(ap.date, ap.earliest_date, DAY) < 7 THEN 0
      WHEN ictr.initial_ctr_value = 0 THEN 0
      WHEN ((cctr.current_ctr_value - ictr.initial_ctr_value) / ictr.initial_ctr_value) <= -.30 THEN 50
      WHEN ((cctr.current_ctr_value - ictr.initial_ctr_value) / ictr.initial_ctr_value) <= -.20 THEN 40
      WHEN ((cctr.current_ctr_value - ictr.initial_ctr_value) / ictr.initial_ctr_value) <= -.10 THEN 25
      WHEN ((cctr.current_ctr_value - ictr.initial_ctr_value) / ictr.initial_ctr_value) <= -.05 THEN 15
      ELSE 0
    END AS ctr_decay_score,

    -- Step 5: Impression Pressure Score
    CASE
      WHEN DATE_DIFF(ap.date, ap.earliest_date, DAY) < 7 THEN 0
      WHEN COALESCE(ci.total_impressions, 0) >= 1000000 THEN 30
      WHEN COALESCE(ci.total_impressions, 0) >= 500000 THEN 18
      WHEN COALESCE(ci.total_impressions, 0) >= 200000 THEN 12
      WHEN COALESCE(ci.total_impressions, 0) >= 50000 THEN 6
      ELSE 0
    END AS impression_pressure_score,

    -- Step 6: Age Pressure Score
    CASE
      WHEN DATE_DIFF(ap.date, ap.earliest_date, DAY) < 7 THEN 0
      WHEN DATE_DIFF(ap.date, ap.earliest_date, DAY) >= 61 THEN 20
      WHEN DATE_DIFF(ap.date, ap.earliest_date, DAY) >= 31 THEN 10
      WHEN DATE_DIFF(ap.date, ap.earliest_date, DAY) >= 15 THEN 5
      ELSE 0
    END AS age_pressure_score

  FROM all_performance ap
  LEFT JOIN initial_ctr ictr
    ON ap.ad_id = ictr.ad_id
  LEFT JOIN current_ctr cctr
    ON ap.ad_id = cctr.ad_id
    AND cctr.at_date = ap.date
  LEFT JOIN cumulative_impressions ci
    ON ap.ad_id = ci.ad_id
    AND ci.at_date = ap.date
),

-- Join creative fatigue with performance
joined_data AS (
  SELECT
    p.date,
    p.earliest_date,
    p.latest_date,
    p.age_days,

    p.ad_id,
    ad.ad_name,
    p.adset_id,
    adset.adset_name,
    p.campaign_id,
    c.campaign_name,
    p.account_id,
    c.ad_network_id,
    c.organization_id,
    c.product_id,

    p.spend,
    p.impressions,
    p.cumulative_impressions,
    p.clicks,
    p.initial_ctr_value,
    p.current_ctr_value,
    p.ctr_change_pct,
    p.ctr_decay_score,
    p.impression_pressure_score,
    p.age_pressure_score,
    (p.ctr_decay_score + p.impression_pressure_score + p.age_pressure_score) AS fatigue_score,

    p.kpi_1_name,
    p.kpi_1_count,
    p.kpi_1_value,

    p.kpi_2_name,
    p.kpi_2_count,
    p.kpi_2_value,

    p.kpi_3_name,
    p.kpi_3_count,
    p.kpi_3_value,

    p.kpi_4_name,
    p.kpi_4_count,
    p.kpi_4_value,

    p.kpi_5_name,
    p.kpi_5_count,
    p.kpi_5_value,

    p.kpi_6_name,
    p.kpi_6_count,
    p.kpi_6_value,

    p.kpi_7_name,
    p.kpi_7_count,
    p.kpi_7_value,

    p.kpi_8_name,
    p.kpi_8_count,
    p.kpi_8_value,

    p.kpi_9_name,
    p.kpi_9_count,
    p.kpi_9_value,

    p.kpi_10_name,
    p.kpi_10_count,
    p.kpi_10_value

  FROM all_performance_with_fatigue p
  -- LEFT JOIN `res-analytics.com_allied.ads` ad
  LEFT JOIN `res-analytics`.`com_allied`.`ads` ad
    ON p.ad_id = ad.id
  -- LEFT JOIN `res-analytics.com_allied.adsets` adset
  LEFT JOIN `res-analytics`.`com_allied`.`adsets` adset
    ON p.adset_id = adset.id
  -- LEFT JOIN `res-analytics.com_allied.campaigns` c
  LEFT JOIN `res-analytics`.`com_allied`.`campaigns` c
    ON p.campaign_id = c.id
),

final AS (
SELECT
  date,
--   COUNT(*) as num_rows,
  earliest_date,
  latest_date,
  organization_id,
  product_id,
  ad_network_id,
  account_id,
  campaign_id,
  campaign_name,
  adset_id,
  adset_name,
  ad_id,
  ad_name,
  spend,
  impressions,
  clicks,
  fatigue_score,

  kpi_1_name,
  kpi_1_count,
  kpi_1_value,

  kpi_2_name,
  kpi_2_count,
  kpi_2_value,

  kpi_3_name,
  kpi_3_count,
  kpi_3_value,

  kpi_4_name,
  kpi_4_count,
  kpi_4_value,

  kpi_5_name,
  kpi_5_count,
  kpi_5_value,

  kpi_6_name,
  kpi_6_count,
  kpi_6_value,

  kpi_7_name,
  kpi_7_count,
  kpi_7_value,

  kpi_8_name,
  kpi_8_count,
  kpi_8_value,

  kpi_9_name,
  kpi_9_count,
  kpi_9_value,

  kpi_10_name,
  kpi_10_count,
  kpi_10_value

FROM joined_data

GROUP BY
  date,
  earliest_date,
  latest_date,
  organization_id,
  product_id,
  ad_network_id,
  account_id,
  campaign_id,
  campaign_name,
  adset_id,
  adset_name,
  ad_id,
  ad_name,
  spend,
  impressions,
  clicks,
  fatigue_score,
  kpi_1_name,
  kpi_1_count,
  kpi_1_value,

  kpi_2_name,
  kpi_2_count,
  kpi_2_value,

  kpi_3_name,
  kpi_3_count,
  kpi_3_value,

  kpi_4_name,
  kpi_4_count,
  kpi_4_value,

  kpi_5_name,
  kpi_5_count,
  kpi_5_value,

  kpi_6_name,
  kpi_6_count,
  kpi_6_value,

  kpi_7_name,
  kpi_7_count,
  kpi_7_value,

  kpi_8_name,
  kpi_8_count,
  kpi_8_value,

  kpi_9_name,
  kpi_9_count,
  kpi_9_value,

  kpi_10_name,
  kpi_10_count,
  kpi_10_value
)

SELECT *
FROM final
    );
  
[0m20:58:17.251674 [debug] [Thread-1 (]: BigQuery adapter: https://console.cloud.google.com/bigquery?project=res-analytics&j=bq:US:e39dd09d-41ac-43d5-8ec9-f327c5590de7&page=queryresults
[0m20:58:19.103172 [debug] [Thread-1 (]: SQL status: OK in 1.851 seconds
[0m20:58:19.281545 [debug] [Thread-1 (]: Sending event: {'category': 'dbt', 'action': 'run_model', 'label': '54b51e91-beca-458a-9ea6-495aed389e06', 'context': [<snowplow_tracker.self_describing_json.SelfDescribingJson object at 0x11dde0750>]}
[0m20:58:19.281972 [info ] [Thread-1 (]: 9 of 12 OK created sql incremental model com_allied.kpi_creative_daily ......... [[32mCREATE TABLE (0.0 rows, 0 processed)[0m in 5.91s]
[0m20:58:19.282244 [debug] [Thread-1 (]: Finished running node model.analytics.kpi_creative_daily
[0m20:58:19.282562 [debug] [Thread-4 (]: Began running node model.analytics.forecast_accounts_daily
[0m20:58:19.282977 [debug] [Thread-2 (]: Began running node model.analytics.forecast_creative_daily
[0m20:58:19.283480 [info ] [Thread-4 (]: 11 of 12 START sql table model cortex.forecast_accounts_daily .................. [RUN]
[0m20:58:19.283836 [info ] [Thread-2 (]: 12 of 12 START sql table model cortex.forecast_creative_daily .................. [RUN]
[0m20:58:19.284084 [debug] [Thread-4 (]: Re-using an available connection from the pool (formerly model.analytics.keywords, now model.analytics.forecast_accounts_daily)
[0m20:58:19.284302 [debug] [Thread-2 (]: Re-using an available connection from the pool (formerly model.analytics.geo_campaign_daily, now model.analytics.forecast_creative_daily)
[0m20:58:19.284512 [debug] [Thread-4 (]: Began compiling node model.analytics.forecast_accounts_daily
[0m20:58:19.284704 [debug] [Thread-2 (]: Began compiling node model.analytics.forecast_creative_daily
[0m20:58:19.290597 [debug] [Thread-4 (]: Writing injected SQL for node "model.analytics.forecast_accounts_daily"
[0m20:58:19.298229 [debug] [Thread-2 (]: Writing injected SQL for node "model.analytics.forecast_creative_daily"
[0m20:58:19.298950 [debug] [Thread-2 (]: Began executing node model.analytics.forecast_creative_daily
[0m20:58:19.299167 [debug] [Thread-4 (]: Began executing node model.analytics.forecast_accounts_daily
[0m20:58:19.300619 [debug] [Thread-2 (]: Opening a new connection, currently in state closed
[0m20:58:19.302437 [debug] [Thread-4 (]: Opening a new connection, currently in state closed
[0m20:58:19.498191 [debug] [Thread-2 (]: Writing runtime sql for node "model.analytics.forecast_creative_daily"
[0m20:58:19.499898 [debug] [Thread-2 (]: On model.analytics.forecast_creative_daily: /* {"app": "dbt", "dbt_version": "1.11.2", "profile_name": "default", "target_name": "dev", "node_id": "model.analytics.forecast_creative_daily"} */

  
    

    create or replace table `res-analytics`.`cortex`.`forecast_creative_daily`
      
    
    

    
    OPTIONS()
    as (
      WITH
active_ads AS (
    SELECT
        ad_id
    FROM `res-analytics`.`com_allied`.`kpi_creative_daily`
    WHERE 
        latest_date = DATE_SUB(CURRENT_DATE(), INTERVAL 2 DAY) -- Always process from the last full day.
),

kpi AS (
    SELECT
    *
    FROM `res-analytics`.`com_allied`.`kpi_creative_daily`
    WHERE ad_id IN (SELECT ad_id FROM active_ads)
),

kpi_metadata AS (
    SELECT DISTINCT
        organization_id,
        product_id,
        ad_network_id,
        account_id,
        campaign_id,
        campaign_name,
        adset_id,
        adset_name,
        ad_id,
        ad_name
    FROM kpi
),

f_spend AS (
    SELECT
        forecast_timestamp,
        organization_id,
        product_id,
        ad_network_id,
        account_id,
        campaign_id,
        adset_id,
        ad_id,
        forecast_value,
        confidence_level,
        prediction_interval_lower_bound,
        prediction_interval_upper_bound
    FROM
        AI.FORECAST((
            SELECT * FROM kpi
        ),
        data_col => 'spend',
        timestamp_col => 'date',
        id_cols => ['organization_id', 'product_id', 'ad_network_id', 'account_id', 'campaign_id', 'adset_id', 'ad_id'],
        horizon=> 7,
        model=>'TimesFM 2.5'

        )
),

f_impressions AS (
    SELECT
        forecast_timestamp,
        organization_id,
        product_id,
        ad_network_id,
        account_id,
        campaign_id,
        adset_id,
        ad_id,
        forecast_value,
        confidence_level,
        prediction_interval_lower_bound,
        prediction_interval_upper_bound
    FROM
        AI.FORECAST((
            SELECT * FROM kpi
        ),
        data_col => 'impressions',
        timestamp_col => 'date',
        id_cols => ['organization_id', 'product_id', 'ad_network_id', 'account_id', 'campaign_id', 'adset_id', 'ad_id'],
        horizon=> 7,
        model=>'TimesFM 2.5'

        )
),

f_clicks AS (
    SELECT
        forecast_timestamp,
        organization_id,
        product_id,
        ad_network_id,
        account_id,
        campaign_id,
        adset_id,
        ad_id,
        forecast_value,
        confidence_level,
        prediction_interval_lower_bound,
        prediction_interval_upper_bound
    FROM
        AI.FORECAST((
            SELECT * FROM kpi
        ),
        data_col => 'clicks',
        timestamp_col => 'date',
        id_cols => ['organization_id', 'product_id', 'ad_network_id', 'account_id', 'campaign_id', 'adset_id', 'ad_id'],
        horizon=> 7,
        model=>'TimesFM 2.5'

        )
),

f_fatigue_score AS (
    SELECT
        forecast_timestamp,
        organization_id,
        product_id,
        ad_network_id,
        account_id,
        campaign_id,
        adset_id,
        ad_id,
        forecast_value,
        confidence_level,
        prediction_interval_lower_bound,
        prediction_interval_upper_bound
    FROM
        AI.FORECAST((
            SELECT * FROM kpi
        ),
        data_col => 'fatigue_score',
        timestamp_col => 'date',
        id_cols => ['organization_id', 'product_id', 'ad_network_id', 'account_id', 'campaign_id', 'adset_id', 'ad_id'],
        horizon=> 7,
        model=>'TimesFM 2.5'

        )
),


f_kpi_1_count AS (
    SELECT
        forecast_timestamp,
        organization_id,
        product_id,
        ad_network_id,
        account_id,
        campaign_id,
        adset_id,
        ad_id,
        forecast_value,
        confidence_level,
        prediction_interval_lower_bound,
        prediction_interval_upper_bound
    FROM
        AI.FORECAST((
            SELECT * FROM kpi
        ),
        data_col => 'kpi_1_count',
        timestamp_col => 'date',
        id_cols => ['organization_id', 'product_id', 'ad_network_id', 'account_id', 'campaign_id', 'adset_id', 'ad_id'],
        horizon=> 7,
        model=>'TimesFM 2.5'

        )
),

f_kpi_1_value AS (
    SELECT
        forecast_timestamp,
        organization_id,
        product_id,
        ad_network_id,
        account_id,
        campaign_id,
        adset_id,
        ad_id,
        forecast_value,
        confidence_level,
        prediction_interval_lower_bound,
        prediction_interval_upper_bound
    FROM
        AI.FORECAST((
            SELECT * FROM kpi
        ),
        data_col => 'kpi_1_value',
        timestamp_col => 'date',
        id_cols => ['organization_id', 'product_id', 'ad_network_id', 'account_id', 'campaign_id', 'adset_id', 'ad_id'],
        horizon=> 7,
        model=>'TimesFM 2.5'

        )
),


f_kpi_2_count AS (
    SELECT
        forecast_timestamp,
        organization_id,
        product_id,
        ad_network_id,
        account_id,
        campaign_id,
        adset_id,
        ad_id,
        forecast_value,
        confidence_level,
        prediction_interval_lower_bound,
        prediction_interval_upper_bound
    FROM
        AI.FORECAST((
            SELECT * FROM kpi
        ),
        data_col => 'kpi_2_count',
        timestamp_col => 'date',
        id_cols => ['organization_id', 'product_id', 'ad_network_id', 'account_id', 'campaign_id', 'adset_id', 'ad_id'],
        horizon=> 7,
        model=>'TimesFM 2.5'

        )
),

f_kpi_2_value AS (
    SELECT
        forecast_timestamp,
        organization_id,
        product_id,
        ad_network_id,
        account_id,
        campaign_id,
        adset_id,
        ad_id,
        forecast_value,
        confidence_level,
        prediction_interval_lower_bound,
        prediction_interval_upper_bound
    FROM
        AI.FORECAST((
            SELECT * FROM kpi
        ),
        data_col => 'kpi_2_value',
        timestamp_col => 'date',
        id_cols => ['organization_id', 'product_id', 'ad_network_id', 'account_id', 'campaign_id', 'adset_id', 'ad_id'],
        horizon=> 7,
        model=>'TimesFM 2.5'

        )
),


f_kpi_3_count AS (
    SELECT
        forecast_timestamp,
        organization_id,
        product_id,
        ad_network_id,
        account_id,
        campaign_id,
        adset_id,
        ad_id,
        forecast_value,
        confidence_level,
        prediction_interval_lower_bound,
        prediction_interval_upper_bound
    FROM
        AI.FORECAST((
            SELECT * FROM kpi
        ),
        data_col => 'kpi_3_count',
        timestamp_col => 'date',
        id_cols => ['organization_id', 'product_id', 'ad_network_id', 'account_id', 'campaign_id', 'adset_id', 'ad_id'],
        horizon=> 7,
        model=>'TimesFM 2.5'

        )
),

f_kpi_3_value AS (
    SELECT
        forecast_timestamp,
        organization_id,
        product_id,
        ad_network_id,
        account_id,
        campaign_id,
        adset_id,
        ad_id,
        forecast_value,
        confidence_level,
        prediction_interval_lower_bound,
        prediction_interval_upper_bound
    FROM
        AI.FORECAST((
            SELECT * FROM kpi
        ),
        data_col => 'kpi_3_value',
        timestamp_col => 'date',
        id_cols => ['organization_id', 'product_id', 'ad_network_id', 'account_id', 'campaign_id', 'adset_id', 'ad_id'],
        horizon=> 7,
        model=>'TimesFM 2.5'

        )
),


f_kpi_4_count AS (
    SELECT
        forecast_timestamp,
        organization_id,
        product_id,
        ad_network_id,
        account_id,
        campaign_id,
        adset_id,
        ad_id,
        forecast_value,
        confidence_level,
        prediction_interval_lower_bound,
        prediction_interval_upper_bound
    FROM
        AI.FORECAST((
            SELECT * FROM kpi
        ),
        data_col => 'kpi_4_count',
        timestamp_col => 'date',
        id_cols => ['organization_id', 'product_id', 'ad_network_id', 'account_id', 'campaign_id', 'adset_id', 'ad_id'],
        horizon=> 7,
        model=>'TimesFM 2.5'

        )
),

f_kpi_4_value AS (
    SELECT
        forecast_timestamp,
        organization_id,
        product_id,
        ad_network_id,
        account_id,
        campaign_id,
        adset_id,
        ad_id,
        forecast_value,
        confidence_level,
        prediction_interval_lower_bound,
        prediction_interval_upper_bound
    FROM
        AI.FORECAST((
            SELECT * FROM kpi
        ),
        data_col => 'kpi_4_value',
        timestamp_col => 'date',
        id_cols => ['organization_id', 'product_id', 'ad_network_id', 'account_id', 'campaign_id', 'adset_id', 'ad_id'],
        horizon=> 7,
        model=>'TimesFM 2.5'

        )
),


f_kpi_5_count AS (
    SELECT
        forecast_timestamp,
        organization_id,
        product_id,
        ad_network_id,
        account_id,
        campaign_id,
        adset_id,
        ad_id,
        forecast_value,
        confidence_level,
        prediction_interval_lower_bound,
        prediction_interval_upper_bound
    FROM
        AI.FORECAST((
            SELECT * FROM kpi
        ),
        data_col => 'kpi_5_count',
        timestamp_col => 'date',
        id_cols => ['organization_id', 'product_id', 'ad_network_id', 'account_id', 'campaign_id', 'adset_id', 'ad_id'],
        horizon=> 7,
        model=>'TimesFM 2.5'

        )
),

f_kpi_5_value AS (
    SELECT
        forecast_timestamp,
        organization_id,
        product_id,
        ad_network_id,
        account_id,
        campaign_id,
        adset_id,
        ad_id,
        forecast_value,
        confidence_level,
        prediction_interval_lower_bound,
        prediction_interval_upper_bound
    FROM
        AI.FORECAST((
            SELECT * FROM kpi
        ),
        data_col => 'kpi_5_value',
        timestamp_col => 'date',
        id_cols => ['organization_id', 'product_id', 'ad_network_id', 'account_id', 'campaign_id', 'adset_id', 'ad_id'],
        horizon=> 7,
        model=>'TimesFM 2.5'

        )
),


f_kpi_6_count AS (
    SELECT
        forecast_timestamp,
        organization_id,
        product_id,
        ad_network_id,
        account_id,
        campaign_id,
        adset_id,
        ad_id,
        forecast_value,
        confidence_level,
        prediction_interval_lower_bound,
        prediction_interval_upper_bound
    FROM
        AI.FORECAST((
            SELECT * FROM kpi
        ),
        data_col => 'kpi_6_count',
        timestamp_col => 'date',
        id_cols => ['organization_id', 'product_id', 'ad_network_id', 'account_id', 'campaign_id', 'adset_id', 'ad_id'],
        horizon=> 7,
        model=>'TimesFM 2.5'

        )
),

f_kpi_6_value AS (
    SELECT
        forecast_timestamp,
        organization_id,
        product_id,
        ad_network_id,
        account_id,
        campaign_id,
        adset_id,
        ad_id,
        forecast_value,
        confidence_level,
        prediction_interval_lower_bound,
        prediction_interval_upper_bound
    FROM
        AI.FORECAST((
            SELECT * FROM kpi
        ),
        data_col => 'kpi_6_value',
        timestamp_col => 'date',
        id_cols => ['organization_id', 'product_id', 'ad_network_id', 'account_id', 'campaign_id', 'adset_id', 'ad_id'],
        horizon=> 7,
        model=>'TimesFM 2.5'

        )
),


f_kpi_7_count AS (
    SELECT
        forecast_timestamp,
        organization_id,
        product_id,
        ad_network_id,
        account_id,
        campaign_id,
        adset_id,
        ad_id,
        forecast_value,
        confidence_level,
        prediction_interval_lower_bound,
        prediction_interval_upper_bound
    FROM
        AI.FORECAST((
            SELECT * FROM kpi
        ),
        data_col => 'kpi_7_count',
        timestamp_col => 'date',
        id_cols => ['organization_id', 'product_id', 'ad_network_id', 'account_id', 'campaign_id', 'adset_id', 'ad_id'],
        horizon=> 7,
        model=>'TimesFM 2.5'

        )
),

f_kpi_7_value AS (
    SELECT
        forecast_timestamp,
        organization_id,
        product_id,
        ad_network_id,
        account_id,
        campaign_id,
        adset_id,
        ad_id,
        forecast_value,
        confidence_level,
        prediction_interval_lower_bound,
        prediction_interval_upper_bound
    FROM
        AI.FORECAST((
            SELECT * FROM kpi
        ),
        data_col => 'kpi_7_value',
        timestamp_col => 'date',
        id_cols => ['organization_id', 'product_id', 'ad_network_id', 'account_id', 'campaign_id', 'adset_id', 'ad_id'],
        horizon=> 7,
        model=>'TimesFM 2.5'

        )
),


f_kpi_8_count AS (
    SELECT
        forecast_timestamp,
        organization_id,
        product_id,
        ad_network_id,
        account_id,
        campaign_id,
        adset_id,
        ad_id,
        forecast_value,
        confidence_level,
        prediction_interval_lower_bound,
        prediction_interval_upper_bound
    FROM
        AI.FORECAST((
            SELECT * FROM kpi
        ),
        data_col => 'kpi_8_count',
        timestamp_col => 'date',
        id_cols => ['organization_id', 'product_id', 'ad_network_id', 'account_id', 'campaign_id', 'adset_id', 'ad_id'],
        horizon=> 7,
        model=>'TimesFM 2.5'

        )
),

f_kpi_8_value AS (
    SELECT
        forecast_timestamp,
        organization_id,
        product_id,
        ad_network_id,
        account_id,
        campaign_id,
        adset_id,
        ad_id,
        forecast_value,
        confidence_level,
        prediction_interval_lower_bound,
        prediction_interval_upper_bound
    FROM
        AI.FORECAST((
            SELECT * FROM kpi
        ),
        data_col => 'kpi_8_value',
        timestamp_col => 'date',
        id_cols => ['organization_id', 'product_id', 'ad_network_id', 'account_id', 'campaign_id', 'adset_id', 'ad_id'],
        horizon=> 7,
        model=>'TimesFM 2.5'

        )
),


f_kpi_9_count AS (
    SELECT
        forecast_timestamp,
        organization_id,
        product_id,
        ad_network_id,
        account_id,
        campaign_id,
        adset_id,
        ad_id,
        forecast_value,
        confidence_level,
        prediction_interval_lower_bound,
        prediction_interval_upper_bound
    FROM
        AI.FORECAST((
            SELECT * FROM kpi
        ),
        data_col => 'kpi_9_count',
        timestamp_col => 'date',
        id_cols => ['organization_id', 'product_id', 'ad_network_id', 'account_id', 'campaign_id', 'adset_id', 'ad_id'],
        horizon=> 7,
        model=>'TimesFM 2.5'

        )
),

f_kpi_9_value AS (
    SELECT
        forecast_timestamp,
        organization_id,
        product_id,
        ad_network_id,
        account_id,
        campaign_id,
        adset_id,
        ad_id,
        forecast_value,
        confidence_level,
        prediction_interval_lower_bound,
        prediction_interval_upper_bound
    FROM
        AI.FORECAST((
            SELECT * FROM kpi
        ),
        data_col => 'kpi_9_value',
        timestamp_col => 'date',
        id_cols => ['organization_id', 'product_id', 'ad_network_id', 'account_id', 'campaign_id', 'adset_id', 'ad_id'],
        horizon=> 7,
        model=>'TimesFM 2.5'

        )
),


f_kpi_10_count AS (
    SELECT
        forecast_timestamp,
        organization_id,
        product_id,
        ad_network_id,
        account_id,
        campaign_id,
        adset_id,
        ad_id,
        forecast_value,
        confidence_level,
        prediction_interval_lower_bound,
        prediction_interval_upper_bound
    FROM
        AI.FORECAST((
            SELECT * FROM kpi
        ),
        data_col => 'kpi_10_count',
        timestamp_col => 'date',
        id_cols => ['organization_id', 'product_id', 'ad_network_id', 'account_id', 'campaign_id', 'adset_id', 'ad_id'],
        horizon=> 7,
        model=>'TimesFM 2.5'

        )
),

f_kpi_10_value AS (
    SELECT
        forecast_timestamp,
        organization_id,
        product_id,
        ad_network_id,
        account_id,
        campaign_id,
        adset_id,
        ad_id,
        forecast_value,
        confidence_level,
        prediction_interval_lower_bound,
        prediction_interval_upper_bound
    FROM
        AI.FORECAST((
            SELECT * FROM kpi
        ),
        data_col => 'kpi_10_value',
        timestamp_col => 'date',
        id_cols => ['organization_id', 'product_id', 'ad_network_id', 'account_id', 'campaign_id', 'adset_id', 'ad_id'],
        horizon=> 7,
        model=>'TimesFM 2.5'

        )
),


joined AS (
    SELECT
        DATE(f_spend.forecast_timestamp) as date,
        kpi_metadata.organization_id,
        kpi_metadata.product_id,
        kpi_metadata.ad_network_id,
        kpi_metadata.account_id,
        kpi_metadata.campaign_id,
        kpi_metadata.campaign_name,
        kpi_metadata.adset_id,
        kpi_metadata.adset_name,
        kpi_metadata.ad_id,
        kpi_metadata.ad_name,

        -- Spend forecast
        f_spend.forecast_value as spend,
        f_spend.confidence_level as spend_confidence_level,
        f_spend.prediction_interval_lower_bound as spend_lower_bound,
        f_spend.prediction_interval_upper_bound as spend_upper_bound,

        -- Impressions forecast
        f_impressions.forecast_value as impressions,
        f_impressions.confidence_level as impressions_confidence_level,
        f_impressions.prediction_interval_lower_bound as impressions_lower_bound,
        f_impressions.prediction_interval_upper_bound as impressions_upper_bound,

        -- Clicks forecast
        f_clicks.forecast_value as clicks,
        f_clicks.confidence_level as clicks_confidence_level,
        f_clicks.prediction_interval_lower_bound as clicks_lower_bound,
        f_clicks.prediction_interval_upper_bound as clicks_upper_bound,

        -- Fatigue Score forecast
        f_fatigue_score.forecast_value as fatigue_score,
        f_fatigue_score.confidence_level as fatigue_score_confidence_level,
        f_fatigue_score.prediction_interval_lower_bound as fatigue_score_lower_bound,
        f_fatigue_score.prediction_interval_upper_bound as fatigue_score_upper_bound,


        -- kpi_1_count forecast
        f_kpi_1_count.forecast_value as kpi_1_count,
        f_kpi_1_count.confidence_level as kpi_1_count_confidence_level,
        f_kpi_1_count.prediction_interval_lower_bound as kpi_1_count_lower_bound,
        f_kpi_1_count.prediction_interval_upper_bound as kpi_1_count_upper_bound,

        -- kpi_1_value forecast
        f_kpi_1_value.forecast_value as kpi_1_value,
        f_kpi_1_value.confidence_level as kpi_1_value_confidence_level,
        f_kpi_1_value.prediction_interval_lower_bound as kpi_1_value_lower_bound,
        f_kpi_1_value.prediction_interval_upper_bound as kpi_1_value_upper_bound,



        -- kpi_2_count forecast
        f_kpi_2_count.forecast_value as kpi_2_count,
        f_kpi_2_count.confidence_level as kpi_2_count_confidence_level,
        f_kpi_2_count.prediction_interval_lower_bound as kpi_2_count_lower_bound,
        f_kpi_2_count.prediction_interval_upper_bound as kpi_2_count_upper_bound,

        -- kpi_2_value forecast
        f_kpi_2_value.forecast_value as kpi_2_value,
        f_kpi_2_value.confidence_level as kpi_2_value_confidence_level,
        f_kpi_2_value.prediction_interval_lower_bound as kpi_2_value_lower_bound,
        f_kpi_2_value.prediction_interval_upper_bound as kpi_2_value_upper_bound,



        -- kpi_3_count forecast
        f_kpi_3_count.forecast_value as kpi_3_count,
        f_kpi_3_count.confidence_level as kpi_3_count_confidence_level,
        f_kpi_3_count.prediction_interval_lower_bound as kpi_3_count_lower_bound,
        f_kpi_3_count.prediction_interval_upper_bound as kpi_3_count_upper_bound,

        -- kpi_3_value forecast
        f_kpi_3_value.forecast_value as kpi_3_value,
        f_kpi_3_value.confidence_level as kpi_3_value_confidence_level,
        f_kpi_3_value.prediction_interval_lower_bound as kpi_3_value_lower_bound,
        f_kpi_3_value.prediction_interval_upper_bound as kpi_3_value_upper_bound,


        -- kpi_4_count forecast
        f_kpi_4_count.forecast_value as kpi_4_count,
        f_kpi_4_count.confidence_level as kpi_4_count_confidence_level,
        f_kpi_4_count.prediction_interval_lower_bound as kpi_4_count_lower_bound,
        f_kpi_4_count.prediction_interval_upper_bound as kpi_4_count_upper_bound,

        -- kpi_4_value forecast
        f_kpi_4_value.forecast_value as kpi_4_value,
        f_kpi_4_value.confidence_level as kpi_4_value_confidence_level,
        f_kpi_4_value.prediction_interval_lower_bound as kpi_4_value_lower_bound,
        f_kpi_4_value.prediction_interval_upper_bound as kpi_4_value_upper_bound,



        -- kpi_5_count forecast
        f_kpi_5_count.forecast_value as kpi_5_count,
        f_kpi_5_count.confidence_level as kpi_5_count_confidence_level,
        f_kpi_5_count.prediction_interval_lower_bound as kpi_5_count_lower_bound,
        f_kpi_5_count.prediction_interval_upper_bound as kpi_5_count_upper_bound,

        -- kpi_5_value forecast
        f_kpi_5_value.forecast_value as kpi_5_value,
        f_kpi_5_value.confidence_level as kpi_5_value_confidence_level,
        f_kpi_5_value.prediction_interval_lower_bound as kpi_5_value_lower_bound,
        f_kpi_5_value.prediction_interval_upper_bound as kpi_5_value_upper_bound,



        -- kpi_6_count forecast
        f_kpi_6_count.forecast_value as kpi_6_count,
        f_kpi_6_count.confidence_level as kpi_6_count_confidence_level,
        f_kpi_6_count.prediction_interval_lower_bound as kpi_6_count_lower_bound,
        f_kpi_6_count.prediction_interval_upper_bound as kpi_6_count_upper_bound,

        -- kpi_6_value forecast
        f_kpi_6_value.forecast_value as kpi_6_value,
        f_kpi_6_value.confidence_level as kpi_6_value_confidence_level,
        f_kpi_6_value.prediction_interval_lower_bound as kpi_6_value_lower_bound,
        f_kpi_6_value.prediction_interval_upper_bound as kpi_6_value_upper_bound,



        -- kpi_7_count forecast
        f_kpi_7_count.forecast_value as kpi_7_count,
        f_kpi_7_count.confidence_level as kpi_7_count_confidence_level,
        f_kpi_7_count.prediction_interval_lower_bound as kpi_7_count_lower_bound,
        f_kpi_7_count.prediction_interval_upper_bound as kpi_7_count_upper_bound,

        -- kpi_7_value forecast
        f_kpi_7_value.forecast_value as kpi_7_value,
        f_kpi_7_value.confidence_level as kpi_7_value_confidence_level,
        f_kpi_7_value.prediction_interval_lower_bound as kpi_7_value_lower_bound,
        f_kpi_7_value.prediction_interval_upper_bound as kpi_7_value_upper_bound,



        -- kpi_8_count forecast
        f_kpi_8_count.forecast_value as kpi_8_count,
        f_kpi_8_count.confidence_level as kpi_8_count_confidence_level,
        f_kpi_8_count.prediction_interval_lower_bound as kpi_8_count_lower_bound,
        f_kpi_8_count.prediction_interval_upper_bound as kpi_8_count_upper_bound,

        -- kpi_8_value forecast
        f_kpi_8_value.forecast_value as kpi_8_value,
        f_kpi_8_value.confidence_level as kpi_8_value_confidence_level,
        f_kpi_8_value.prediction_interval_lower_bound as kpi_8_value_lower_bound,
        f_kpi_8_value.prediction_interval_upper_bound as kpi_8_value_upper_bound,



        -- kpi_9_count forecast
        f_kpi_9_count.forecast_value as kpi_9_count,
        f_kpi_9_count.confidence_level as kpi_9_count_confidence_level,
        f_kpi_9_count.prediction_interval_lower_bound as kpi_9_count_lower_bound,
        f_kpi_9_count.prediction_interval_upper_bound as kpi_9_count_upper_bound,

        -- kpi_9_value forecast
        f_kpi_9_value.forecast_value as kpi_9_value,
        f_kpi_9_value.confidence_level as kpi_9_value_confidence_level,
        f_kpi_9_value.prediction_interval_lower_bound as kpi_9_value_lower_bound,
        f_kpi_9_value.prediction_interval_upper_bound as kpi_9_value_upper_bound,



        -- kpi_10_count forecast
        f_kpi_10_count.forecast_value as kpi_10_count,
        f_kpi_10_count.confidence_level as kpi_10_count_confidence_level,
        f_kpi_10_count.prediction_interval_lower_bound as kpi_10_count_lower_bound,
        f_kpi_10_count.prediction_interval_upper_bound as kpi_10_count_upper_bound,

        -- kpi_10_value forecast
        f_kpi_10_value.forecast_value as kpi_10_value,
        f_kpi_10_value.confidence_level as kpi_10_value_confidence_level,
        f_kpi_10_value.prediction_interval_lower_bound as kpi_10_value_lower_bound,
        f_kpi_10_value.prediction_interval_upper_bound as kpi_10_value_upper_bound

    FROM f_spend
    
    INNER JOIN f_impressions
      ON f_spend.organization_id = f_impressions.organization_id
      AND f_spend.product_id = f_impressions.product_id
      AND f_spend.ad_network_id = f_impressions.ad_network_id
      AND f_spend.account_id = f_impressions.account_id
      AND f_spend.campaign_id = f_impressions.campaign_id
      AND f_spend.adset_id = f_impressions.adset_id
      AND f_spend.ad_id = f_impressions.ad_id
      AND f_spend.forecast_timestamp = f_impressions.forecast_timestamp
    
    INNER JOIN f_clicks
      ON f_spend.organization_id = f_clicks.organization_id
      AND f_spend.product_id = f_clicks.product_id
      AND f_spend.ad_network_id = f_clicks.ad_network_id
      AND f_spend.account_id = f_clicks.account_id
      AND f_spend.campaign_id = f_clicks.campaign_id
      AND f_spend.adset_id = f_clicks.adset_id
      AND f_spend.ad_id = f_clicks.ad_id
      AND f_spend.forecast_timestamp = f_clicks.forecast_timestamp

    INNER JOIN f_fatigue_score
      ON f_spend.organization_id = f_fatigue_score.organization_id
      AND f_spend.product_id = f_fatigue_score.product_id
      AND f_spend.ad_network_id = f_fatigue_score.ad_network_id
      AND f_spend.account_id = f_fatigue_score.account_id
      AND f_spend.campaign_id = f_fatigue_score.campaign_id
      AND f_spend.adset_id = f_fatigue_score.adset_id
      AND f_spend.ad_id = f_fatigue_score.ad_id
      AND f_spend.forecast_timestamp = f_fatigue_score.forecast_timestamp


    INNER JOIN f_kpi_1_count
      ON f_spend.organization_id = f_kpi_1_count.organization_id
      AND f_spend.product_id = f_kpi_1_count.product_id
      AND f_spend.ad_network_id = f_kpi_1_count.ad_network_id
      AND f_spend.account_id = f_kpi_1_count.account_id
      AND f_spend.campaign_id = f_kpi_1_count.campaign_id
      AND f_spend.adset_id = f_kpi_1_count.adset_id
      AND f_spend.ad_id = f_kpi_1_count.ad_id
      AND f_spend.forecast_timestamp = f_kpi_1_count.forecast_timestamp

    INNER JOIN f_kpi_1_value
      ON f_spend.organization_id = f_kpi_1_value.organization_id
      AND f_spend.product_id = f_kpi_1_value.product_id
      AND f_spend.ad_network_id = f_kpi_1_value.ad_network_id
      AND f_spend.account_id = f_kpi_1_value.account_id
      AND f_spend.campaign_id = f_kpi_1_value.campaign_id
      AND f_spend.adset_id = f_kpi_1_value.adset_id
      AND f_spend.ad_id = f_kpi_1_value.ad_id
      AND f_spend.forecast_timestamp = f_kpi_1_value.forecast_timestamp



    INNER JOIN f_kpi_2_count
      ON f_spend.organization_id = f_kpi_2_count.organization_id
      AND f_spend.product_id = f_kpi_2_count.product_id
      AND f_spend.ad_network_id = f_kpi_2_count.ad_network_id
      AND f_spend.account_id = f_kpi_2_count.account_id
      AND f_spend.campaign_id = f_kpi_2_count.campaign_id
      AND f_spend.adset_id = f_kpi_2_count.adset_id
      AND f_spend.ad_id = f_kpi_2_count.ad_id
      AND f_spend.forecast_timestamp = f_kpi_2_count.forecast_timestamp

    INNER JOIN f_kpi_2_value
      ON f_spend.organization_id = f_kpi_2_value.organization_id
      AND f_spend.product_id = f_kpi_2_value.product_id
      AND f_spend.ad_network_id = f_kpi_2_value.ad_network_id
      AND f_spend.account_id = f_kpi_2_value.account_id
      AND f_spend.campaign_id = f_kpi_2_value.campaign_id
      AND f_spend.adset_id = f_kpi_2_value.adset_id
      AND f_spend.ad_id = f_kpi_2_value.ad_id
      AND f_spend.forecast_timestamp = f_kpi_2_value.forecast_timestamp


    INNER JOIN f_kpi_3_count
      ON f_spend.organization_id = f_kpi_3_count.organization_id
      AND f_spend.product_id = f_kpi_3_count.product_id
      AND f_spend.ad_network_id = f_kpi_3_count.ad_network_id
      AND f_spend.account_id = f_kpi_3_count.account_id
      AND f_spend.campaign_id = f_kpi_3_count.campaign_id
      AND f_spend.adset_id = f_kpi_3_count.adset_id
      AND f_spend.ad_id = f_kpi_3_count.ad_id
      AND f_spend.forecast_timestamp = f_kpi_3_count.forecast_timestamp

    INNER JOIN f_kpi_3_value
      ON f_spend.organization_id = f_kpi_3_value.organization_id
      AND f_spend.product_id = f_kpi_3_value.product_id
      AND f_spend.ad_network_id = f_kpi_3_value.ad_network_id
      AND f_spend.account_id = f_kpi_3_value.account_id
      AND f_spend.campaign_id = f_kpi_3_value.campaign_id
      AND f_spend.adset_id = f_kpi_3_value.adset_id
      AND f_spend.ad_id = f_kpi_3_value.ad_id
      AND f_spend.forecast_timestamp = f_kpi_3_value.forecast_timestamp


    INNER JOIN f_kpi_4_count
      ON f_spend.organization_id = f_kpi_4_count.organization_id
      AND f_spend.product_id = f_kpi_4_count.product_id
      AND f_spend.ad_network_id = f_kpi_4_count.ad_network_id
      AND f_spend.account_id = f_kpi_4_count.account_id
      AND f_spend.campaign_id = f_kpi_4_count.campaign_id
      AND f_spend.adset_id = f_kpi_4_count.adset_id
      AND f_spend.ad_id = f_kpi_4_count.ad_id
      AND f_spend.forecast_timestamp = f_kpi_4_count.forecast_timestamp

    INNER JOIN f_kpi_4_value
      ON f_spend.organization_id = f_kpi_4_value.organization_id
      AND f_spend.product_id = f_kpi_4_value.product_id
      AND f_spend.ad_network_id = f_kpi_4_value.ad_network_id
      AND f_spend.account_id = f_kpi_4_value.account_id
      AND f_spend.campaign_id = f_kpi_4_value.campaign_id
      AND f_spend.adset_id = f_kpi_4_value.adset_id
      AND f_spend.ad_id = f_kpi_4_value.ad_id
      AND f_spend.forecast_timestamp = f_kpi_4_value.forecast_timestamp


    INNER JOIN f_kpi_5_count
      ON f_spend.organization_id = f_kpi_5_count.organization_id
      AND f_spend.product_id = f_kpi_5_count.product_id
      AND f_spend.ad_network_id = f_kpi_5_count.ad_network_id
      AND f_spend.account_id = f_kpi_5_count.account_id
      AND f_spend.campaign_id = f_kpi_5_count.campaign_id
      AND f_spend.adset_id = f_kpi_5_count.adset_id
      AND f_spend.ad_id = f_kpi_5_count.ad_id
      AND f_spend.forecast_timestamp = f_kpi_5_count.forecast_timestamp

    INNER JOIN f_kpi_5_value
      ON f_spend.organization_id = f_kpi_5_value.organization_id
      AND f_spend.product_id = f_kpi_5_value.product_id
      AND f_spend.ad_network_id = f_kpi_5_value.ad_network_id
      AND f_spend.account_id = f_kpi_5_value.account_id
      AND f_spend.campaign_id = f_kpi_5_value.campaign_id
      AND f_spend.adset_id = f_kpi_5_value.adset_id
      AND f_spend.ad_id = f_kpi_5_value.ad_id
      AND f_spend.forecast_timestamp = f_kpi_5_value.forecast_timestamp


    INNER JOIN f_kpi_6_count
      ON f_spend.organization_id = f_kpi_6_count.organization_id
      AND f_spend.product_id = f_kpi_6_count.product_id
      AND f_spend.ad_network_id = f_kpi_6_count.ad_network_id
      AND f_spend.account_id = f_kpi_6_count.account_id
      AND f_spend.campaign_id = f_kpi_6_count.campaign_id
      AND f_spend.adset_id = f_kpi_6_count.adset_id
      AND f_spend.ad_id = f_kpi_6_count.ad_id
      AND f_spend.forecast_timestamp = f_kpi_6_count.forecast_timestamp

    INNER JOIN f_kpi_6_value
      ON f_spend.organization_id = f_kpi_6_value.organization_id
      AND f_spend.product_id = f_kpi_6_value.product_id
      AND f_spend.ad_network_id = f_kpi_6_value.ad_network_id
      AND f_spend.account_id = f_kpi_6_value.account_id
      AND f_spend.campaign_id = f_kpi_6_value.campaign_id
      AND f_spend.adset_id = f_kpi_6_value.adset_id
      AND f_spend.ad_id = f_kpi_6_value.ad_id
      AND f_spend.forecast_timestamp = f_kpi_6_value.forecast_timestamp


    INNER JOIN f_kpi_7_count
      ON f_spend.organization_id = f_kpi_7_count.organization_id
      AND f_spend.product_id = f_kpi_7_count.product_id
      AND f_spend.ad_network_id = f_kpi_7_count.ad_network_id
      AND f_spend.account_id = f_kpi_7_count.account_id
      AND f_spend.campaign_id = f_kpi_7_count.campaign_id
      AND f_spend.adset_id = f_kpi_7_count.adset_id
      AND f_spend.ad_id = f_kpi_7_count.ad_id
      AND f_spend.forecast_timestamp = f_kpi_7_count.forecast_timestamp

    INNER JOIN f_kpi_7_value
      ON f_spend.organization_id = f_kpi_7_value.organization_id
      AND f_spend.product_id = f_kpi_7_value.product_id
      AND f_spend.ad_network_id = f_kpi_7_value.ad_network_id
      AND f_spend.account_id = f_kpi_7_value.account_id
      AND f_spend.campaign_id = f_kpi_7_value.campaign_id
      AND f_spend.adset_id = f_kpi_7_value.adset_id
      AND f_spend.ad_id = f_kpi_7_value.ad_id
      AND f_spend.forecast_timestamp = f_kpi_7_value.forecast_timestamp


    INNER JOIN f_kpi_8_count
      ON f_spend.organization_id = f_kpi_8_count.organization_id
      AND f_spend.product_id = f_kpi_8_count.product_id
      AND f_spend.ad_network_id = f_kpi_8_count.ad_network_id
      AND f_spend.account_id = f_kpi_8_count.account_id
      AND f_spend.campaign_id = f_kpi_8_count.campaign_id
      AND f_spend.adset_id = f_kpi_8_count.adset_id
      AND f_spend.ad_id = f_kpi_8_count.ad_id
      AND f_spend.forecast_timestamp = f_kpi_8_count.forecast_timestamp

    INNER JOIN f_kpi_8_value
      ON f_spend.organization_id = f_kpi_8_value.organization_id
      AND f_spend.product_id = f_kpi_8_value.product_id
      AND f_spend.ad_network_id = f_kpi_8_value.ad_network_id
      AND f_spend.account_id = f_kpi_8_value.account_id
      AND f_spend.campaign_id = f_kpi_8_value.campaign_id
      AND f_spend.adset_id = f_kpi_8_value.adset_id
      AND f_spend.ad_id = f_kpi_8_value.ad_id
      AND f_spend.forecast_timestamp = f_kpi_8_value.forecast_timestamp


    INNER JOIN f_kpi_9_count
      ON f_spend.organization_id = f_kpi_9_count.organization_id
      AND f_spend.product_id = f_kpi_9_count.product_id
      AND f_spend.ad_network_id = f_kpi_9_count.ad_network_id
      AND f_spend.account_id = f_kpi_9_count.account_id
      AND f_spend.campaign_id = f_kpi_9_count.campaign_id
      AND f_spend.adset_id = f_kpi_9_count.adset_id
      AND f_spend.ad_id = f_kpi_9_count.ad_id
      AND f_spend.forecast_timestamp = f_kpi_9_count.forecast_timestamp

    INNER JOIN f_kpi_9_value
      ON f_spend.organization_id = f_kpi_9_value.organization_id
      AND f_spend.product_id = f_kpi_9_value.product_id
      AND f_spend.ad_network_id = f_kpi_9_value.ad_network_id
      AND f_spend.account_id = f_kpi_9_value.account_id
      AND f_spend.campaign_id = f_kpi_9_value.campaign_id
      AND f_spend.adset_id = f_kpi_9_value.adset_id
      AND f_spend.ad_id = f_kpi_9_value.ad_id
      AND f_spend.forecast_timestamp = f_kpi_9_value.forecast_timestamp


    INNER JOIN f_kpi_10_count
      ON f_spend.organization_id = f_kpi_10_count.organization_id
      AND f_spend.product_id = f_kpi_10_count.product_id
      AND f_spend.ad_network_id = f_kpi_10_count.ad_network_id
      AND f_spend.account_id = f_kpi_10_count.account_id
      AND f_spend.campaign_id = f_kpi_10_count.campaign_id
      AND f_spend.adset_id = f_kpi_10_count.adset_id
      AND f_spend.ad_id = f_kpi_10_count.ad_id
      AND f_spend.forecast_timestamp = f_kpi_10_count.forecast_timestamp

    INNER JOIN f_kpi_10_value
      ON f_spend.organization_id = f_kpi_10_value.organization_id
      AND f_spend.product_id = f_kpi_10_value.product_id
      AND f_spend.ad_network_id = f_kpi_10_value.ad_network_id
      AND f_spend.account_id = f_kpi_10_value.account_id
      AND f_spend.campaign_id = f_kpi_10_value.campaign_id
      AND f_spend.adset_id = f_kpi_10_value.adset_id
      AND f_spend.ad_id = f_kpi_10_value.ad_id
      AND f_spend.forecast_timestamp = f_kpi_10_value.forecast_timestamp

    LEFT JOIN kpi_metadata
      ON f_spend.organization_id = kpi_metadata.organization_id
      AND f_spend.product_id = kpi_metadata.product_id
      AND f_spend.ad_network_id = kpi_metadata.ad_network_id
      AND f_spend.account_id = kpi_metadata.account_id
      AND f_spend.campaign_id = kpi_metadata.campaign_id
      AND f_spend.adset_id = kpi_metadata.adset_id
      AND f_spend.ad_id = kpi_metadata.ad_id
    
    ORDER BY ad_id, date
)

SELECT * FROM joined
    );
  
[0m20:58:19.593005 [debug] [Thread-4 (]: Writing runtime sql for node "model.analytics.forecast_accounts_daily"
[0m20:58:19.594805 [debug] [Thread-4 (]: On model.analytics.forecast_accounts_daily: /* {"app": "dbt", "dbt_version": "1.11.2", "profile_name": "default", "target_name": "dev", "node_id": "model.analytics.forecast_accounts_daily"} */

  
    

    create or replace table `res-analytics`.`cortex`.`forecast_accounts_daily`
      
    
    

    
    OPTIONS()
    as (
      WITH
active_ads AS (
    SELECT
        ad_id
    FROM `res-analytics`.`com_allied`.`kpi_creative_daily`
    WHERE 
        latest_date = DATE_SUB(CURRENT_DATE(), INTERVAL 2 DAY) -- Always process from the last full day.
),

kpi AS (
    SELECT
    DATE(date) AS date,
    organization_id,
    product_id,
    ad_network_id,
    account_id,
    SUM(spend) AS spend,
    SUM(impressions) AS impressions,
    SUM(clicks) AS clicks,
    SUM(fatigue_score) AS fatigue_score,

    SUM(kpi_1_count) AS kpi_1_count,
    SUM(kpi_1_value) AS kpi_1_value,

    SUM(kpi_2_count) AS kpi_2_count,
    SUM(kpi_2_value) AS kpi_2_value,

    SUM(kpi_3_count) AS kpi_3_count,
    SUM(kpi_3_value) AS kpi_3_value,

    SUM(kpi_4_count) AS kpi_4_count,
    SUM(kpi_4_value) AS kpi_4_value,

    SUM(kpi_5_count) AS kpi_5_count,
    SUM(kpi_5_value) AS kpi_5_value,

    SUM(kpi_6_count) AS kpi_6_count,
    SUM(kpi_6_value) AS kpi_6_value,

    SUM(kpi_7_count) AS kpi_7_count,
    SUM(kpi_7_value) AS kpi_7_value,

    SUM(kpi_8_count) AS kpi_8_count,
    SUM(kpi_8_value) AS kpi_8_value,

    SUM(kpi_9_count) AS kpi_9_count,
    SUM(kpi_9_value) AS kpi_9_value,

    SUM(kpi_10_count) AS kpi_10_count,
    SUM(kpi_10_value) AS kpi_10_value,

    FROM `res-analytics`.`com_allied`.`kpi_creative_daily`

    WHERE ad_id IN (SELECT ad_id FROM active_ads)

    GROUP BY date, organization_id, product_id, ad_network_id, account_id

),

kpi_metadata AS (
    SELECT DISTINCT
        organization_id,
        product_id,
        ad_network_id,
        account_id
    FROM kpi
),

f_spend AS (
    SELECT
        forecast_timestamp,
        organization_id,
        product_id,
        ad_network_id,
        account_id,
        forecast_value,
        confidence_level,
        prediction_interval_lower_bound,
        prediction_interval_upper_bound
    FROM
        AI.FORECAST((
            SELECT * FROM kpi
        ),
        data_col => 'spend',
        timestamp_col => 'date',
        id_cols => ['organization_id', 'product_id', 'ad_network_id', 'account_id'],
        horizon=> 7,
        model=>'TimesFM 2.5'

        )
),

f_impressions AS (
    SELECT
        forecast_timestamp,
        organization_id,
        product_id,
        ad_network_id,
        account_id,
        forecast_value,
        confidence_level,
        prediction_interval_lower_bound,
        prediction_interval_upper_bound
    FROM
        AI.FORECAST((
            SELECT * FROM kpi
        ),
        data_col => 'impressions',
        timestamp_col => 'date',
        id_cols => ['organization_id', 'product_id', 'ad_network_id', 'account_id'],
        horizon=> 7,
        model=>'TimesFM 2.5'

        )
),

f_clicks AS (
    SELECT
        forecast_timestamp,
        organization_id,
        product_id,
        ad_network_id,
        account_id,
        forecast_value,
        confidence_level,
        prediction_interval_lower_bound,
        prediction_interval_upper_bound
    FROM
        AI.FORECAST((
            SELECT * FROM kpi
        ),
        data_col => 'clicks',
        timestamp_col => 'date',
        id_cols => ['organization_id', 'product_id', 'ad_network_id', 'account_id'],
        horizon=> 7,
        model=>'TimesFM 2.5'

        )
),

f_fatigue_score AS (
    SELECT
        forecast_timestamp,
        organization_id,
        product_id,
        ad_network_id,
        account_id,
        forecast_value,
        confidence_level,
        prediction_interval_lower_bound,
        prediction_interval_upper_bound
    FROM
        AI.FORECAST((
            SELECT * FROM kpi
        ),
        data_col => 'fatigue_score',
        timestamp_col => 'date',
        id_cols => ['organization_id', 'product_id', 'ad_network_id', 'account_id'],
        horizon=> 7,
        model=>'TimesFM 2.5'

        )
),


f_kpi_1_count AS (
    SELECT
        forecast_timestamp,
        organization_id,
        product_id,
        ad_network_id,
        account_id,
        forecast_value,
        confidence_level,
        prediction_interval_lower_bound,
        prediction_interval_upper_bound
    FROM
        AI.FORECAST((
            SELECT * FROM kpi
        ),
        data_col => 'kpi_1_count',
        timestamp_col => 'date',
        id_cols => ['organization_id', 'product_id', 'ad_network_id', 'account_id'],
        horizon=> 7,
        model=>'TimesFM 2.5'

        )
),

f_kpi_1_value AS (
    SELECT
        forecast_timestamp,
        organization_id,
        product_id,
        ad_network_id,
        account_id,
        forecast_value,
        confidence_level,
        prediction_interval_lower_bound,
        prediction_interval_upper_bound
    FROM
        AI.FORECAST((
            SELECT * FROM kpi
        ),
        data_col => 'kpi_1_value',
        timestamp_col => 'date',
        id_cols => ['organization_id', 'product_id', 'ad_network_id', 'account_id'],
        horizon=> 7,
        model=>'TimesFM 2.5'

        )
),


f_kpi_2_count AS (
    SELECT
        forecast_timestamp,
        organization_id,
        product_id,
        ad_network_id,
        account_id,
        forecast_value,
        confidence_level,
        prediction_interval_lower_bound,
        prediction_interval_upper_bound
    FROM
        AI.FORECAST((
            SELECT * FROM kpi
        ),
        data_col => 'kpi_2_count',
        timestamp_col => 'date',
        id_cols => ['organization_id', 'product_id', 'ad_network_id', 'account_id'],
        horizon=> 7,
        model=>'TimesFM 2.5'

        )
),

f_kpi_2_value AS (
    SELECT
        forecast_timestamp,
        organization_id,
        product_id,
        ad_network_id,
        account_id,
        forecast_value,
        confidence_level,
        prediction_interval_lower_bound,
        prediction_interval_upper_bound
    FROM
        AI.FORECAST((
            SELECT * FROM kpi
        ),
        data_col => 'kpi_2_value',
        timestamp_col => 'date',
        id_cols => ['organization_id', 'product_id', 'ad_network_id', 'account_id'],
        horizon=> 7,
        model=>'TimesFM 2.5'

        )
),


f_kpi_3_count AS (
    SELECT
        forecast_timestamp,
        organization_id,
        product_id,
        ad_network_id,
        account_id,
        forecast_value,
        confidence_level,
        prediction_interval_lower_bound,
        prediction_interval_upper_bound
    FROM
        AI.FORECAST((
            SELECT * FROM kpi
        ),
        data_col => 'kpi_3_count',
        timestamp_col => 'date',
        id_cols => ['organization_id', 'product_id', 'ad_network_id', 'account_id'],
        horizon=> 7,
        model=>'TimesFM 2.5'

        )
),

f_kpi_3_value AS (
    SELECT
        forecast_timestamp,
        organization_id,
        product_id,
        ad_network_id,
        account_id,
        forecast_value,
        confidence_level,
        prediction_interval_lower_bound,
        prediction_interval_upper_bound
    FROM
        AI.FORECAST((
            SELECT * FROM kpi
        ),
        data_col => 'kpi_3_value',
        timestamp_col => 'date',
        id_cols => ['organization_id', 'product_id', 'ad_network_id', 'account_id'],
        horizon=> 7,
        model=>'TimesFM 2.5'

        )
),


f_kpi_4_count AS (
    SELECT
        forecast_timestamp,
        organization_id,
        product_id,
        ad_network_id,
        account_id,
        forecast_value,
        confidence_level,
        prediction_interval_lower_bound,
        prediction_interval_upper_bound
    FROM
        AI.FORECAST((
            SELECT * FROM kpi
        ),
        data_col => 'kpi_4_count',
        timestamp_col => 'date',
        id_cols => ['organization_id', 'product_id', 'ad_network_id', 'account_id'],
        horizon=> 7,
        model=>'TimesFM 2.5'

        )
),

f_kpi_4_value AS (
    SELECT
        forecast_timestamp,
        organization_id,
        product_id,
        ad_network_id,
        account_id,
        forecast_value,
        confidence_level,
        prediction_interval_lower_bound,
        prediction_interval_upper_bound
    FROM
        AI.FORECAST((
            SELECT * FROM kpi
        ),
        data_col => 'kpi_4_value',
        timestamp_col => 'date',
        id_cols => ['organization_id', 'product_id', 'ad_network_id', 'account_id'],
        horizon=> 7,
        model=>'TimesFM 2.5'

        )
),


f_kpi_5_count AS (
    SELECT
        forecast_timestamp,
        organization_id,
        product_id,
        ad_network_id,
        account_id,
        forecast_value,
        confidence_level,
        prediction_interval_lower_bound,
        prediction_interval_upper_bound
    FROM
        AI.FORECAST((
            SELECT * FROM kpi
        ),
        data_col => 'kpi_5_count',
        timestamp_col => 'date',
        id_cols => ['organization_id', 'product_id', 'ad_network_id', 'account_id'],
        horizon=> 7,
        model=>'TimesFM 2.5'

        )
),

f_kpi_5_value AS (
    SELECT
        forecast_timestamp,
        organization_id,
        product_id,
        ad_network_id,
        account_id,
        forecast_value,
        confidence_level,
        prediction_interval_lower_bound,
        prediction_interval_upper_bound
    FROM
        AI.FORECAST((
            SELECT * FROM kpi
        ),
        data_col => 'kpi_5_value',
        timestamp_col => 'date',
        id_cols => ['organization_id', 'product_id', 'ad_network_id', 'account_id'],
        horizon=> 7,
        model=>'TimesFM 2.5'

        )
),


f_kpi_6_count AS (
    SELECT
        forecast_timestamp,
        organization_id,
        product_id,
        ad_network_id,
        account_id,
        forecast_value,
        confidence_level,
        prediction_interval_lower_bound,
        prediction_interval_upper_bound
    FROM
        AI.FORECAST((
            SELECT * FROM kpi
        ),
        data_col => 'kpi_6_count',
        timestamp_col => 'date',
        id_cols => ['organization_id', 'product_id', 'ad_network_id', 'account_id'],
        horizon=> 7,
        model=>'TimesFM 2.5'

        )
),

f_kpi_6_value AS (
    SELECT
        forecast_timestamp,
        organization_id,
        product_id,
        ad_network_id,
        account_id,
        forecast_value,
        confidence_level,
        prediction_interval_lower_bound,
        prediction_interval_upper_bound
    FROM
        AI.FORECAST((
            SELECT * FROM kpi
        ),
        data_col => 'kpi_6_value',
        timestamp_col => 'date',
        id_cols => ['organization_id', 'product_id', 'ad_network_id', 'account_id'],
        horizon=> 7,
        model=>'TimesFM 2.5'

        )
),


f_kpi_7_count AS (
    SELECT
        forecast_timestamp,
        organization_id,
        product_id,
        ad_network_id,
        account_id,
        forecast_value,
        confidence_level,
        prediction_interval_lower_bound,
        prediction_interval_upper_bound
    FROM
        AI.FORECAST((
            SELECT * FROM kpi
        ),
        data_col => 'kpi_7_count',
        timestamp_col => 'date',
        id_cols => ['organization_id', 'product_id', 'ad_network_id', 'account_id'],
        horizon=> 7,
        model=>'TimesFM 2.5'

        )
),

f_kpi_7_value AS (
    SELECT
        forecast_timestamp,
        organization_id,
        product_id,
        ad_network_id,
        account_id,
        forecast_value,
        confidence_level,
        prediction_interval_lower_bound,
        prediction_interval_upper_bound
    FROM
        AI.FORECAST((
            SELECT * FROM kpi
        ),
        data_col => 'kpi_7_value',
        timestamp_col => 'date',
        id_cols => ['organization_id', 'product_id', 'ad_network_id', 'account_id'],
        horizon=> 7,
        model=>'TimesFM 2.5'

        )
),


f_kpi_8_count AS (
    SELECT
        forecast_timestamp,
        organization_id,
        product_id,
        ad_network_id,
        account_id,
        forecast_value,
        confidence_level,
        prediction_interval_lower_bound,
        prediction_interval_upper_bound
    FROM
        AI.FORECAST((
            SELECT * FROM kpi
        ),
        data_col => 'kpi_8_count',
        timestamp_col => 'date',
        id_cols => ['organization_id', 'product_id', 'ad_network_id', 'account_id'],
        horizon=> 7,
        model=>'TimesFM 2.5'

        )
),

f_kpi_8_value AS (
    SELECT
        forecast_timestamp,
        organization_id,
        product_id,
        ad_network_id,
        account_id,
        forecast_value,
        confidence_level,
        prediction_interval_lower_bound,
        prediction_interval_upper_bound
    FROM
        AI.FORECAST((
            SELECT * FROM kpi
        ),
        data_col => 'kpi_8_value',
        timestamp_col => 'date',
        id_cols => ['organization_id', 'product_id', 'ad_network_id', 'account_id'],
        horizon=> 7,
        model=>'TimesFM 2.5'

        )
),


f_kpi_9_count AS (
    SELECT
        forecast_timestamp,
        organization_id,
        product_id,
        ad_network_id,
        account_id,
        forecast_value,
        confidence_level,
        prediction_interval_lower_bound,
        prediction_interval_upper_bound
    FROM
        AI.FORECAST((
            SELECT * FROM kpi
        ),
        data_col => 'kpi_9_count',
        timestamp_col => 'date',
        id_cols => ['organization_id', 'product_id', 'ad_network_id', 'account_id'],
        horizon=> 7,
        model=>'TimesFM 2.5'

        )
),

f_kpi_9_value AS (
    SELECT
        forecast_timestamp,
        organization_id,
        product_id,
        ad_network_id,
        account_id,
        forecast_value,
        confidence_level,
        prediction_interval_lower_bound,
        prediction_interval_upper_bound
    FROM
        AI.FORECAST((
            SELECT * FROM kpi
        ),
        data_col => 'kpi_9_value',
        timestamp_col => 'date',
        id_cols => ['organization_id', 'product_id', 'ad_network_id', 'account_id'],
        horizon=> 7,
        model=>'TimesFM 2.5'

        )
),


f_kpi_10_count AS (
    SELECT
        forecast_timestamp,
        organization_id,
        product_id,
        ad_network_id,
        account_id,
        forecast_value,
        confidence_level,
        prediction_interval_lower_bound,
        prediction_interval_upper_bound
    FROM
        AI.FORECAST((
            SELECT * FROM kpi
        ),
        data_col => 'kpi_10_count',
        timestamp_col => 'date',
        id_cols => ['organization_id', 'product_id', 'ad_network_id', 'account_id'],
        horizon=> 7,
        model=>'TimesFM 2.5'

        )
),

f_kpi_10_value AS (
    SELECT
        forecast_timestamp,
        organization_id,
        product_id,
        ad_network_id,
        account_id,
        forecast_value,
        confidence_level,
        prediction_interval_lower_bound,
        prediction_interval_upper_bound
    FROM
        AI.FORECAST((
            SELECT * FROM kpi
        ),
        data_col => 'kpi_10_value',
        timestamp_col => 'date',
        id_cols => ['organization_id', 'product_id', 'ad_network_id', 'account_id'],
        horizon=> 7,
        model=>'TimesFM 2.5'

        )
),


joined AS (
    SELECT
        DATE(f_spend.forecast_timestamp) as date,
        kpi_metadata.organization_id,
        kpi_metadata.product_id,
        kpi_metadata.ad_network_id,
        kpi_metadata.account_id,

        -- Spend forecast
        f_spend.forecast_value as spend,
        f_spend.confidence_level as spend_confidence_level,
        f_spend.prediction_interval_lower_bound as spend_lower_bound,
        f_spend.prediction_interval_upper_bound as spend_upper_bound,

        -- Impressions forecast
        f_impressions.forecast_value as impressions,
        f_impressions.confidence_level as impressions_confidence_level,
        f_impressions.prediction_interval_lower_bound as impressions_lower_bound,
        f_impressions.prediction_interval_upper_bound as impressions_upper_bound,

        -- Clicks forecast
        f_clicks.forecast_value as clicks,
        f_clicks.confidence_level as clicks_confidence_level,
        f_clicks.prediction_interval_lower_bound as clicks_lower_bound,
        f_clicks.prediction_interval_upper_bound as clicks_upper_bound,

        -- Fatigue Score forecast
        f_fatigue_score.forecast_value as fatigue_score,
        f_fatigue_score.confidence_level as fatigue_score_confidence_level,
        f_fatigue_score.prediction_interval_lower_bound as fatigue_score_lower_bound,
        f_fatigue_score.prediction_interval_upper_bound as fatigue_score_upper_bound,

        -- kpi_1_count forecast
        f_kpi_1_count.forecast_value as kpi_1_count,
        f_kpi_1_count.confidence_level as kpi_1_count_confidence_level,
        f_kpi_1_count.prediction_interval_lower_bound as kpi_1_count_lower_bound,
        f_kpi_1_count.prediction_interval_upper_bound as kpi_1_count_upper_bound,

        -- kpi_1_value forecast
        f_kpi_1_value.forecast_value as kpi_1_value,
        f_kpi_1_value.confidence_level as kpi_1_value_confidence_level,
        f_kpi_1_value.prediction_interval_lower_bound as kpi_1_value_lower_bound,
        f_kpi_1_value.prediction_interval_upper_bound as kpi_1_value_upper_bound,



        -- kpi_2_count forecast
        f_kpi_2_count.forecast_value as kpi_2_count,
        f_kpi_2_count.confidence_level as kpi_2_count_confidence_level,
        f_kpi_2_count.prediction_interval_lower_bound as kpi_2_count_lower_bound,
        f_kpi_2_count.prediction_interval_upper_bound as kpi_2_count_upper_bound,

        -- kpi_2_value forecast
        f_kpi_2_value.forecast_value as kpi_2_value,
        f_kpi_2_value.confidence_level as kpi_2_value_confidence_level,
        f_kpi_2_value.prediction_interval_lower_bound as kpi_2_value_lower_bound,
        f_kpi_2_value.prediction_interval_upper_bound as kpi_2_value_upper_bound,



        -- kpi_3_count forecast
        f_kpi_3_count.forecast_value as kpi_3_count,
        f_kpi_3_count.confidence_level as kpi_3_count_confidence_level,
        f_kpi_3_count.prediction_interval_lower_bound as kpi_3_count_lower_bound,
        f_kpi_3_count.prediction_interval_upper_bound as kpi_3_count_upper_bound,

        -- kpi_3_value forecast
        f_kpi_3_value.forecast_value as kpi_3_value,
        f_kpi_3_value.confidence_level as kpi_3_value_confidence_level,
        f_kpi_3_value.prediction_interval_lower_bound as kpi_3_value_lower_bound,
        f_kpi_3_value.prediction_interval_upper_bound as kpi_3_value_upper_bound,


        -- kpi_4_count forecast
        f_kpi_4_count.forecast_value as kpi_4_count,
        f_kpi_4_count.confidence_level as kpi_4_count_confidence_level,
        f_kpi_4_count.prediction_interval_lower_bound as kpi_4_count_lower_bound,
        f_kpi_4_count.prediction_interval_upper_bound as kpi_4_count_upper_bound,

        -- kpi_4_value forecast
        f_kpi_4_value.forecast_value as kpi_4_value,
        f_kpi_4_value.confidence_level as kpi_4_value_confidence_level,
        f_kpi_4_value.prediction_interval_lower_bound as kpi_4_value_lower_bound,
        f_kpi_4_value.prediction_interval_upper_bound as kpi_4_value_upper_bound,



        -- kpi_5_count forecast
        f_kpi_5_count.forecast_value as kpi_5_count,
        f_kpi_5_count.confidence_level as kpi_5_count_confidence_level,
        f_kpi_5_count.prediction_interval_lower_bound as kpi_5_count_lower_bound,
        f_kpi_5_count.prediction_interval_upper_bound as kpi_5_count_upper_bound,

        -- kpi_5_value forecast
        f_kpi_5_value.forecast_value as kpi_5_value,
        f_kpi_5_value.confidence_level as kpi_5_value_confidence_level,
        f_kpi_5_value.prediction_interval_lower_bound as kpi_5_value_lower_bound,
        f_kpi_5_value.prediction_interval_upper_bound as kpi_5_value_upper_bound,



        -- kpi_6_count forecast
        f_kpi_6_count.forecast_value as kpi_6_count,
        f_kpi_6_count.confidence_level as kpi_6_count_confidence_level,
        f_kpi_6_count.prediction_interval_lower_bound as kpi_6_count_lower_bound,
        f_kpi_6_count.prediction_interval_upper_bound as kpi_6_count_upper_bound,

        -- kpi_6_value forecast
        f_kpi_6_value.forecast_value as kpi_6_value,
        f_kpi_6_value.confidence_level as kpi_6_value_confidence_level,
        f_kpi_6_value.prediction_interval_lower_bound as kpi_6_value_lower_bound,
        f_kpi_6_value.prediction_interval_upper_bound as kpi_6_value_upper_bound,



        -- kpi_7_count forecast
        f_kpi_7_count.forecast_value as kpi_7_count,
        f_kpi_7_count.confidence_level as kpi_7_count_confidence_level,
        f_kpi_7_count.prediction_interval_lower_bound as kpi_7_count_lower_bound,
        f_kpi_7_count.prediction_interval_upper_bound as kpi_7_count_upper_bound,

        -- kpi_7_value forecast
        f_kpi_7_value.forecast_value as kpi_7_value,
        f_kpi_7_value.confidence_level as kpi_7_value_confidence_level,
        f_kpi_7_value.prediction_interval_lower_bound as kpi_7_value_lower_bound,
        f_kpi_7_value.prediction_interval_upper_bound as kpi_7_value_upper_bound,



        -- kpi_8_count forecast
        f_kpi_8_count.forecast_value as kpi_8_count,
        f_kpi_8_count.confidence_level as kpi_8_count_confidence_level,
        f_kpi_8_count.prediction_interval_lower_bound as kpi_8_count_lower_bound,
        f_kpi_8_count.prediction_interval_upper_bound as kpi_8_count_upper_bound,

        -- kpi_8_value forecast
        f_kpi_8_value.forecast_value as kpi_8_value,
        f_kpi_8_value.confidence_level as kpi_8_value_confidence_level,
        f_kpi_8_value.prediction_interval_lower_bound as kpi_8_value_lower_bound,
        f_kpi_8_value.prediction_interval_upper_bound as kpi_8_value_upper_bound,



        -- kpi_9_count forecast
        f_kpi_9_count.forecast_value as kpi_9_count,
        f_kpi_9_count.confidence_level as kpi_9_count_confidence_level,
        f_kpi_9_count.prediction_interval_lower_bound as kpi_9_count_lower_bound,
        f_kpi_9_count.prediction_interval_upper_bound as kpi_9_count_upper_bound,

        -- kpi_9_value forecast
        f_kpi_9_value.forecast_value as kpi_9_value,
        f_kpi_9_value.confidence_level as kpi_9_value_confidence_level,
        f_kpi_9_value.prediction_interval_lower_bound as kpi_9_value_lower_bound,
        f_kpi_9_value.prediction_interval_upper_bound as kpi_9_value_upper_bound,



        -- kpi_10_count forecast
        f_kpi_10_count.forecast_value as kpi_10_count,
        f_kpi_10_count.confidence_level as kpi_10_count_confidence_level,
        f_kpi_10_count.prediction_interval_lower_bound as kpi_10_count_lower_bound,
        f_kpi_10_count.prediction_interval_upper_bound as kpi_10_count_upper_bound,

        -- kpi_10_value forecast
        f_kpi_10_value.forecast_value as kpi_10_value,
        f_kpi_10_value.confidence_level as kpi_10_value_confidence_level,
        f_kpi_10_value.prediction_interval_lower_bound as kpi_10_value_lower_bound,
        f_kpi_10_value.prediction_interval_upper_bound as kpi_10_value_upper_bound


    FROM f_spend
    
    INNER JOIN f_impressions
      ON f_spend.organization_id = f_impressions.organization_id
      AND f_spend.product_id = f_impressions.product_id
      AND f_spend.ad_network_id = f_impressions.ad_network_id
      AND f_spend.account_id = f_impressions.account_id
      AND f_spend.forecast_timestamp = f_impressions.forecast_timestamp
    
    INNER JOIN f_clicks
      ON f_spend.organization_id = f_clicks.organization_id
      AND f_spend.product_id = f_clicks.product_id
      AND f_spend.ad_network_id = f_clicks.ad_network_id
      AND f_spend.account_id = f_clicks.account_id
      AND f_spend.forecast_timestamp = f_clicks.forecast_timestamp

    INNER JOIN f_fatigue_score
      ON f_spend.organization_id = f_fatigue_score.organization_id
      AND f_spend.product_id = f_fatigue_score.product_id
      AND f_spend.ad_network_id = f_fatigue_score.ad_network_id
      AND f_spend.account_id = f_fatigue_score.account_id
      AND f_spend.forecast_timestamp = f_fatigue_score.forecast_timestamp

    INNER JOIN f_kpi_1_count
      ON f_spend.organization_id = f_kpi_1_count.organization_id
      AND f_spend.product_id = f_kpi_1_count.product_id
      AND f_spend.ad_network_id = f_kpi_1_count.ad_network_id
      AND f_spend.account_id = f_kpi_1_count.account_id
      AND f_spend.forecast_timestamp = f_kpi_1_count.forecast_timestamp

    INNER JOIN f_kpi_1_value
      ON f_spend.organization_id = f_kpi_1_value.organization_id
      AND f_spend.product_id = f_kpi_1_value.product_id
      AND f_spend.ad_network_id = f_kpi_1_value.ad_network_id
      AND f_spend.account_id = f_kpi_1_value.account_id
      AND f_spend.forecast_timestamp = f_kpi_1_value.forecast_timestamp



    INNER JOIN f_kpi_2_count
      ON f_spend.organization_id = f_kpi_2_count.organization_id
      AND f_spend.product_id = f_kpi_2_count.product_id
      AND f_spend.ad_network_id = f_kpi_2_count.ad_network_id
      AND f_spend.account_id = f_kpi_2_count.account_id
      AND f_spend.forecast_timestamp = f_kpi_2_count.forecast_timestamp

    INNER JOIN f_kpi_2_value
      ON f_spend.organization_id = f_kpi_2_value.organization_id
      AND f_spend.product_id = f_kpi_2_value.product_id
      AND f_spend.ad_network_id = f_kpi_2_value.ad_network_id
      AND f_spend.account_id = f_kpi_2_value.account_id
      AND f_spend.forecast_timestamp = f_kpi_2_value.forecast_timestamp


    INNER JOIN f_kpi_3_count
      ON f_spend.organization_id = f_kpi_3_count.organization_id
      AND f_spend.product_id = f_kpi_3_count.product_id
      AND f_spend.ad_network_id = f_kpi_3_count.ad_network_id
      AND f_spend.account_id = f_kpi_3_count.account_id
      AND f_spend.forecast_timestamp = f_kpi_3_count.forecast_timestamp

    INNER JOIN f_kpi_3_value
      ON f_spend.organization_id = f_kpi_3_value.organization_id
      AND f_spend.product_id = f_kpi_3_value.product_id
      AND f_spend.ad_network_id = f_kpi_3_value.ad_network_id
      AND f_spend.account_id = f_kpi_3_value.account_id
      AND f_spend.forecast_timestamp = f_kpi_3_value.forecast_timestamp


    INNER JOIN f_kpi_4_count
      ON f_spend.organization_id = f_kpi_4_count.organization_id
      AND f_spend.product_id = f_kpi_4_count.product_id
      AND f_spend.ad_network_id = f_kpi_4_count.ad_network_id
      AND f_spend.account_id = f_kpi_4_count.account_id
      AND f_spend.forecast_timestamp = f_kpi_4_count.forecast_timestamp

    INNER JOIN f_kpi_4_value
      ON f_spend.organization_id = f_kpi_4_value.organization_id
      AND f_spend.product_id = f_kpi_4_value.product_id
      AND f_spend.ad_network_id = f_kpi_4_value.ad_network_id
      AND f_spend.account_id = f_kpi_4_value.account_id
      AND f_spend.forecast_timestamp = f_kpi_4_value.forecast_timestamp


    INNER JOIN f_kpi_5_count
      ON f_spend.organization_id = f_kpi_5_count.organization_id
      AND f_spend.product_id = f_kpi_5_count.product_id
      AND f_spend.ad_network_id = f_kpi_5_count.ad_network_id
      AND f_spend.account_id = f_kpi_5_count.account_id
      AND f_spend.forecast_timestamp = f_kpi_5_count.forecast_timestamp

    INNER JOIN f_kpi_5_value
      ON f_spend.organization_id = f_kpi_5_value.organization_id
      AND f_spend.product_id = f_kpi_5_value.product_id
      AND f_spend.ad_network_id = f_kpi_5_value.ad_network_id
      AND f_spend.account_id = f_kpi_5_value.account_id
      AND f_spend.forecast_timestamp = f_kpi_5_value.forecast_timestamp


    INNER JOIN f_kpi_6_count
      ON f_spend.organization_id = f_kpi_6_count.organization_id
      AND f_spend.product_id = f_kpi_6_count.product_id
      AND f_spend.ad_network_id = f_kpi_6_count.ad_network_id
      AND f_spend.account_id = f_kpi_6_count.account_id
      AND f_spend.forecast_timestamp = f_kpi_6_count.forecast_timestamp

    INNER JOIN f_kpi_6_value
      ON f_spend.organization_id = f_kpi_6_value.organization_id
      AND f_spend.product_id = f_kpi_6_value.product_id
      AND f_spend.ad_network_id = f_kpi_6_value.ad_network_id
      AND f_spend.account_id = f_kpi_6_value.account_id
      AND f_spend.forecast_timestamp = f_kpi_6_value.forecast_timestamp


    INNER JOIN f_kpi_7_count
      ON f_spend.organization_id = f_kpi_7_count.organization_id
      AND f_spend.product_id = f_kpi_7_count.product_id
      AND f_spend.ad_network_id = f_kpi_7_count.ad_network_id
      AND f_spend.account_id = f_kpi_7_count.account_id
      AND f_spend.forecast_timestamp = f_kpi_7_count.forecast_timestamp

    INNER JOIN f_kpi_7_value
      ON f_spend.organization_id = f_kpi_7_value.organization_id
      AND f_spend.product_id = f_kpi_7_value.product_id
      AND f_spend.ad_network_id = f_kpi_7_value.ad_network_id
      AND f_spend.account_id = f_kpi_7_value.account_id
      AND f_spend.forecast_timestamp = f_kpi_7_value.forecast_timestamp


    INNER JOIN f_kpi_8_count
      ON f_spend.organization_id = f_kpi_8_count.organization_id
      AND f_spend.product_id = f_kpi_8_count.product_id
      AND f_spend.ad_network_id = f_kpi_8_count.ad_network_id
      AND f_spend.account_id = f_kpi_8_count.account_id
      AND f_spend.forecast_timestamp = f_kpi_8_count.forecast_timestamp

    INNER JOIN f_kpi_8_value
      ON f_spend.organization_id = f_kpi_8_value.organization_id
      AND f_spend.product_id = f_kpi_8_value.product_id
      AND f_spend.ad_network_id = f_kpi_8_value.ad_network_id
      AND f_spend.account_id = f_kpi_8_value.account_id
      AND f_spend.forecast_timestamp = f_kpi_8_value.forecast_timestamp


    INNER JOIN f_kpi_9_count
      ON f_spend.organization_id = f_kpi_9_count.organization_id
      AND f_spend.product_id = f_kpi_9_count.product_id
      AND f_spend.ad_network_id = f_kpi_9_count.ad_network_id
      AND f_spend.account_id = f_kpi_9_count.account_id
      AND f_spend.forecast_timestamp = f_kpi_9_count.forecast_timestamp

    INNER JOIN f_kpi_9_value
      ON f_spend.organization_id = f_kpi_9_value.organization_id
      AND f_spend.product_id = f_kpi_9_value.product_id
      AND f_spend.ad_network_id = f_kpi_9_value.ad_network_id
      AND f_spend.account_id = f_kpi_9_value.account_id
      AND f_spend.forecast_timestamp = f_kpi_9_value.forecast_timestamp


    INNER JOIN f_kpi_10_count
      ON f_spend.organization_id = f_kpi_10_count.organization_id
      AND f_spend.product_id = f_kpi_10_count.product_id
      AND f_spend.ad_network_id = f_kpi_10_count.ad_network_id
      AND f_spend.account_id = f_kpi_10_count.account_id
      AND f_spend.forecast_timestamp = f_kpi_10_count.forecast_timestamp

    INNER JOIN f_kpi_10_value
      ON f_spend.organization_id = f_kpi_10_value.organization_id
      AND f_spend.product_id = f_kpi_10_value.product_id
      AND f_spend.ad_network_id = f_kpi_10_value.ad_network_id
      AND f_spend.account_id = f_kpi_10_value.account_id
      AND f_spend.forecast_timestamp = f_kpi_10_value.forecast_timestamp

    LEFT JOIN kpi_metadata
      ON f_spend.organization_id = kpi_metadata.organization_id
      AND f_spend.product_id = kpi_metadata.product_id
      AND f_spend.ad_network_id = kpi_metadata.ad_network_id
      AND f_spend.account_id = kpi_metadata.account_id
    
    ORDER BY account_id, date
)

SELECT * FROM joined
    );
  
[0m20:58:19.879455 [debug] [Thread-2 (]: BigQuery adapter: https://console.cloud.google.com/bigquery?project=res-analytics&j=bq:US:e37a4500-6de9-45fb-b42a-e81f72ee6d07&page=queryresults
[0m20:58:20.057258 [debug] [Thread-4 (]: BigQuery adapter: https://console.cloud.google.com/bigquery?project=res-analytics&j=bq:US:a1951f24-d397-4a82-813e-d3ab48cbc639&page=queryresults
[0m20:58:22.945002 [debug] [Thread-3 (]: SQL status: OK in 7.059 seconds
[0m20:58:22.954750 [debug] [Thread-3 (]: Sending event: {'category': 'dbt', 'action': 'run_model', 'label': '54b51e91-beca-458a-9ea6-495aed389e06', 'context': [<snowplow_tracker.self_describing_json.SelfDescribingJson object at 0x11de1df50>]}
[0m20:58:22.956371 [info ] [Thread-3 (]: 10 of 12 OK created sql incremental model cortex.kpi_keyword_daily ............. [[32mSCRIPT (19.3 MiB processed)[0m in 7.55s]
[0m20:58:22.957635 [debug] [Thread-3 (]: Finished running node model.analytics.kpi_keyword_daily
[0m20:58:28.614849 [debug] [Thread-2 (]: SQL status: OK in 8.734 seconds
[0m20:58:28.705675 [debug] [Thread-4 (]: SQL status: OK in 8.647 seconds
[0m20:58:28.785445 [debug] [Thread-2 (]: Sending event: {'category': 'dbt', 'action': 'run_model', 'label': '54b51e91-beca-458a-9ea6-495aed389e06', 'context': [<snowplow_tracker.self_describing_json.SelfDescribingJson object at 0x11de99010>]}
[0m20:58:28.785958 [info ] [Thread-2 (]: 12 of 12 OK created sql table model cortex.forecast_creative_daily ............. [[32mCREATE TABLE (0.0 rows, 0 processed)[0m in 9.50s]
[0m20:58:28.786241 [debug] [Thread-2 (]: Finished running node model.analytics.forecast_creative_daily
[0m20:58:28.865043 [debug] [Thread-4 (]: Sending event: {'category': 'dbt', 'action': 'run_model', 'label': '54b51e91-beca-458a-9ea6-495aed389e06', 'context': [<snowplow_tracker.self_describing_json.SelfDescribingJson object at 0x11e695dd0>]}
[0m20:58:28.865535 [info ] [Thread-4 (]: 11 of 12 OK created sql table model cortex.forecast_accounts_daily ............. [[32mCREATE TABLE (0.0 rows, 0 processed)[0m in 9.58s]
[0m20:58:28.865856 [debug] [Thread-4 (]: Finished running node model.analytics.forecast_accounts_daily
[0m20:58:28.866648 [debug] [MainThread]: Opening a new connection, currently in state closed
[0m20:58:28.866963 [debug] [MainThread]: Connection 'master' was properly closed.
[0m20:58:28.867112 [debug] [MainThread]: Connection 'model.analytics.kpi_creative_daily' was properly closed.
[0m20:58:28.867242 [debug] [MainThread]: Connection 'model.analytics.forecast_creative_daily' was properly closed.
[0m20:58:28.867363 [debug] [MainThread]: Connection 'model.analytics.kpi_keyword_daily' was properly closed.
[0m20:58:28.867479 [debug] [MainThread]: Connection 'model.analytics.forecast_accounts_daily' was properly closed.
[0m20:58:28.867685 [info ] [MainThread]: 
[0m20:58:28.867844 [info ] [MainThread]: Finished running 7 incremental models, 5 table models in 0 hours 0 minutes and 35.01 seconds (35.01s).
[0m20:58:28.868777 [debug] [MainThread]: Command end result
[0m20:58:28.909415 [debug] [MainThread]: Wrote artifact WritableManifest to /Users/riley/Documents/GitHub/dbt-lattara-cortex/target/manifest.json
[0m20:58:28.911476 [debug] [MainThread]: Wrote artifact SemanticManifest to /Users/riley/Documents/GitHub/dbt-lattara-cortex/target/semantic_manifest.json
[0m20:58:28.915841 [debug] [MainThread]: Wrote artifact RunExecutionResult to /Users/riley/Documents/GitHub/dbt-lattara-cortex/target/run_results.json
[0m20:58:28.916065 [info ] [MainThread]: 
[0m20:58:28.916287 [info ] [MainThread]: [32mCompleted successfully[0m
[0m20:58:28.916453 [info ] [MainThread]: 
[0m20:58:28.916623 [info ] [MainThread]: Done. PASS=12 WARN=0 ERROR=0 SKIP=0 NO-OP=0 TOTAL=12
[0m20:58:28.917062 [warn ] [MainThread]: [[33mWARNING[0m][DeprecationsSummary]: Deprecated functionality
Summary of encountered deprecations:
- CustomKeyInConfigDeprecation: 4 occurrences
- MissingArgumentsPropertyInGenericTestDeprecation: 51 occurrences
To see all deprecation instances instead of just the first occurrence of each,
run command again with the `--show-all-deprecations` flag. You may also need to
run with `--no-partial-parse` as some deprecations are only encountered during
parsing.
[0m20:58:28.920394 [debug] [MainThread]: Resource report: {"command_name": "run", "command_success": true, "command_wall_clock_time": 40.40208, "process_in_blocks": "0", "process_kernel_time": 1.953652, "process_mem_max_rss": "429965312", "process_out_blocks": "0", "process_user_time": 5.478991}
[0m20:58:28.920681 [debug] [MainThread]: Command `dbt run` succeeded at 20:58:28.920637 after 40.40 seconds
[0m20:58:28.920871 [debug] [MainThread]: Sending event: {'category': 'dbt', 'action': 'invocation', 'label': 'end', 'context': [<snowplow_tracker.self_describing_json.SelfDescribingJson object at 0x10df0af50>, <snowplow_tracker.self_describing_json.SelfDescribingJson object at 0x104ea2a50>, <snowplow_tracker.self_describing_json.SelfDescribingJson object at 0x10df38210>]}
[0m20:58:28.921054 [debug] [MainThread]: Flushing usage events
[0m20:58:29.347295 [debug] [MainThread]: An error was encountered while trying to flush usage events
[0m20:58:38.997549 [debug] [MainThread]: Sending event: {'category': 'dbt', 'action': 'invocation', 'label': 'start', 'context': [<snowplow_tracker.self_describing_json.SelfDescribingJson object at 0x10d24f950>, <snowplow_tracker.self_describing_json.SelfDescribingJson object at 0x10d2bef90>, <snowplow_tracker.self_describing_json.SelfDescribingJson object at 0x10d2bfb90>]}


============================== 20:58:39.000779 | 71226a66-624b-4f83-924f-3dfd0072a483 ==============================
[0m20:58:39.000779 [info ] [MainThread]: Running with dbt=1.11.2
[0m20:58:39.001128 [debug] [MainThread]: running dbt with arguments {'printer_width': '80', 'use_colors': 'True', 'empty': 'None', 'indirect_selection': 'eager', 'target_path': 'None', 'send_anonymous_usage_stats': 'True', 'log_cache_events': 'False', 'debug': 'False', 'warn_error_options': 'WarnErrorOptionsV2(error=[], warn=[], silence=[])', 'write_json': 'True', 'use_experimental_parser': 'False', 'profiles_dir': '/Users/riley/.dbt', 'cache_selected_only': 'False', 'invocation_command': 'dbt test --select nexus.*', 'warn_error': 'None', 'fail_fast': 'False', 'log_format': 'default', 'static_parser': 'True', 'quiet': 'False', 'introspect': 'True', 'partial_parse': 'True', 'log_path': '/Users/riley/Documents/GitHub/dbt-lattara-cortex/logs', 'no_print': 'None', 'version_check': 'True'}
[0m20:58:43.161040 [debug] [MainThread]: Sending event: {'category': 'dbt', 'action': 'project_id', 'label': '71226a66-624b-4f83-924f-3dfd0072a483', 'context': [<snowplow_tracker.self_describing_json.SelfDescribingJson object at 0x10d2905d0>]}
[0m20:58:43.192745 [debug] [MainThread]: Sending event: {'category': 'dbt', 'action': 'adapter_info', 'label': '71226a66-624b-4f83-924f-3dfd0072a483', 'context': [<snowplow_tracker.self_describing_json.SelfDescribingJson object at 0x10a6cc350>]}
[0m20:58:43.193242 [info ] [MainThread]: Registered adapter: bigquery=1.11.0
[0m20:58:43.344896 [debug] [MainThread]: checksum: 3d40d8bbe1bef07db1c24822f2dbfff8bc07f2a48ed4fe2658a40653aec0b54b, vars: {}, profile: , target: , version: 1.11.2
[0m20:58:43.513476 [info ] [MainThread]: Unable to do partial parsing because config vars, config profile, or config target have changed
[0m20:58:43.513799 [debug] [MainThread]: previous checksum: 3d40d8bbe1bef07db1c24822f2dbfff8bc07f2a48ed4fe2658a40653aec0b54b, current checksum: 3ab203201cc13f8489acfa958c7957190f8623e04947ce399979e4117ce8077e
[0m20:58:43.513978 [debug] [MainThread]: Sending event: {'category': 'dbt', 'action': 'partial_parser', 'label': '71226a66-624b-4f83-924f-3dfd0072a483', 'context': [<snowplow_tracker.self_describing_json.SelfDescribingJson object at 0x11d321cd0>]}
[0m20:58:43.553191 [warn ] [MainThread]: [[33mWARNING[0m][CustomKeyInConfigDeprecation]: Deprecated functionality
Custom key `+schema` found in `config` at path `seeds[0].config` in file
`seeds/schema.yml`. Custom config keys should move into the `config.meta`.
[0m20:58:43.553656 [debug] [MainThread]: Sending event: {'category': 'dbt', 'action': 'deprecation', 'label': '71226a66-624b-4f83-924f-3dfd0072a483', 'property_': 'warn', 'context': [<snowplow_tracker.self_describing_json.SelfDescribingJson object at 0x11d346650>]}
[0m20:58:44.273146 [warn ] [MainThread]: [[33mWARNING[0m]: Did not find matching node for patch with name 'stg_fivetran_meta__campaigns' in the 'models' section of file 'models/cortex_v2/staging/_fivetran_staging_models.yml'
[0m20:58:44.274352 [warn ] [MainThread]: [[33mWARNING[0m]: Did not find matching node for patch with name 'stg_fivetran_meta__conversions' in the 'models' section of file 'models/cortex_v2/staging/_fivetran_staging_models.yml'
[0m20:58:44.275388 [warn ] [MainThread]: [[33mWARNING[0m]: Did not find matching node for patch with name 'stg_fivetran_google__campaigns' in the 'models' section of file 'models/cortex_v2/staging/_fivetran_staging_models.yml'
[0m20:58:44.276134 [warn ] [MainThread]: [[33mWARNING[0m]: Did not find matching node for patch with name 'stg_fivetran_google__conversions' in the 'models' section of file 'models/cortex_v2/staging/_fivetran_staging_models.yml'
[0m20:58:44.276898 [warn ] [MainThread]: [[33mWARNING[0m]: Did not find matching node for patch with name 'stg_fivetran_linkedin__campaigns' in the 'models' section of file 'models/cortex_v2/staging/_fivetran_staging_models.yml'
[0m20:58:44.277901 [warn ] [MainThread]: [[33mWARNING[0m]: Did not find matching node for patch with name 'stg_fivetran_tiktok__campaigns' in the 'models' section of file 'models/cortex_v2/staging/_fivetran_staging_models.yml'
[0m20:58:44.332277 [warn ] [MainThread]: [[33mWARNING[0m]: Did not find matching node for patch with name 'campaign_performance' in the 'models' section of file 'models/cortex_v2/marts/_mart_models.yml'
[0m20:58:44.333192 [warn ] [MainThread]: [[33mWARNING[0m]: Did not find matching node for patch with name 'ad_group_performance' in the 'models' section of file 'models/cortex_v2/marts/_mart_models.yml'
[0m20:58:44.333893 [warn ] [MainThread]: [[33mWARNING[0m]: Did not find matching node for patch with name 'ad_performance' in the 'models' section of file 'models/cortex_v2/marts/_mart_models.yml'
[0m20:58:44.335157 [warn ] [MainThread]: [[33mWARNING[0m]: Did not find matching node for patch with name 'creative_fatigue' in the 'models' section of file 'models/cortex_v2/marts/_mart_models.yml'
[0m20:58:44.336602 [warn ] [MainThread]: [[33mWARNING[0m]: Did not find matching node for patch with name 'creative_performance' in the 'models' section of file 'models/cortex_v2/marts/_mart_models.yml'
[0m20:58:44.337829 [warn ] [MainThread]: [[33mWARNING[0m]: Did not find matching node for patch with name 'audience_performance' in the 'models' section of file 'models/cortex_v2/marts/_mart_models.yml'
[0m20:58:44.353942 [warn ] [MainThread]: [[33mWARNING[0m][MissingArgumentsPropertyInGenericTestDeprecation]: Deprecated
functionality
Found top-level arguments to test `accepted_values` defined on
'campaign_performance' in package 'analytics'
(models/cortex_v2/marts/_mart_models.yml). Arguments to generic tests should be
nested under the `arguments` property.
[0m20:58:44.354277 [debug] [MainThread]: Sending event: {'category': 'dbt', 'action': 'deprecation', 'label': '71226a66-624b-4f83-924f-3dfd0072a483', 'property_': 'warn', 'context': [<snowplow_tracker.self_describing_json.SelfDescribingJson object at 0x11d6efe10>]}
[0m20:58:44.463237 [warn ] [MainThread]: [[33mWARNING[0m]: Did not find matching node for patch with name 'int_campaigns_unified' in the 'models' section of file 'models/cortex_v2/intermediate/_intermediate_models.yml'
[0m20:58:44.464171 [warn ] [MainThread]: [[33mWARNING[0m]: Did not find matching node for patch with name 'int_ad_groups_unified' in the 'models' section of file 'models/cortex_v2/intermediate/_intermediate_models.yml'
[0m20:58:44.464850 [warn ] [MainThread]: [[33mWARNING[0m]: Did not find matching node for patch with name 'int_ads_unified' in the 'models' section of file 'models/cortex_v2/intermediate/_intermediate_models.yml'
[0m20:58:44.465656 [warn ] [MainThread]: [[33mWARNING[0m]: Did not find matching node for patch with name 'int_fivetran_campaigns_unified' in the 'models' section of file 'models/cortex_v2/intermediate/_intermediate_models.yml'
[0m20:58:44.466515 [warn ] [MainThread]: [[33mWARNING[0m]: Did not find matching node for patch with name 'int_fivetran_conversions' in the 'models' section of file 'models/cortex_v2/intermediate/_intermediate_models.yml'
[0m20:58:44.595974 [warn ] [MainThread]: [[33mWARNING[0m]: Test 'test.analytics.not_null_stg_fivetran_meta__campaigns_account_id.7a730ac599' (models/cortex_v2/staging/_fivetran_staging_models.yml) depends on a node named 'stg_fivetran_meta__campaigns' in package '' which was not found
[0m20:58:44.596338 [warn ] [MainThread]: [[33mWARNING[0m]: Test 'test.analytics.not_null_stg_fivetran_meta__campaigns_campaign_id.76664f170f' (models/cortex_v2/staging/_fivetran_staging_models.yml) depends on a node named 'stg_fivetran_meta__campaigns' in package '' which was not found
[0m20:58:44.596516 [warn ] [MainThread]: [[33mWARNING[0m]: Test 'test.analytics.not_null_stg_fivetran_meta__campaigns_date.d107bad4c1' (models/cortex_v2/staging/_fivetran_staging_models.yml) depends on a node named 'stg_fivetran_meta__campaigns' in package '' which was not found
[0m20:58:44.596680 [warn ] [MainThread]: [[33mWARNING[0m]: Test 'test.analytics.not_null_stg_fivetran_meta__conversions_campaign_id.b52e62dfb7' (models/cortex_v2/staging/_fivetran_staging_models.yml) depends on a node named 'stg_fivetran_meta__conversions' in package '' which was not found
[0m20:58:44.596843 [warn ] [MainThread]: [[33mWARNING[0m]: Test 'test.analytics.not_null_stg_fivetran_meta__conversions_date.939fb3be07' (models/cortex_v2/staging/_fivetran_staging_models.yml) depends on a node named 'stg_fivetran_meta__conversions' in package '' which was not found
[0m20:58:44.597006 [warn ] [MainThread]: [[33mWARNING[0m]: Test 'test.analytics.not_null_stg_fivetran_meta__conversions_event_name.05866163e5' (models/cortex_v2/staging/_fivetran_staging_models.yml) depends on a node named 'stg_fivetran_meta__conversions' in package '' which was not found
[0m20:58:44.597160 [warn ] [MainThread]: [[33mWARNING[0m]: Test 'test.analytics.not_null_stg_fivetran_google__campaigns_account_id.83e94ebf77' (models/cortex_v2/staging/_fivetran_staging_models.yml) depends on a node named 'stg_fivetran_google__campaigns' in package '' which was not found
[0m20:58:44.597307 [warn ] [MainThread]: [[33mWARNING[0m]: Test 'test.analytics.not_null_stg_fivetran_google__campaigns_campaign_id.049fc1c501' (models/cortex_v2/staging/_fivetran_staging_models.yml) depends on a node named 'stg_fivetran_google__campaigns' in package '' which was not found
[0m20:58:44.597462 [warn ] [MainThread]: [[33mWARNING[0m]: Test 'test.analytics.not_null_stg_fivetran_google__campaigns_date.53c117304f' (models/cortex_v2/staging/_fivetran_staging_models.yml) depends on a node named 'stg_fivetran_google__campaigns' in package '' which was not found
[0m20:58:44.597615 [warn ] [MainThread]: [[33mWARNING[0m]: Test 'test.analytics.not_null_stg_fivetran_google__conversions_campaign_id.3d08f914c2' (models/cortex_v2/staging/_fivetran_staging_models.yml) depends on a node named 'stg_fivetran_google__conversions' in package '' which was not found
[0m20:58:44.597768 [warn ] [MainThread]: [[33mWARNING[0m]: Test 'test.analytics.not_null_stg_fivetran_google__conversions_date.36a1bbabe4' (models/cortex_v2/staging/_fivetran_staging_models.yml) depends on a node named 'stg_fivetran_google__conversions' in package '' which was not found
[0m20:58:44.597914 [warn ] [MainThread]: [[33mWARNING[0m]: Test 'test.analytics.not_null_stg_fivetran_google__conversions_event_name.77c79327b2' (models/cortex_v2/staging/_fivetran_staging_models.yml) depends on a node named 'stg_fivetran_google__conversions' in package '' which was not found
[0m20:58:44.598055 [warn ] [MainThread]: [[33mWARNING[0m]: Test 'test.analytics.not_null_stg_fivetran_linkedin__campaigns_account_id.5472043634' (models/cortex_v2/staging/_fivetran_staging_models.yml) depends on a node named 'stg_fivetran_linkedin__campaigns' in package '' which was not found
[0m20:58:44.598203 [warn ] [MainThread]: [[33mWARNING[0m]: Test 'test.analytics.not_null_stg_fivetran_linkedin__campaigns_campaign_id.f906eb9a41' (models/cortex_v2/staging/_fivetran_staging_models.yml) depends on a node named 'stg_fivetran_linkedin__campaigns' in package '' which was not found
[0m20:58:44.598338 [warn ] [MainThread]: [[33mWARNING[0m]: Test 'test.analytics.not_null_stg_fivetran_linkedin__campaigns_date.a9eb0a1fab' (models/cortex_v2/staging/_fivetran_staging_models.yml) depends on a node named 'stg_fivetran_linkedin__campaigns' in package '' which was not found
[0m20:58:44.598493 [warn ] [MainThread]: [[33mWARNING[0m]: Test 'test.analytics.not_null_stg_fivetran_tiktok__campaigns_account_id.0ac458d45f' (models/cortex_v2/staging/_fivetran_staging_models.yml) depends on a node named 'stg_fivetran_tiktok__campaigns' in package '' which was not found
[0m20:58:44.598644 [warn ] [MainThread]: [[33mWARNING[0m]: Test 'test.analytics.not_null_stg_fivetran_tiktok__campaigns_campaign_id.1aea0f2317' (models/cortex_v2/staging/_fivetran_staging_models.yml) depends on a node named 'stg_fivetran_tiktok__campaigns' in package '' which was not found
[0m20:58:44.598794 [warn ] [MainThread]: [[33mWARNING[0m]: Test 'test.analytics.not_null_stg_fivetran_tiktok__campaigns_date.24abfabc59' (models/cortex_v2/staging/_fivetran_staging_models.yml) depends on a node named 'stg_fivetran_tiktok__campaigns' in package '' which was not found
[0m20:58:44.598958 [warn ] [MainThread]: [[33mWARNING[0m]: Test 'test.analytics.not_null_campaign_performance_account_id.012a1ba74b' (models/cortex_v2/marts/_mart_models.yml) depends on a node named 'campaign_performance' in package '' which was not found
[0m20:58:44.599103 [warn ] [MainThread]: [[33mWARNING[0m]: Test 'test.analytics.not_null_campaign_performance_source_platform.1e320588c8' (models/cortex_v2/marts/_mart_models.yml) depends on a node named 'campaign_performance' in package '' which was not found
[0m20:58:44.599247 [warn ] [MainThread]: [[33mWARNING[0m]: Test 'test.analytics.accepted_values_campaign_performance_source_platform__google_ads__meta_ads__linkedin_ads.64338a201c' (models/cortex_v2/marts/_mart_models.yml) depends on a node named 'campaign_performance' in package '' which was not found
[0m20:58:44.599392 [warn ] [MainThread]: [[33mWARNING[0m]: Test 'test.analytics.not_null_campaign_performance_campaign_id.77cfe3848c' (models/cortex_v2/marts/_mart_models.yml) depends on a node named 'campaign_performance' in package '' which was not found
[0m20:58:44.599540 [warn ] [MainThread]: [[33mWARNING[0m]: Test 'test.analytics.not_null_campaign_performance_date.a6d7f3618a' (models/cortex_v2/marts/_mart_models.yml) depends on a node named 'campaign_performance' in package '' which was not found
[0m20:58:44.599678 [warn ] [MainThread]: [[33mWARNING[0m]: Test 'test.analytics.dbt_expectations_expect_column_values_to_be_between_campaign_performance_impressions__0.b744476b6c' (models/cortex_v2/marts/_mart_models.yml) depends on a node named 'campaign_performance' in package '' which was not found
[0m20:58:44.599817 [warn ] [MainThread]: [[33mWARNING[0m]: Test 'test.analytics.dbt_expectations_expect_column_values_to_be_between_campaign_performance_clicks__0.21125e8580' (models/cortex_v2/marts/_mart_models.yml) depends on a node named 'campaign_performance' in package '' which was not found
[0m20:58:44.599971 [warn ] [MainThread]: [[33mWARNING[0m]: Test 'test.analytics.dbt_expectations_expect_column_values_to_be_between_campaign_performance_spend__0.ae1f2a73cb' (models/cortex_v2/marts/_mart_models.yml) depends on a node named 'campaign_performance' in package '' which was not found
[0m20:58:44.600115 [warn ] [MainThread]: [[33mWARNING[0m]: Test 'test.analytics.dbt_expectations_expect_column_values_to_be_between_campaign_performance_ctr__100__0.df9d162c98' (models/cortex_v2/marts/_mart_models.yml) depends on a node named 'campaign_performance' in package '' which was not found
[0m20:58:44.600258 [warn ] [MainThread]: [[33mWARNING[0m]: Test 'test.analytics.dbt_expectations_expect_column_values_to_be_between_campaign_performance_roas__0.982e5dea56' (models/cortex_v2/marts/_mart_models.yml) depends on a node named 'campaign_performance' in package '' which was not found
[0m20:58:44.600398 [warn ] [MainThread]: [[33mWARNING[0m]: Test 'test.analytics.not_null_ad_group_performance_account_id.dac7662915' (models/cortex_v2/marts/_mart_models.yml) depends on a node named 'ad_group_performance' in package '' which was not found
[0m20:58:44.600646 [warn ] [MainThread]: [[33mWARNING[0m]: Test 'test.analytics.not_null_ad_group_performance_source_platform.cbf57569d8' (models/cortex_v2/marts/_mart_models.yml) depends on a node named 'ad_group_performance' in package '' which was not found
[0m20:58:44.601047 [warn ] [MainThread]: [[33mWARNING[0m]: Test 'test.analytics.accepted_values_ad_group_performance_source_platform__google_ads__meta_ads__linkedin_ads.53343107fd' (models/cortex_v2/marts/_mart_models.yml) depends on a node named 'ad_group_performance' in package '' which was not found
[0m20:58:44.601250 [warn ] [MainThread]: [[33mWARNING[0m]: Test 'test.analytics.not_null_ad_group_performance_campaign_id.e3c1e29376' (models/cortex_v2/marts/_mart_models.yml) depends on a node named 'ad_group_performance' in package '' which was not found
[0m20:58:44.601403 [warn ] [MainThread]: [[33mWARNING[0m]: Test 'test.analytics.not_null_ad_group_performance_ad_group_id.f2dc4cc74e' (models/cortex_v2/marts/_mart_models.yml) depends on a node named 'ad_group_performance' in package '' which was not found
[0m20:58:44.601549 [warn ] [MainThread]: [[33mWARNING[0m]: Test 'test.analytics.not_null_ad_group_performance_date.d3d723d869' (models/cortex_v2/marts/_mart_models.yml) depends on a node named 'ad_group_performance' in package '' which was not found
[0m20:58:44.601695 [warn ] [MainThread]: [[33mWARNING[0m]: Test 'test.analytics.dbt_expectations_expect_column_values_to_be_between_ad_group_performance_impressions__0.cd8f51e5e8' (models/cortex_v2/marts/_mart_models.yml) depends on a node named 'ad_group_performance' in package '' which was not found
[0m20:58:44.601851 [warn ] [MainThread]: [[33mWARNING[0m]: Test 'test.analytics.dbt_expectations_expect_column_values_to_be_between_ad_group_performance_spend__0.c9c255489a' (models/cortex_v2/marts/_mart_models.yml) depends on a node named 'ad_group_performance' in package '' which was not found
[0m20:58:44.602010 [warn ] [MainThread]: [[33mWARNING[0m]: Test 'test.analytics.not_null_ad_performance_account_id.37d577f3f3' (models/cortex_v2/marts/_mart_models.yml) depends on a node named 'ad_performance' in package '' which was not found
[0m20:58:44.602155 [warn ] [MainThread]: [[33mWARNING[0m]: Test 'test.analytics.not_null_ad_performance_source_platform.d2469c673c' (models/cortex_v2/marts/_mart_models.yml) depends on a node named 'ad_performance' in package '' which was not found
[0m20:58:44.602314 [warn ] [MainThread]: [[33mWARNING[0m]: Test 'test.analytics.accepted_values_ad_performance_source_platform__google_ads__meta_ads__linkedin_ads.6a6cc44a4c' (models/cortex_v2/marts/_mart_models.yml) depends on a node named 'ad_performance' in package '' which was not found
[0m20:58:44.602455 [warn ] [MainThread]: [[33mWARNING[0m]: Test 'test.analytics.not_null_ad_performance_campaign_id.f00878f642' (models/cortex_v2/marts/_mart_models.yml) depends on a node named 'ad_performance' in package '' which was not found
[0m20:58:44.602596 [warn ] [MainThread]: [[33mWARNING[0m]: Test 'test.analytics.not_null_ad_performance_ad_group_id.328e934d82' (models/cortex_v2/marts/_mart_models.yml) depends on a node named 'ad_performance' in package '' which was not found
[0m20:58:44.602737 [warn ] [MainThread]: [[33mWARNING[0m]: Test 'test.analytics.not_null_ad_performance_ad_id.45b38f8190' (models/cortex_v2/marts/_mart_models.yml) depends on a node named 'ad_performance' in package '' which was not found
[0m20:58:44.602872 [warn ] [MainThread]: [[33mWARNING[0m]: Test 'test.analytics.not_null_ad_performance_date.c55dae1cab' (models/cortex_v2/marts/_mart_models.yml) depends on a node named 'ad_performance' in package '' which was not found
[0m20:58:44.603005 [warn ] [MainThread]: [[33mWARNING[0m]: Test 'test.analytics.dbt_expectations_expect_column_values_to_be_between_ad_performance_impressions__0.6dc4dd13d6' (models/cortex_v2/marts/_mart_models.yml) depends on a node named 'ad_performance' in package '' which was not found
[0m20:58:44.603147 [warn ] [MainThread]: [[33mWARNING[0m]: Test 'test.analytics.dbt_expectations_expect_column_values_to_be_between_ad_performance_spend__0.ce81252396' (models/cortex_v2/marts/_mart_models.yml) depends on a node named 'ad_performance' in package '' which was not found
[0m20:58:44.603282 [warn ] [MainThread]: [[33mWARNING[0m]: Test 'test.analytics.not_null_creative_fatigue_account_id.cdb8690c63' (models/cortex_v2/marts/_mart_models.yml) depends on a node named 'creative_fatigue' in package '' which was not found
[0m20:58:44.603418 [warn ] [MainThread]: [[33mWARNING[0m]: Test 'test.analytics.not_null_creative_fatigue_ad_id.8489735373' (models/cortex_v2/marts/_mart_models.yml) depends on a node named 'creative_fatigue' in package '' which was not found
[0m20:58:44.603548 [warn ] [MainThread]: [[33mWARNING[0m]: Test 'test.analytics.not_null_creative_fatigue_source_platform.66103d2161' (models/cortex_v2/marts/_mart_models.yml) depends on a node named 'creative_fatigue' in package '' which was not found
[0m20:58:44.603684 [warn ] [MainThread]: [[33mWARNING[0m]: Test 'test.analytics.accepted_values_creative_fatigue_source_platform__google_ads__meta_ads__linkedin_ads.780cea669b' (models/cortex_v2/marts/_mart_models.yml) depends on a node named 'creative_fatigue' in package '' which was not found
[0m20:58:44.603817 [warn ] [MainThread]: [[33mWARNING[0m]: Test 'test.analytics.not_null_creative_fatigue_date.99d5ba2540' (models/cortex_v2/marts/_mart_models.yml) depends on a node named 'creative_fatigue' in package '' which was not found
[0m20:58:44.603949 [warn ] [MainThread]: [[33mWARNING[0m]: Test 'test.analytics.dbt_expectations_expect_column_values_to_be_between_creative_fatigue_impressions__100.28fb53b254' (models/cortex_v2/marts/_mart_models.yml) depends on a node named 'creative_fatigue' in package '' which was not found
[0m20:58:44.604085 [warn ] [MainThread]: [[33mWARNING[0m]: Test 'test.analytics.dbt_expectations_expect_column_values_to_be_between_creative_fatigue_clicks__0.5b420934ee' (models/cortex_v2/marts/_mart_models.yml) depends on a node named 'creative_fatigue' in package '' which was not found
[0m20:58:44.604218 [warn ] [MainThread]: [[33mWARNING[0m]: Test 'test.analytics.dbt_expectations_expect_column_values_to_be_between_creative_fatigue_spend__0.ef9503cb4c' (models/cortex_v2/marts/_mart_models.yml) depends on a node named 'creative_fatigue' in package '' which was not found
[0m20:58:44.604356 [warn ] [MainThread]: [[33mWARNING[0m]: Test 'test.analytics.dbt_expectations_expect_column_values_to_be_between_creative_fatigue_ctr__100__0.ac5c1a8023' (models/cortex_v2/marts/_mart_models.yml) depends on a node named 'creative_fatigue' in package '' which was not found
[0m20:58:44.604594 [warn ] [MainThread]: [[33mWARNING[0m]: Test 'test.analytics.dbt_expectations_expect_column_values_to_be_between_creative_fatigue_ctr_7day_avg__100__0.c2acadb6d6' (models/cortex_v2/marts/_mart_models.yml) depends on a node named 'creative_fatigue' in package '' which was not found
[0m20:58:44.604873 [warn ] [MainThread]: [[33mWARNING[0m]: Test 'test.analytics.dbt_expectations_expect_column_values_to_be_between_creative_fatigue_baseline_ctr__100__0.db77b591eb' (models/cortex_v2/marts/_mart_models.yml) depends on a node named 'creative_fatigue' in package '' which was not found
[0m20:58:44.605048 [warn ] [MainThread]: [[33mWARNING[0m]: Test 'test.analytics.dbt_expectations_expect_column_values_to_be_between_creative_fatigue_ctr_change_pct__10___1.c9d997617a' (models/cortex_v2/marts/_mart_models.yml) depends on a node named 'creative_fatigue' in package '' which was not found
[0m20:58:44.605217 [warn ] [MainThread]: [[33mWARNING[0m]: Test 'test.analytics.not_null_creative_fatigue_fatigue_status.aaa694c3b4' (models/cortex_v2/marts/_mart_models.yml) depends on a node named 'creative_fatigue' in package '' which was not found
[0m20:58:44.605371 [warn ] [MainThread]: [[33mWARNING[0m]: Test 'test.analytics.accepted_values_creative_fatigue_fatigue_status__FATIGUED__WARNING__HEALTHY.9a9f068e72' (models/cortex_v2/marts/_mart_models.yml) depends on a node named 'creative_fatigue' in package '' which was not found
[0m20:58:44.605669 [warn ] [MainThread]: [[33mWARNING[0m]: Test 'test.analytics.not_null_creative_performance_account_id.2fd73e70fb' (models/cortex_v2/marts/_mart_models.yml) depends on a node named 'creative_performance' in package '' which was not found
[0m20:58:44.605907 [warn ] [MainThread]: [[33mWARNING[0m]: Test 'test.analytics.not_null_creative_performance_ad_id.8262dca89b' (models/cortex_v2/marts/_mart_models.yml) depends on a node named 'creative_performance' in package '' which was not found
[0m20:58:44.606152 [warn ] [MainThread]: [[33mWARNING[0m]: Test 'test.analytics.not_null_creative_performance_source_platform.970c191c0e' (models/cortex_v2/marts/_mart_models.yml) depends on a node named 'creative_performance' in package '' which was not found
[0m20:58:44.606375 [warn ] [MainThread]: [[33mWARNING[0m]: Test 'test.analytics.accepted_values_creative_performance_source_platform__google_ads__meta_ads__linkedin_ads.daf4217a01' (models/cortex_v2/marts/_mart_models.yml) depends on a node named 'creative_performance' in package '' which was not found
[0m20:58:44.606529 [warn ] [MainThread]: [[33mWARNING[0m]: Test 'test.analytics.dbt_expectations_expect_column_values_to_be_between_creative_performance_total_impressions__0.0f18650691' (models/cortex_v2/marts/_mart_models.yml) depends on a node named 'creative_performance' in package '' which was not found
[0m20:58:44.606669 [warn ] [MainThread]: [[33mWARNING[0m]: Test 'test.analytics.dbt_expectations_expect_column_values_to_be_between_creative_performance_total_clicks__0.8dbe232b9e' (models/cortex_v2/marts/_mart_models.yml) depends on a node named 'creative_performance' in package '' which was not found
[0m20:58:44.606810 [warn ] [MainThread]: [[33mWARNING[0m]: Test 'test.analytics.dbt_expectations_expect_column_values_to_be_between_creative_performance_total_spend__0.8ec34f839c' (models/cortex_v2/marts/_mart_models.yml) depends on a node named 'creative_performance' in package '' which was not found
[0m20:58:44.606954 [warn ] [MainThread]: [[33mWARNING[0m]: Test 'test.analytics.dbt_expectations_expect_column_values_to_be_between_creative_performance_total_conversions__0.77c0038b0f' (models/cortex_v2/marts/_mart_models.yml) depends on a node named 'creative_performance' in package '' which was not found
[0m20:58:44.607199 [warn ] [MainThread]: [[33mWARNING[0m]: Test 'test.analytics.dbt_expectations_expect_column_values_to_be_between_creative_performance_ctr__100__0.6788b246ec' (models/cortex_v2/marts/_mart_models.yml) depends on a node named 'creative_performance' in package '' which was not found
[0m20:58:44.607493 [warn ] [MainThread]: [[33mWARNING[0m]: Test 'test.analytics.dbt_expectations_expect_column_values_to_be_between_creative_performance_roas__0.e3eef45bfb' (models/cortex_v2/marts/_mart_models.yml) depends on a node named 'creative_performance' in package '' which was not found
[0m20:58:44.607727 [warn ] [MainThread]: [[33mWARNING[0m]: Test 'test.analytics.not_null_creative_performance_first_seen_date.1a7661c39a' (models/cortex_v2/marts/_mart_models.yml) depends on a node named 'creative_performance' in package '' which was not found
[0m20:58:44.607870 [warn ] [MainThread]: [[33mWARNING[0m]: Test 'test.analytics.not_null_creative_performance_last_active_date.af004a8cab' (models/cortex_v2/marts/_mart_models.yml) depends on a node named 'creative_performance' in package '' which was not found
[0m20:58:44.608008 [warn ] [MainThread]: [[33mWARNING[0m]: Test 'test.analytics.not_null_creative_performance_fatigue_status.63d52cba4e' (models/cortex_v2/marts/_mart_models.yml) depends on a node named 'creative_performance' in package '' which was not found
[0m20:58:44.608186 [warn ] [MainThread]: [[33mWARNING[0m]: Test 'test.analytics.accepted_values_creative_performance_fatigue_status__FATIGUED__WARNING__HEALTHY__UNKNOWN.9c52b883ed' (models/cortex_v2/marts/_mart_models.yml) depends on a node named 'creative_performance' in package '' which was not found
[0m20:58:44.608408 [warn ] [MainThread]: [[33mWARNING[0m]: Test 'test.analytics.not_null_audience_performance_account_id.f57003994d' (models/cortex_v2/marts/_mart_models.yml) depends on a node named 'audience_performance' in package '' which was not found
[0m20:58:44.608578 [warn ] [MainThread]: [[33mWARNING[0m]: Test 'test.analytics.not_null_audience_performance_source_platform.5160d84e1c' (models/cortex_v2/marts/_mart_models.yml) depends on a node named 'audience_performance' in package '' which was not found
[0m20:58:44.608736 [warn ] [MainThread]: [[33mWARNING[0m]: Test 'test.analytics.accepted_values_audience_performance_source_platform__GOOGLE_ADS__META_ADS__LINKEDIN_ADS.d16505818b' (models/cortex_v2/marts/_mart_models.yml) depends on a node named 'audience_performance' in package '' which was not found
[0m20:58:44.608881 [warn ] [MainThread]: [[33mWARNING[0m]: Test 'test.analytics.not_null_audience_performance_campaign_id.135625fccc' (models/cortex_v2/marts/_mart_models.yml) depends on a node named 'audience_performance' in package '' which was not found
[0m20:58:44.609021 [warn ] [MainThread]: [[33mWARNING[0m]: Test 'test.analytics.not_null_audience_performance_demographic_type.f300e98b6b' (models/cortex_v2/marts/_mart_models.yml) depends on a node named 'audience_performance' in package '' which was not found
[0m20:58:44.609165 [warn ] [MainThread]: [[33mWARNING[0m]: Test 'test.analytics.accepted_values_audience_performance_demographic_type__age__gender__location__device__company_size__seniority__industry.05ef083c21' (models/cortex_v2/marts/_mart_models.yml) depends on a node named 'audience_performance' in package '' which was not found
[0m20:58:44.609304 [warn ] [MainThread]: [[33mWARNING[0m]: Test 'test.analytics.not_null_audience_performance_demographic_value.c303562574' (models/cortex_v2/marts/_mart_models.yml) depends on a node named 'audience_performance' in package '' which was not found
[0m20:58:44.609449 [warn ] [MainThread]: [[33mWARNING[0m]: Test 'test.analytics.not_null_audience_performance_date.881d1babb4' (models/cortex_v2/marts/_mart_models.yml) depends on a node named 'audience_performance' in package '' which was not found
[0m20:58:44.609604 [warn ] [MainThread]: [[33mWARNING[0m]: Test 'test.analytics.dbt_expectations_expect_column_values_to_be_between_audience_performance_impressions__0.7ad963a49c' (models/cortex_v2/marts/_mart_models.yml) depends on a node named 'audience_performance' in package '' which was not found
[0m20:58:44.609768 [warn ] [MainThread]: [[33mWARNING[0m]: Test 'test.analytics.dbt_expectations_expect_column_values_to_be_between_audience_performance_clicks__0.d4ab628b89' (models/cortex_v2/marts/_mart_models.yml) depends on a node named 'audience_performance' in package '' which was not found
[0m20:58:44.609921 [warn ] [MainThread]: [[33mWARNING[0m]: Test 'test.analytics.dbt_expectations_expect_column_values_to_be_between_audience_performance_spend__0.4404a0021f' (models/cortex_v2/marts/_mart_models.yml) depends on a node named 'audience_performance' in package '' which was not found
[0m20:58:44.610065 [warn ] [MainThread]: [[33mWARNING[0m]: Test 'test.analytics.dbt_expectations_expect_column_values_to_be_between_audience_performance_conversions__0.66084d90ad' (models/cortex_v2/marts/_mart_models.yml) depends on a node named 'audience_performance' in package '' which was not found
[0m20:58:44.610218 [warn ] [MainThread]: [[33mWARNING[0m]: Test 'test.analytics.dbt_expectations_expect_column_values_to_be_between_audience_performance_conversion_value__0.29fe78646c' (models/cortex_v2/marts/_mart_models.yml) depends on a node named 'audience_performance' in package '' which was not found
[0m20:58:44.610361 [warn ] [MainThread]: [[33mWARNING[0m]: Test 'test.analytics.dbt_expectations_expect_column_values_to_be_between_audience_performance_ctr__100__0.896529f411' (models/cortex_v2/marts/_mart_models.yml) depends on a node named 'audience_performance' in package '' which was not found
[0m20:58:44.610500 [warn ] [MainThread]: [[33mWARNING[0m]: Test 'test.analytics.dbt_expectations_expect_column_values_to_be_between_audience_performance_cpc__0.1be3b90f80' (models/cortex_v2/marts/_mart_models.yml) depends on a node named 'audience_performance' in package '' which was not found
[0m20:58:44.610642 [warn ] [MainThread]: [[33mWARNING[0m]: Test 'test.analytics.dbt_expectations_expect_column_values_to_be_between_audience_performance_cpa__0.88341c58e3' (models/cortex_v2/marts/_mart_models.yml) depends on a node named 'audience_performance' in package '' which was not found
[0m20:58:44.610788 [warn ] [MainThread]: [[33mWARNING[0m]: Test 'test.analytics.dbt_expectations_expect_column_values_to_be_between_audience_performance_roas__0.7cdb6de017' (models/cortex_v2/marts/_mart_models.yml) depends on a node named 'audience_performance' in package '' which was not found
[0m20:58:44.610983 [warn ] [MainThread]: [[33mWARNING[0m]: Test 'test.analytics.not_null_int_campaigns_unified_account_id.a949359a77' (models/cortex_v2/intermediate/_intermediate_models.yml) depends on a node named 'int_campaigns_unified' in package '' which was not found
[0m20:58:44.611135 [warn ] [MainThread]: [[33mWARNING[0m]: Test 'test.analytics.not_null_int_campaigns_unified_campaign_id.d15fb20e9e' (models/cortex_v2/intermediate/_intermediate_models.yml) depends on a node named 'int_campaigns_unified' in package '' which was not found
[0m20:58:44.611277 [warn ] [MainThread]: [[33mWARNING[0m]: Test 'test.analytics.not_null_int_campaigns_unified_date.066b46a02b' (models/cortex_v2/intermediate/_intermediate_models.yml) depends on a node named 'int_campaigns_unified' in package '' which was not found
[0m20:58:44.611417 [warn ] [MainThread]: [[33mWARNING[0m]: Test 'test.analytics.not_null_int_campaigns_unified_source_platform.98f63da956' (models/cortex_v2/intermediate/_intermediate_models.yml) depends on a node named 'int_campaigns_unified' in package '' which was not found
[0m20:58:44.611554 [warn ] [MainThread]: [[33mWARNING[0m]: Test 'test.analytics.accepted_values_int_campaigns_unified_source_platform__google_ads__meta_ads__linkedin_ads.4e0b7e765d' (models/cortex_v2/intermediate/_intermediate_models.yml) depends on a node named 'int_campaigns_unified' in package '' which was not found
[0m20:58:44.611692 [warn ] [MainThread]: [[33mWARNING[0m]: Test 'test.analytics.not_null_int_ad_groups_unified_account_id.fe5ee808b0' (models/cortex_v2/intermediate/_intermediate_models.yml) depends on a node named 'int_ad_groups_unified' in package '' which was not found
[0m20:58:44.611827 [warn ] [MainThread]: [[33mWARNING[0m]: Test 'test.analytics.not_null_int_ad_groups_unified_campaign_id.a711d0c6ed' (models/cortex_v2/intermediate/_intermediate_models.yml) depends on a node named 'int_ad_groups_unified' in package '' which was not found
[0m20:58:44.611963 [warn ] [MainThread]: [[33mWARNING[0m]: Test 'test.analytics.not_null_int_ad_groups_unified_ad_group_id.dbef03c0d7' (models/cortex_v2/intermediate/_intermediate_models.yml) depends on a node named 'int_ad_groups_unified' in package '' which was not found
[0m20:58:44.612099 [warn ] [MainThread]: [[33mWARNING[0m]: Test 'test.analytics.not_null_int_ad_groups_unified_date.8be5154544' (models/cortex_v2/intermediate/_intermediate_models.yml) depends on a node named 'int_ad_groups_unified' in package '' which was not found
[0m20:58:44.612239 [warn ] [MainThread]: [[33mWARNING[0m]: Test 'test.analytics.not_null_int_ad_groups_unified_source_platform.136e748623' (models/cortex_v2/intermediate/_intermediate_models.yml) depends on a node named 'int_ad_groups_unified' in package '' which was not found
[0m20:58:44.612377 [warn ] [MainThread]: [[33mWARNING[0m]: Test 'test.analytics.accepted_values_int_ad_groups_unified_source_platform__google_ads__meta_ads__linkedin_ads.ead124c9ea' (models/cortex_v2/intermediate/_intermediate_models.yml) depends on a node named 'int_ad_groups_unified' in package '' which was not found
[0m20:58:44.612515 [warn ] [MainThread]: [[33mWARNING[0m]: Test 'test.analytics.not_null_int_ads_unified_account_id.e32fc3cac9' (models/cortex_v2/intermediate/_intermediate_models.yml) depends on a node named 'int_ads_unified' in package '' which was not found
[0m20:58:44.612649 [warn ] [MainThread]: [[33mWARNING[0m]: Test 'test.analytics.not_null_int_ads_unified_campaign_id.6d55b7658f' (models/cortex_v2/intermediate/_intermediate_models.yml) depends on a node named 'int_ads_unified' in package '' which was not found
[0m20:58:44.612784 [warn ] [MainThread]: [[33mWARNING[0m]: Test 'test.analytics.not_null_int_ads_unified_ad_group_id.95b8a97b0e' (models/cortex_v2/intermediate/_intermediate_models.yml) depends on a node named 'int_ads_unified' in package '' which was not found
[0m20:58:44.612918 [warn ] [MainThread]: [[33mWARNING[0m]: Test 'test.analytics.not_null_int_ads_unified_ad_id.fa06b94b63' (models/cortex_v2/intermediate/_intermediate_models.yml) depends on a node named 'int_ads_unified' in package '' which was not found
[0m20:58:44.613049 [warn ] [MainThread]: [[33mWARNING[0m]: Test 'test.analytics.not_null_int_ads_unified_date.653817fd22' (models/cortex_v2/intermediate/_intermediate_models.yml) depends on a node named 'int_ads_unified' in package '' which was not found
[0m20:58:44.613182 [warn ] [MainThread]: [[33mWARNING[0m]: Test 'test.analytics.not_null_int_ads_unified_source_platform.3fee8e953a' (models/cortex_v2/intermediate/_intermediate_models.yml) depends on a node named 'int_ads_unified' in package '' which was not found
[0m20:58:44.613317 [warn ] [MainThread]: [[33mWARNING[0m]: Test 'test.analytics.accepted_values_int_ads_unified_source_platform__google_ads__meta_ads__linkedin_ads.219f8efefe' (models/cortex_v2/intermediate/_intermediate_models.yml) depends on a node named 'int_ads_unified' in package '' which was not found
[0m20:58:44.613457 [warn ] [MainThread]: [[33mWARNING[0m]: Test 'test.analytics.not_null_int_fivetran_campaigns_unified_account_id.1a40965926' (models/cortex_v2/intermediate/_intermediate_models.yml) depends on a node named 'int_fivetran_campaigns_unified' in package '' which was not found
[0m20:58:44.613595 [warn ] [MainThread]: [[33mWARNING[0m]: Test 'test.analytics.not_null_int_fivetran_campaigns_unified_campaign_id.e4262a63ce' (models/cortex_v2/intermediate/_intermediate_models.yml) depends on a node named 'int_fivetran_campaigns_unified' in package '' which was not found
[0m20:58:44.613732 [warn ] [MainThread]: [[33mWARNING[0m]: Test 'test.analytics.not_null_int_fivetran_campaigns_unified_date.72b054b82c' (models/cortex_v2/intermediate/_intermediate_models.yml) depends on a node named 'int_fivetran_campaigns_unified' in package '' which was not found
[0m20:58:44.613880 [warn ] [MainThread]: [[33mWARNING[0m]: Test 'test.analytics.not_null_int_fivetran_campaigns_unified_source_platform.af2767ff61' (models/cortex_v2/intermediate/_intermediate_models.yml) depends on a node named 'int_fivetran_campaigns_unified' in package '' which was not found
[0m20:58:44.614018 [warn ] [MainThread]: [[33mWARNING[0m]: Test 'test.analytics.accepted_values_int_fivetran_campaigns_unified_source_platform__google_ads__meta_ads__linkedin_ads__tiktok_ads.9289bea954' (models/cortex_v2/intermediate/_intermediate_models.yml) depends on a node named 'int_fivetran_campaigns_unified' in package '' which was not found
[0m20:58:44.614163 [warn ] [MainThread]: [[33mWARNING[0m]: Test 'test.analytics.not_null_int_fivetran_conversions_campaign_id.8e50a62a91' (models/cortex_v2/intermediate/_intermediate_models.yml) depends on a node named 'int_fivetran_conversions' in package '' which was not found
[0m20:58:44.614295 [warn ] [MainThread]: [[33mWARNING[0m]: Test 'test.analytics.not_null_int_fivetran_conversions_date.dc1a84c044' (models/cortex_v2/intermediate/_intermediate_models.yml) depends on a node named 'int_fivetran_conversions' in package '' which was not found
[0m20:58:44.614430 [warn ] [MainThread]: [[33mWARNING[0m]: Test 'test.analytics.not_null_int_fivetran_conversions_event_name.acdc8f5f71' (models/cortex_v2/intermediate/_intermediate_models.yml) depends on a node named 'int_fivetran_conversions' in package '' which was not found
[0m20:58:44.614573 [warn ] [MainThread]: [[33mWARNING[0m]: Test 'test.analytics.not_null_int_fivetran_conversions_platform.fd75b41117' (models/cortex_v2/intermediate/_intermediate_models.yml) depends on a node named 'int_fivetran_conversions' in package '' which was not found
[0m20:58:44.614710 [warn ] [MainThread]: [[33mWARNING[0m]: Test 'test.analytics.accepted_values_int_fivetran_conversions_platform__google_ads__meta_ads__linkedin_ads__tiktok_ads.ac6b339e44' (models/cortex_v2/intermediate/_intermediate_models.yml) depends on a node named 'int_fivetran_conversions' in package '' which was not found
[0m20:58:44.691043 [debug] [MainThread]: Sending event: {'category': 'dbt', 'action': 'load_project', 'label': '71226a66-624b-4f83-924f-3dfd0072a483', 'context': [<snowplow_tracker.self_describing_json.SelfDescribingJson object at 0x11d6e5490>]}
[0m20:58:44.763728 [debug] [MainThread]: Wrote artifact WritableManifest to /Users/riley/Documents/GitHub/dbt-lattara-cortex/target/manifest.json
[0m20:58:44.765476 [debug] [MainThread]: Wrote artifact SemanticManifest to /Users/riley/Documents/GitHub/dbt-lattara-cortex/target/semantic_manifest.json
[0m20:58:44.791628 [debug] [MainThread]: Sending event: {'category': 'dbt', 'action': 'resource_counts', 'label': '71226a66-624b-4f83-924f-3dfd0072a483', 'context': [<snowplow_tracker.self_describing_json.SelfDescribingJson object at 0x11d83e990>]}
[0m20:58:44.791968 [info ] [MainThread]: Found 50 models, 4 seeds, 20 data tests, 53 sources, 543 macros
[0m20:58:44.792141 [debug] [MainThread]: Sending event: {'category': 'dbt', 'action': 'runnable_timing', 'label': '71226a66-624b-4f83-924f-3dfd0072a483', 'context': [<snowplow_tracker.self_describing_json.SelfDescribingJson object at 0x11d725910>]}
[0m20:58:44.793949 [warn ] [MainThread]: Nothing to do. Try checking your model configs and model specification args
[0m20:58:44.794291 [debug] [MainThread]: Command end result
[0m20:58:44.927713 [debug] [MainThread]: Wrote artifact WritableManifest to /Users/riley/Documents/GitHub/dbt-lattara-cortex/target/manifest.json
[0m20:58:44.929167 [debug] [MainThread]: Wrote artifact SemanticManifest to /Users/riley/Documents/GitHub/dbt-lattara-cortex/target/semantic_manifest.json
[0m20:58:44.930890 [debug] [MainThread]: Wrote artifact RunExecutionResult to /Users/riley/Documents/GitHub/dbt-lattara-cortex/target/run_results.json
[0m20:58:44.931261 [warn ] [MainThread]: [[33mWARNING[0m][DeprecationsSummary]: Deprecated functionality
Summary of encountered deprecations:
- CustomKeyInConfigDeprecation: 4 occurrences
- MissingArgumentsPropertyInGenericTestDeprecation: 51 occurrences
To see all deprecation instances instead of just the first occurrence of each,
run command again with the `--show-all-deprecations` flag. You may also need to
run with `--no-partial-parse` as some deprecations are only encountered during
parsing.
[0m20:58:44.934561 [debug] [MainThread]: Resource report: {"command_name": "test", "command_success": true, "command_wall_clock_time": 5.9783845, "process_in_blocks": "0", "process_kernel_time": 1.824464, "process_mem_max_rss": "416497664", "process_out_blocks": "0", "process_user_time": 4.582908}
[0m20:58:44.934878 [debug] [MainThread]: Command `dbt test` succeeded at 20:58:44.934826 after 5.98 seconds
[0m20:58:44.935090 [debug] [MainThread]: Sending event: {'category': 'dbt', 'action': 'invocation', 'label': 'end', 'context': [<snowplow_tracker.self_describing_json.SelfDescribingJson object at 0x10d2f4490>, <snowplow_tracker.self_describing_json.SelfDescribingJson object at 0x109129990>, <snowplow_tracker.self_describing_json.SelfDescribingJson object at 0x10917da90>]}
[0m20:58:44.935283 [debug] [MainThread]: Flushing usage events
[0m20:58:45.280849 [debug] [MainThread]: An error was encountered while trying to flush usage events
[0m20:59:24.026398 [debug] [MainThread]: Sending event: {'category': 'dbt', 'action': 'invocation', 'label': 'start', 'context': [<snowplow_tracker.self_describing_json.SelfDescribingJson object at 0x10e1be710>, <snowplow_tracker.self_describing_json.SelfDescribingJson object at 0x10e240450>, <snowplow_tracker.self_describing_json.SelfDescribingJson object at 0x10e240f90>]}


============================== 20:59:24.029392 | 04628714-f4bf-4f63-9c60-b5f196a7bf5d ==============================
[0m20:59:24.029392 [info ] [MainThread]: Running with dbt=1.11.2
[0m20:59:24.029731 [debug] [MainThread]: running dbt with arguments {'introspect': 'True', 'invocation_command': 'dbt run --select nexus.* --full-refresh --vars {\n  "bq_project_id": "res-analytics",\n  "bq_dataset_id": "com_allied",\n  "organization_id": "allied-partial",\n  "source_facebook_enabled": "true",\n  "source_google_enabled": "false",\n  "source_linkedin_enabled": "false",\n  "source_tiktok_enabled": "false",\n  "source_bingads_enabled": "false"\n}', 'cache_selected_only': 'False', 'target_path': 'None', 'use_colors': 'True', 'version_check': 'True', 'profiles_dir': '/Users/riley/.dbt', 'quiet': 'False', 'no_print': 'None', 'log_cache_events': 'False', 'empty': 'False', 'use_experimental_parser': 'False', 'write_json': 'True', 'static_parser': 'True', 'printer_width': '80', 'debug': 'False', 'partial_parse': 'True', 'send_anonymous_usage_stats': 'True', 'fail_fast': 'False', 'warn_error': 'None', 'log_path': '/Users/riley/Documents/GitHub/dbt-lattara-cortex/logs', 'indirect_selection': 'eager', 'log_format': 'default', 'warn_error_options': 'WarnErrorOptionsV2(error=[], warn=[], silence=[])'}
[0m20:59:28.319328 [debug] [MainThread]: Sending event: {'category': 'dbt', 'action': 'project_id', 'label': '04628714-f4bf-4f63-9c60-b5f196a7bf5d', 'context': [<snowplow_tracker.self_describing_json.SelfDescribingJson object at 0x11dd81190>]}
[0m20:59:28.349009 [debug] [MainThread]: Sending event: {'category': 'dbt', 'action': 'adapter_info', 'label': '04628714-f4bf-4f63-9c60-b5f196a7bf5d', 'context': [<snowplow_tracker.self_describing_json.SelfDescribingJson object at 0x10b664e50>]}
[0m20:59:28.349367 [info ] [MainThread]: Registered adapter: bigquery=1.11.0
[0m20:59:28.502637 [debug] [MainThread]: checksum: 9bf2a722941e6393109389c4ae69c56a27b5469e287ad40650e7b8ec78c7d612, vars: {'bq_dataset_id': 'com_allied',
 'bq_project_id': 'res-analytics',
 'organization_id': 'allied-partial',
 'source_bingads_enabled': 'false',
 'source_facebook_enabled': 'true',
 'source_google_enabled': 'false',
 'source_linkedin_enabled': 'false',
 'source_tiktok_enabled': 'false'}, profile: , target: , version: 1.11.2
[0m20:59:28.677233 [info ] [MainThread]: Unable to do partial parsing because config vars, config profile, or config target have changed
[0m20:59:28.677749 [debug] [MainThread]: previous checksum: 9bf2a722941e6393109389c4ae69c56a27b5469e287ad40650e7b8ec78c7d612, current checksum: 3d40d8bbe1bef07db1c24822f2dbfff8bc07f2a48ed4fe2658a40653aec0b54b
[0m20:59:28.678092 [debug] [MainThread]: Sending event: {'category': 'dbt', 'action': 'partial_parser', 'label': '04628714-f4bf-4f63-9c60-b5f196a7bf5d', 'context': [<snowplow_tracker.self_describing_json.SelfDescribingJson object at 0x10d39d610>]}
[0m20:59:28.715713 [warn ] [MainThread]: [[33mWARNING[0m][CustomKeyInConfigDeprecation]: Deprecated functionality
Custom key `+schema` found in `config` at path `seeds[0].config` in file
`seeds/schema.yml`. Custom config keys should move into the `config.meta`.
[0m20:59:28.716136 [debug] [MainThread]: Sending event: {'category': 'dbt', 'action': 'deprecation', 'label': '04628714-f4bf-4f63-9c60-b5f196a7bf5d', 'property_': 'warn', 'context': [<snowplow_tracker.self_describing_json.SelfDescribingJson object at 0x11dfd4f90>]}
[0m20:59:29.428579 [warn ] [MainThread]: [[33mWARNING[0m]: Did not find matching node for patch with name 'stg_fivetran_meta__campaigns' in the 'models' section of file 'models/cortex_v2/staging/_fivetran_staging_models.yml'
[0m20:59:29.429705 [warn ] [MainThread]: [[33mWARNING[0m]: Did not find matching node for patch with name 'stg_fivetran_meta__conversions' in the 'models' section of file 'models/cortex_v2/staging/_fivetran_staging_models.yml'
[0m20:59:29.430328 [warn ] [MainThread]: [[33mWARNING[0m]: Did not find matching node for patch with name 'stg_fivetran_google__campaigns' in the 'models' section of file 'models/cortex_v2/staging/_fivetran_staging_models.yml'
[0m20:59:29.430843 [warn ] [MainThread]: [[33mWARNING[0m]: Did not find matching node for patch with name 'stg_fivetran_google__conversions' in the 'models' section of file 'models/cortex_v2/staging/_fivetran_staging_models.yml'
[0m20:59:29.431416 [warn ] [MainThread]: [[33mWARNING[0m]: Did not find matching node for patch with name 'stg_fivetran_linkedin__campaigns' in the 'models' section of file 'models/cortex_v2/staging/_fivetran_staging_models.yml'
[0m20:59:29.432176 [warn ] [MainThread]: [[33mWARNING[0m]: Did not find matching node for patch with name 'stg_fivetran_tiktok__campaigns' in the 'models' section of file 'models/cortex_v2/staging/_fivetran_staging_models.yml'
[0m20:59:29.486809 [warn ] [MainThread]: [[33mWARNING[0m]: Did not find matching node for patch with name 'campaign_performance' in the 'models' section of file 'models/cortex_v2/marts/_mart_models.yml'
[0m20:59:29.488016 [warn ] [MainThread]: [[33mWARNING[0m]: Did not find matching node for patch with name 'ad_group_performance' in the 'models' section of file 'models/cortex_v2/marts/_mart_models.yml'
[0m20:59:29.489043 [warn ] [MainThread]: [[33mWARNING[0m]: Did not find matching node for patch with name 'ad_performance' in the 'models' section of file 'models/cortex_v2/marts/_mart_models.yml'
[0m20:59:29.490609 [warn ] [MainThread]: [[33mWARNING[0m]: Did not find matching node for patch with name 'creative_fatigue' in the 'models' section of file 'models/cortex_v2/marts/_mart_models.yml'
[0m20:59:29.492245 [warn ] [MainThread]: [[33mWARNING[0m]: Did not find matching node for patch with name 'creative_performance' in the 'models' section of file 'models/cortex_v2/marts/_mart_models.yml'
[0m20:59:29.493720 [warn ] [MainThread]: [[33mWARNING[0m]: Did not find matching node for patch with name 'audience_performance' in the 'models' section of file 'models/cortex_v2/marts/_mart_models.yml'
[0m20:59:29.511212 [warn ] [MainThread]: [[33mWARNING[0m][MissingArgumentsPropertyInGenericTestDeprecation]: Deprecated
functionality
Found top-level arguments to test `accepted_values` defined on
'campaign_performance' in package 'analytics'
(models/cortex_v2/marts/_mart_models.yml). Arguments to generic tests should be
nested under the `arguments` property.
[0m20:59:29.511487 [debug] [MainThread]: Sending event: {'category': 'dbt', 'action': 'deprecation', 'label': '04628714-f4bf-4f63-9c60-b5f196a7bf5d', 'property_': 'warn', 'context': [<snowplow_tracker.self_describing_json.SelfDescribingJson object at 0x11e47a910>]}
[0m20:59:29.624959 [warn ] [MainThread]: [[33mWARNING[0m]: Did not find matching node for patch with name 'int_campaigns_unified' in the 'models' section of file 'models/cortex_v2/intermediate/_intermediate_models.yml'
[0m20:59:29.625690 [warn ] [MainThread]: [[33mWARNING[0m]: Did not find matching node for patch with name 'int_ad_groups_unified' in the 'models' section of file 'models/cortex_v2/intermediate/_intermediate_models.yml'
[0m20:59:29.626272 [warn ] [MainThread]: [[33mWARNING[0m]: Did not find matching node for patch with name 'int_ads_unified' in the 'models' section of file 'models/cortex_v2/intermediate/_intermediate_models.yml'
[0m20:59:29.627080 [warn ] [MainThread]: [[33mWARNING[0m]: Did not find matching node for patch with name 'int_fivetran_campaigns_unified' in the 'models' section of file 'models/cortex_v2/intermediate/_intermediate_models.yml'
[0m20:59:29.628087 [warn ] [MainThread]: [[33mWARNING[0m]: Did not find matching node for patch with name 'int_fivetran_conversions' in the 'models' section of file 'models/cortex_v2/intermediate/_intermediate_models.yml'
[0m20:59:29.760766 [warn ] [MainThread]: [[33mWARNING[0m]: Test 'test.analytics.not_null_stg_fivetran_meta__campaigns_account_id.7a730ac599' (models/cortex_v2/staging/_fivetran_staging_models.yml) depends on a node named 'stg_fivetran_meta__campaigns' in package '' which was not found
[0m20:59:29.761123 [warn ] [MainThread]: [[33mWARNING[0m]: Test 'test.analytics.not_null_stg_fivetran_meta__campaigns_campaign_id.76664f170f' (models/cortex_v2/staging/_fivetran_staging_models.yml) depends on a node named 'stg_fivetran_meta__campaigns' in package '' which was not found
[0m20:59:29.761676 [warn ] [MainThread]: [[33mWARNING[0m]: Test 'test.analytics.not_null_stg_fivetran_meta__campaigns_date.d107bad4c1' (models/cortex_v2/staging/_fivetran_staging_models.yml) depends on a node named 'stg_fivetran_meta__campaigns' in package '' which was not found
[0m20:59:29.762280 [warn ] [MainThread]: [[33mWARNING[0m]: Test 'test.analytics.not_null_stg_fivetran_meta__conversions_campaign_id.b52e62dfb7' (models/cortex_v2/staging/_fivetran_staging_models.yml) depends on a node named 'stg_fivetran_meta__conversions' in package '' which was not found
[0m20:59:29.763082 [warn ] [MainThread]: [[33mWARNING[0m]: Test 'test.analytics.not_null_stg_fivetran_meta__conversions_date.939fb3be07' (models/cortex_v2/staging/_fivetran_staging_models.yml) depends on a node named 'stg_fivetran_meta__conversions' in package '' which was not found
[0m20:59:29.764185 [warn ] [MainThread]: [[33mWARNING[0m]: Test 'test.analytics.not_null_stg_fivetran_meta__conversions_event_name.05866163e5' (models/cortex_v2/staging/_fivetran_staging_models.yml) depends on a node named 'stg_fivetran_meta__conversions' in package '' which was not found
[0m20:59:29.764894 [warn ] [MainThread]: [[33mWARNING[0m]: Test 'test.analytics.not_null_stg_fivetran_google__campaigns_account_id.83e94ebf77' (models/cortex_v2/staging/_fivetran_staging_models.yml) depends on a node named 'stg_fivetran_google__campaigns' in package '' which was not found
[0m20:59:29.765119 [warn ] [MainThread]: [[33mWARNING[0m]: Test 'test.analytics.not_null_stg_fivetran_google__campaigns_campaign_id.049fc1c501' (models/cortex_v2/staging/_fivetran_staging_models.yml) depends on a node named 'stg_fivetran_google__campaigns' in package '' which was not found
[0m20:59:29.765315 [warn ] [MainThread]: [[33mWARNING[0m]: Test 'test.analytics.not_null_stg_fivetran_google__campaigns_date.53c117304f' (models/cortex_v2/staging/_fivetran_staging_models.yml) depends on a node named 'stg_fivetran_google__campaigns' in package '' which was not found
[0m20:59:29.765723 [warn ] [MainThread]: [[33mWARNING[0m]: Test 'test.analytics.not_null_stg_fivetran_google__conversions_campaign_id.3d08f914c2' (models/cortex_v2/staging/_fivetran_staging_models.yml) depends on a node named 'stg_fivetran_google__conversions' in package '' which was not found
[0m20:59:29.765943 [warn ] [MainThread]: [[33mWARNING[0m]: Test 'test.analytics.not_null_stg_fivetran_google__conversions_date.36a1bbabe4' (models/cortex_v2/staging/_fivetran_staging_models.yml) depends on a node named 'stg_fivetran_google__conversions' in package '' which was not found
[0m20:59:29.766111 [warn ] [MainThread]: [[33mWARNING[0m]: Test 'test.analytics.not_null_stg_fivetran_google__conversions_event_name.77c79327b2' (models/cortex_v2/staging/_fivetran_staging_models.yml) depends on a node named 'stg_fivetran_google__conversions' in package '' which was not found
[0m20:59:29.766274 [warn ] [MainThread]: [[33mWARNING[0m]: Test 'test.analytics.not_null_stg_fivetran_linkedin__campaigns_account_id.5472043634' (models/cortex_v2/staging/_fivetran_staging_models.yml) depends on a node named 'stg_fivetran_linkedin__campaigns' in package '' which was not found
[0m20:59:29.766429 [warn ] [MainThread]: [[33mWARNING[0m]: Test 'test.analytics.not_null_stg_fivetran_linkedin__campaigns_campaign_id.f906eb9a41' (models/cortex_v2/staging/_fivetran_staging_models.yml) depends on a node named 'stg_fivetran_linkedin__campaigns' in package '' which was not found
[0m20:59:29.766719 [warn ] [MainThread]: [[33mWARNING[0m]: Test 'test.analytics.not_null_stg_fivetran_linkedin__campaigns_date.a9eb0a1fab' (models/cortex_v2/staging/_fivetran_staging_models.yml) depends on a node named 'stg_fivetran_linkedin__campaigns' in package '' which was not found
[0m20:59:29.767072 [warn ] [MainThread]: [[33mWARNING[0m]: Test 'test.analytics.not_null_stg_fivetran_tiktok__campaigns_account_id.0ac458d45f' (models/cortex_v2/staging/_fivetran_staging_models.yml) depends on a node named 'stg_fivetran_tiktok__campaigns' in package '' which was not found
[0m20:59:29.767269 [warn ] [MainThread]: [[33mWARNING[0m]: Test 'test.analytics.not_null_stg_fivetran_tiktok__campaigns_campaign_id.1aea0f2317' (models/cortex_v2/staging/_fivetran_staging_models.yml) depends on a node named 'stg_fivetran_tiktok__campaigns' in package '' which was not found
[0m20:59:29.767945 [warn ] [MainThread]: [[33mWARNING[0m]: Test 'test.analytics.not_null_stg_fivetran_tiktok__campaigns_date.24abfabc59' (models/cortex_v2/staging/_fivetran_staging_models.yml) depends on a node named 'stg_fivetran_tiktok__campaigns' in package '' which was not found
[0m20:59:29.768354 [warn ] [MainThread]: [[33mWARNING[0m]: Test 'test.analytics.not_null_campaign_performance_account_id.012a1ba74b' (models/cortex_v2/marts/_mart_models.yml) depends on a node named 'campaign_performance' in package '' which was not found
[0m20:59:29.769001 [warn ] [MainThread]: [[33mWARNING[0m]: Test 'test.analytics.not_null_campaign_performance_source_platform.1e320588c8' (models/cortex_v2/marts/_mart_models.yml) depends on a node named 'campaign_performance' in package '' which was not found
[0m20:59:29.769456 [warn ] [MainThread]: [[33mWARNING[0m]: Test 'test.analytics.accepted_values_campaign_performance_source_platform__google_ads__meta_ads__linkedin_ads.64338a201c' (models/cortex_v2/marts/_mart_models.yml) depends on a node named 'campaign_performance' in package '' which was not found
[0m20:59:29.769992 [warn ] [MainThread]: [[33mWARNING[0m]: Test 'test.analytics.not_null_campaign_performance_campaign_id.77cfe3848c' (models/cortex_v2/marts/_mart_models.yml) depends on a node named 'campaign_performance' in package '' which was not found
[0m20:59:29.770419 [warn ] [MainThread]: [[33mWARNING[0m]: Test 'test.analytics.not_null_campaign_performance_date.a6d7f3618a' (models/cortex_v2/marts/_mart_models.yml) depends on a node named 'campaign_performance' in package '' which was not found
[0m20:59:29.770629 [warn ] [MainThread]: [[33mWARNING[0m]: Test 'test.analytics.dbt_expectations_expect_column_values_to_be_between_campaign_performance_impressions__0.b744476b6c' (models/cortex_v2/marts/_mart_models.yml) depends on a node named 'campaign_performance' in package '' which was not found
[0m20:59:29.770797 [warn ] [MainThread]: [[33mWARNING[0m]: Test 'test.analytics.dbt_expectations_expect_column_values_to_be_between_campaign_performance_clicks__0.21125e8580' (models/cortex_v2/marts/_mart_models.yml) depends on a node named 'campaign_performance' in package '' which was not found
[0m20:59:29.770952 [warn ] [MainThread]: [[33mWARNING[0m]: Test 'test.analytics.dbt_expectations_expect_column_values_to_be_between_campaign_performance_spend__0.ae1f2a73cb' (models/cortex_v2/marts/_mart_models.yml) depends on a node named 'campaign_performance' in package '' which was not found
[0m20:59:29.771106 [warn ] [MainThread]: [[33mWARNING[0m]: Test 'test.analytics.dbt_expectations_expect_column_values_to_be_between_campaign_performance_ctr__100__0.df9d162c98' (models/cortex_v2/marts/_mart_models.yml) depends on a node named 'campaign_performance' in package '' which was not found
[0m20:59:29.771252 [warn ] [MainThread]: [[33mWARNING[0m]: Test 'test.analytics.dbt_expectations_expect_column_values_to_be_between_campaign_performance_roas__0.982e5dea56' (models/cortex_v2/marts/_mart_models.yml) depends on a node named 'campaign_performance' in package '' which was not found
[0m20:59:29.771401 [warn ] [MainThread]: [[33mWARNING[0m]: Test 'test.analytics.not_null_ad_group_performance_account_id.dac7662915' (models/cortex_v2/marts/_mart_models.yml) depends on a node named 'ad_group_performance' in package '' which was not found
[0m20:59:29.771543 [warn ] [MainThread]: [[33mWARNING[0m]: Test 'test.analytics.not_null_ad_group_performance_source_platform.cbf57569d8' (models/cortex_v2/marts/_mart_models.yml) depends on a node named 'ad_group_performance' in package '' which was not found
[0m20:59:29.771686 [warn ] [MainThread]: [[33mWARNING[0m]: Test 'test.analytics.accepted_values_ad_group_performance_source_platform__google_ads__meta_ads__linkedin_ads.53343107fd' (models/cortex_v2/marts/_mart_models.yml) depends on a node named 'ad_group_performance' in package '' which was not found
[0m20:59:29.771830 [warn ] [MainThread]: [[33mWARNING[0m]: Test 'test.analytics.not_null_ad_group_performance_campaign_id.e3c1e29376' (models/cortex_v2/marts/_mart_models.yml) depends on a node named 'ad_group_performance' in package '' which was not found
[0m20:59:29.771980 [warn ] [MainThread]: [[33mWARNING[0m]: Test 'test.analytics.not_null_ad_group_performance_ad_group_id.f2dc4cc74e' (models/cortex_v2/marts/_mart_models.yml) depends on a node named 'ad_group_performance' in package '' which was not found
[0m20:59:29.772129 [warn ] [MainThread]: [[33mWARNING[0m]: Test 'test.analytics.not_null_ad_group_performance_date.d3d723d869' (models/cortex_v2/marts/_mart_models.yml) depends on a node named 'ad_group_performance' in package '' which was not found
[0m20:59:29.772274 [warn ] [MainThread]: [[33mWARNING[0m]: Test 'test.analytics.dbt_expectations_expect_column_values_to_be_between_ad_group_performance_impressions__0.cd8f51e5e8' (models/cortex_v2/marts/_mart_models.yml) depends on a node named 'ad_group_performance' in package '' which was not found
[0m20:59:29.772419 [warn ] [MainThread]: [[33mWARNING[0m]: Test 'test.analytics.dbt_expectations_expect_column_values_to_be_between_ad_group_performance_spend__0.c9c255489a' (models/cortex_v2/marts/_mart_models.yml) depends on a node named 'ad_group_performance' in package '' which was not found
[0m20:59:29.772561 [warn ] [MainThread]: [[33mWARNING[0m]: Test 'test.analytics.not_null_ad_performance_account_id.37d577f3f3' (models/cortex_v2/marts/_mart_models.yml) depends on a node named 'ad_performance' in package '' which was not found
[0m20:59:29.772707 [warn ] [MainThread]: [[33mWARNING[0m]: Test 'test.analytics.not_null_ad_performance_source_platform.d2469c673c' (models/cortex_v2/marts/_mart_models.yml) depends on a node named 'ad_performance' in package '' which was not found
[0m20:59:29.772854 [warn ] [MainThread]: [[33mWARNING[0m]: Test 'test.analytics.accepted_values_ad_performance_source_platform__google_ads__meta_ads__linkedin_ads.6a6cc44a4c' (models/cortex_v2/marts/_mart_models.yml) depends on a node named 'ad_performance' in package '' which was not found
[0m20:59:29.772991 [warn ] [MainThread]: [[33mWARNING[0m]: Test 'test.analytics.not_null_ad_performance_campaign_id.f00878f642' (models/cortex_v2/marts/_mart_models.yml) depends on a node named 'ad_performance' in package '' which was not found
[0m20:59:29.773128 [warn ] [MainThread]: [[33mWARNING[0m]: Test 'test.analytics.not_null_ad_performance_ad_group_id.328e934d82' (models/cortex_v2/marts/_mart_models.yml) depends on a node named 'ad_performance' in package '' which was not found
[0m20:59:29.773483 [warn ] [MainThread]: [[33mWARNING[0m]: Test 'test.analytics.not_null_ad_performance_ad_id.45b38f8190' (models/cortex_v2/marts/_mart_models.yml) depends on a node named 'ad_performance' in package '' which was not found
[0m20:59:29.773876 [warn ] [MainThread]: [[33mWARNING[0m]: Test 'test.analytics.not_null_ad_performance_date.c55dae1cab' (models/cortex_v2/marts/_mart_models.yml) depends on a node named 'ad_performance' in package '' which was not found
[0m20:59:29.774225 [warn ] [MainThread]: [[33mWARNING[0m]: Test 'test.analytics.dbt_expectations_expect_column_values_to_be_between_ad_performance_impressions__0.6dc4dd13d6' (models/cortex_v2/marts/_mart_models.yml) depends on a node named 'ad_performance' in package '' which was not found
[0m20:59:29.774416 [warn ] [MainThread]: [[33mWARNING[0m]: Test 'test.analytics.dbt_expectations_expect_column_values_to_be_between_ad_performance_spend__0.ce81252396' (models/cortex_v2/marts/_mart_models.yml) depends on a node named 'ad_performance' in package '' which was not found
[0m20:59:29.774573 [warn ] [MainThread]: [[33mWARNING[0m]: Test 'test.analytics.not_null_creative_fatigue_account_id.cdb8690c63' (models/cortex_v2/marts/_mart_models.yml) depends on a node named 'creative_fatigue' in package '' which was not found
[0m20:59:29.774721 [warn ] [MainThread]: [[33mWARNING[0m]: Test 'test.analytics.not_null_creative_fatigue_ad_id.8489735373' (models/cortex_v2/marts/_mart_models.yml) depends on a node named 'creative_fatigue' in package '' which was not found
[0m20:59:29.774865 [warn ] [MainThread]: [[33mWARNING[0m]: Test 'test.analytics.not_null_creative_fatigue_source_platform.66103d2161' (models/cortex_v2/marts/_mart_models.yml) depends on a node named 'creative_fatigue' in package '' which was not found
[0m20:59:29.775024 [warn ] [MainThread]: [[33mWARNING[0m]: Test 'test.analytics.accepted_values_creative_fatigue_source_platform__google_ads__meta_ads__linkedin_ads.780cea669b' (models/cortex_v2/marts/_mart_models.yml) depends on a node named 'creative_fatigue' in package '' which was not found
[0m20:59:29.775171 [warn ] [MainThread]: [[33mWARNING[0m]: Test 'test.analytics.not_null_creative_fatigue_date.99d5ba2540' (models/cortex_v2/marts/_mart_models.yml) depends on a node named 'creative_fatigue' in package '' which was not found
[0m20:59:29.775318 [warn ] [MainThread]: [[33mWARNING[0m]: Test 'test.analytics.dbt_expectations_expect_column_values_to_be_between_creative_fatigue_impressions__100.28fb53b254' (models/cortex_v2/marts/_mart_models.yml) depends on a node named 'creative_fatigue' in package '' which was not found
[0m20:59:29.775492 [warn ] [MainThread]: [[33mWARNING[0m]: Test 'test.analytics.dbt_expectations_expect_column_values_to_be_between_creative_fatigue_clicks__0.5b420934ee' (models/cortex_v2/marts/_mart_models.yml) depends on a node named 'creative_fatigue' in package '' which was not found
[0m20:59:29.775631 [warn ] [MainThread]: [[33mWARNING[0m]: Test 'test.analytics.dbt_expectations_expect_column_values_to_be_between_creative_fatigue_spend__0.ef9503cb4c' (models/cortex_v2/marts/_mart_models.yml) depends on a node named 'creative_fatigue' in package '' which was not found
[0m20:59:29.775769 [warn ] [MainThread]: [[33mWARNING[0m]: Test 'test.analytics.dbt_expectations_expect_column_values_to_be_between_creative_fatigue_ctr__100__0.ac5c1a8023' (models/cortex_v2/marts/_mart_models.yml) depends on a node named 'creative_fatigue' in package '' which was not found
[0m20:59:29.775911 [warn ] [MainThread]: [[33mWARNING[0m]: Test 'test.analytics.dbt_expectations_expect_column_values_to_be_between_creative_fatigue_ctr_7day_avg__100__0.c2acadb6d6' (models/cortex_v2/marts/_mart_models.yml) depends on a node named 'creative_fatigue' in package '' which was not found
[0m20:59:29.776053 [warn ] [MainThread]: [[33mWARNING[0m]: Test 'test.analytics.dbt_expectations_expect_column_values_to_be_between_creative_fatigue_baseline_ctr__100__0.db77b591eb' (models/cortex_v2/marts/_mart_models.yml) depends on a node named 'creative_fatigue' in package '' which was not found
[0m20:59:29.776191 [warn ] [MainThread]: [[33mWARNING[0m]: Test 'test.analytics.dbt_expectations_expect_column_values_to_be_between_creative_fatigue_ctr_change_pct__10___1.c9d997617a' (models/cortex_v2/marts/_mart_models.yml) depends on a node named 'creative_fatigue' in package '' which was not found
[0m20:59:29.776331 [warn ] [MainThread]: [[33mWARNING[0m]: Test 'test.analytics.not_null_creative_fatigue_fatigue_status.aaa694c3b4' (models/cortex_v2/marts/_mart_models.yml) depends on a node named 'creative_fatigue' in package '' which was not found
[0m20:59:29.776512 [warn ] [MainThread]: [[33mWARNING[0m]: Test 'test.analytics.accepted_values_creative_fatigue_fatigue_status__FATIGUED__WARNING__HEALTHY.9a9f068e72' (models/cortex_v2/marts/_mart_models.yml) depends on a node named 'creative_fatigue' in package '' which was not found
[0m20:59:29.776682 [warn ] [MainThread]: [[33mWARNING[0m]: Test 'test.analytics.not_null_creative_performance_account_id.2fd73e70fb' (models/cortex_v2/marts/_mart_models.yml) depends on a node named 'creative_performance' in package '' which was not found
[0m20:59:29.776836 [warn ] [MainThread]: [[33mWARNING[0m]: Test 'test.analytics.not_null_creative_performance_ad_id.8262dca89b' (models/cortex_v2/marts/_mart_models.yml) depends on a node named 'creative_performance' in package '' which was not found
[0m20:59:29.777007 [warn ] [MainThread]: [[33mWARNING[0m]: Test 'test.analytics.not_null_creative_performance_source_platform.970c191c0e' (models/cortex_v2/marts/_mart_models.yml) depends on a node named 'creative_performance' in package '' which was not found
[0m20:59:29.777153 [warn ] [MainThread]: [[33mWARNING[0m]: Test 'test.analytics.accepted_values_creative_performance_source_platform__google_ads__meta_ads__linkedin_ads.daf4217a01' (models/cortex_v2/marts/_mart_models.yml) depends on a node named 'creative_performance' in package '' which was not found
[0m20:59:29.777299 [warn ] [MainThread]: [[33mWARNING[0m]: Test 'test.analytics.dbt_expectations_expect_column_values_to_be_between_creative_performance_total_impressions__0.0f18650691' (models/cortex_v2/marts/_mart_models.yml) depends on a node named 'creative_performance' in package '' which was not found
[0m20:59:29.778125 [warn ] [MainThread]: [[33mWARNING[0m]: Test 'test.analytics.dbt_expectations_expect_column_values_to_be_between_creative_performance_total_clicks__0.8dbe232b9e' (models/cortex_v2/marts/_mart_models.yml) depends on a node named 'creative_performance' in package '' which was not found
[0m20:59:29.778825 [warn ] [MainThread]: [[33mWARNING[0m]: Test 'test.analytics.dbt_expectations_expect_column_values_to_be_between_creative_performance_total_spend__0.8ec34f839c' (models/cortex_v2/marts/_mart_models.yml) depends on a node named 'creative_performance' in package '' which was not found
[0m20:59:29.779680 [warn ] [MainThread]: [[33mWARNING[0m]: Test 'test.analytics.dbt_expectations_expect_column_values_to_be_between_creative_performance_total_conversions__0.77c0038b0f' (models/cortex_v2/marts/_mart_models.yml) depends on a node named 'creative_performance' in package '' which was not found
[0m20:59:29.780152 [warn ] [MainThread]: [[33mWARNING[0m]: Test 'test.analytics.dbt_expectations_expect_column_values_to_be_between_creative_performance_ctr__100__0.6788b246ec' (models/cortex_v2/marts/_mart_models.yml) depends on a node named 'creative_performance' in package '' which was not found
[0m20:59:29.780520 [warn ] [MainThread]: [[33mWARNING[0m]: Test 'test.analytics.dbt_expectations_expect_column_values_to_be_between_creative_performance_roas__0.e3eef45bfb' (models/cortex_v2/marts/_mart_models.yml) depends on a node named 'creative_performance' in package '' which was not found
[0m20:59:29.780795 [warn ] [MainThread]: [[33mWARNING[0m]: Test 'test.analytics.not_null_creative_performance_first_seen_date.1a7661c39a' (models/cortex_v2/marts/_mart_models.yml) depends on a node named 'creative_performance' in package '' which was not found
[0m20:59:29.781093 [warn ] [MainThread]: [[33mWARNING[0m]: Test 'test.analytics.not_null_creative_performance_last_active_date.af004a8cab' (models/cortex_v2/marts/_mart_models.yml) depends on a node named 'creative_performance' in package '' which was not found
[0m20:59:29.781506 [warn ] [MainThread]: [[33mWARNING[0m]: Test 'test.analytics.not_null_creative_performance_fatigue_status.63d52cba4e' (models/cortex_v2/marts/_mart_models.yml) depends on a node named 'creative_performance' in package '' which was not found
[0m20:59:29.781838 [warn ] [MainThread]: [[33mWARNING[0m]: Test 'test.analytics.accepted_values_creative_performance_fatigue_status__FATIGUED__WARNING__HEALTHY__UNKNOWN.9c52b883ed' (models/cortex_v2/marts/_mart_models.yml) depends on a node named 'creative_performance' in package '' which was not found
[0m20:59:29.782286 [warn ] [MainThread]: [[33mWARNING[0m]: Test 'test.analytics.not_null_audience_performance_account_id.f57003994d' (models/cortex_v2/marts/_mart_models.yml) depends on a node named 'audience_performance' in package '' which was not found
[0m20:59:29.782635 [warn ] [MainThread]: [[33mWARNING[0m]: Test 'test.analytics.not_null_audience_performance_source_platform.5160d84e1c' (models/cortex_v2/marts/_mart_models.yml) depends on a node named 'audience_performance' in package '' which was not found
[0m20:59:29.783027 [warn ] [MainThread]: [[33mWARNING[0m]: Test 'test.analytics.accepted_values_audience_performance_source_platform__GOOGLE_ADS__META_ADS__LINKEDIN_ADS.d16505818b' (models/cortex_v2/marts/_mart_models.yml) depends on a node named 'audience_performance' in package '' which was not found
[0m20:59:29.783353 [warn ] [MainThread]: [[33mWARNING[0m]: Test 'test.analytics.not_null_audience_performance_campaign_id.135625fccc' (models/cortex_v2/marts/_mart_models.yml) depends on a node named 'audience_performance' in package '' which was not found
[0m20:59:29.783705 [warn ] [MainThread]: [[33mWARNING[0m]: Test 'test.analytics.not_null_audience_performance_demographic_type.f300e98b6b' (models/cortex_v2/marts/_mart_models.yml) depends on a node named 'audience_performance' in package '' which was not found
[0m20:59:29.783974 [warn ] [MainThread]: [[33mWARNING[0m]: Test 'test.analytics.accepted_values_audience_performance_demographic_type__age__gender__location__device__company_size__seniority__industry.05ef083c21' (models/cortex_v2/marts/_mart_models.yml) depends on a node named 'audience_performance' in package '' which was not found
[0m20:59:29.784275 [warn ] [MainThread]: [[33mWARNING[0m]: Test 'test.analytics.not_null_audience_performance_demographic_value.c303562574' (models/cortex_v2/marts/_mart_models.yml) depends on a node named 'audience_performance' in package '' which was not found
[0m20:59:29.784620 [warn ] [MainThread]: [[33mWARNING[0m]: Test 'test.analytics.not_null_audience_performance_date.881d1babb4' (models/cortex_v2/marts/_mart_models.yml) depends on a node named 'audience_performance' in package '' which was not found
[0m20:59:29.784972 [warn ] [MainThread]: [[33mWARNING[0m]: Test 'test.analytics.dbt_expectations_expect_column_values_to_be_between_audience_performance_impressions__0.7ad963a49c' (models/cortex_v2/marts/_mart_models.yml) depends on a node named 'audience_performance' in package '' which was not found
[0m20:59:29.785171 [warn ] [MainThread]: [[33mWARNING[0m]: Test 'test.analytics.dbt_expectations_expect_column_values_to_be_between_audience_performance_clicks__0.d4ab628b89' (models/cortex_v2/marts/_mart_models.yml) depends on a node named 'audience_performance' in package '' which was not found
[0m20:59:29.785339 [warn ] [MainThread]: [[33mWARNING[0m]: Test 'test.analytics.dbt_expectations_expect_column_values_to_be_between_audience_performance_spend__0.4404a0021f' (models/cortex_v2/marts/_mart_models.yml) depends on a node named 'audience_performance' in package '' which was not found
[0m20:59:29.785502 [warn ] [MainThread]: [[33mWARNING[0m]: Test 'test.analytics.dbt_expectations_expect_column_values_to_be_between_audience_performance_conversions__0.66084d90ad' (models/cortex_v2/marts/_mart_models.yml) depends on a node named 'audience_performance' in package '' which was not found
[0m20:59:29.785658 [warn ] [MainThread]: [[33mWARNING[0m]: Test 'test.analytics.dbt_expectations_expect_column_values_to_be_between_audience_performance_conversion_value__0.29fe78646c' (models/cortex_v2/marts/_mart_models.yml) depends on a node named 'audience_performance' in package '' which was not found
[0m20:59:29.785965 [warn ] [MainThread]: [[33mWARNING[0m]: Test 'test.analytics.dbt_expectations_expect_column_values_to_be_between_audience_performance_ctr__100__0.896529f411' (models/cortex_v2/marts/_mart_models.yml) depends on a node named 'audience_performance' in package '' which was not found
[0m20:59:29.786240 [warn ] [MainThread]: [[33mWARNING[0m]: Test 'test.analytics.dbt_expectations_expect_column_values_to_be_between_audience_performance_cpc__0.1be3b90f80' (models/cortex_v2/marts/_mart_models.yml) depends on a node named 'audience_performance' in package '' which was not found
[0m20:59:29.786399 [warn ] [MainThread]: [[33mWARNING[0m]: Test 'test.analytics.dbt_expectations_expect_column_values_to_be_between_audience_performance_cpa__0.88341c58e3' (models/cortex_v2/marts/_mart_models.yml) depends on a node named 'audience_performance' in package '' which was not found
[0m20:59:29.786552 [warn ] [MainThread]: [[33mWARNING[0m]: Test 'test.analytics.dbt_expectations_expect_column_values_to_be_between_audience_performance_roas__0.7cdb6de017' (models/cortex_v2/marts/_mart_models.yml) depends on a node named 'audience_performance' in package '' which was not found
[0m20:59:29.786745 [warn ] [MainThread]: [[33mWARNING[0m]: Test 'test.analytics.not_null_int_campaigns_unified_account_id.a949359a77' (models/cortex_v2/intermediate/_intermediate_models.yml) depends on a node named 'int_campaigns_unified' in package '' which was not found
[0m20:59:29.786893 [warn ] [MainThread]: [[33mWARNING[0m]: Test 'test.analytics.not_null_int_campaigns_unified_campaign_id.d15fb20e9e' (models/cortex_v2/intermediate/_intermediate_models.yml) depends on a node named 'int_campaigns_unified' in package '' which was not found
[0m20:59:29.787037 [warn ] [MainThread]: [[33mWARNING[0m]: Test 'test.analytics.not_null_int_campaigns_unified_date.066b46a02b' (models/cortex_v2/intermediate/_intermediate_models.yml) depends on a node named 'int_campaigns_unified' in package '' which was not found
[0m20:59:29.787328 [warn ] [MainThread]: [[33mWARNING[0m]: Test 'test.analytics.not_null_int_campaigns_unified_source_platform.98f63da956' (models/cortex_v2/intermediate/_intermediate_models.yml) depends on a node named 'int_campaigns_unified' in package '' which was not found
[0m20:59:29.787500 [warn ] [MainThread]: [[33mWARNING[0m]: Test 'test.analytics.accepted_values_int_campaigns_unified_source_platform__google_ads__meta_ads__linkedin_ads.4e0b7e765d' (models/cortex_v2/intermediate/_intermediate_models.yml) depends on a node named 'int_campaigns_unified' in package '' which was not found
[0m20:59:29.787657 [warn ] [MainThread]: [[33mWARNING[0m]: Test 'test.analytics.not_null_int_ad_groups_unified_account_id.fe5ee808b0' (models/cortex_v2/intermediate/_intermediate_models.yml) depends on a node named 'int_ad_groups_unified' in package '' which was not found
[0m20:59:29.787806 [warn ] [MainThread]: [[33mWARNING[0m]: Test 'test.analytics.not_null_int_ad_groups_unified_campaign_id.a711d0c6ed' (models/cortex_v2/intermediate/_intermediate_models.yml) depends on a node named 'int_ad_groups_unified' in package '' which was not found
[0m20:59:29.788132 [warn ] [MainThread]: [[33mWARNING[0m]: Test 'test.analytics.not_null_int_ad_groups_unified_ad_group_id.dbef03c0d7' (models/cortex_v2/intermediate/_intermediate_models.yml) depends on a node named 'int_ad_groups_unified' in package '' which was not found
[0m20:59:29.788291 [warn ] [MainThread]: [[33mWARNING[0m]: Test 'test.analytics.not_null_int_ad_groups_unified_date.8be5154544' (models/cortex_v2/intermediate/_intermediate_models.yml) depends on a node named 'int_ad_groups_unified' in package '' which was not found
[0m20:59:29.788430 [warn ] [MainThread]: [[33mWARNING[0m]: Test 'test.analytics.not_null_int_ad_groups_unified_source_platform.136e748623' (models/cortex_v2/intermediate/_intermediate_models.yml) depends on a node named 'int_ad_groups_unified' in package '' which was not found
[0m20:59:29.788573 [warn ] [MainThread]: [[33mWARNING[0m]: Test 'test.analytics.accepted_values_int_ad_groups_unified_source_platform__google_ads__meta_ads__linkedin_ads.ead124c9ea' (models/cortex_v2/intermediate/_intermediate_models.yml) depends on a node named 'int_ad_groups_unified' in package '' which was not found
[0m20:59:29.788718 [warn ] [MainThread]: [[33mWARNING[0m]: Test 'test.analytics.not_null_int_ads_unified_account_id.e32fc3cac9' (models/cortex_v2/intermediate/_intermediate_models.yml) depends on a node named 'int_ads_unified' in package '' which was not found
[0m20:59:29.788887 [warn ] [MainThread]: [[33mWARNING[0m]: Test 'test.analytics.not_null_int_ads_unified_campaign_id.6d55b7658f' (models/cortex_v2/intermediate/_intermediate_models.yml) depends on a node named 'int_ads_unified' in package '' which was not found
[0m20:59:29.789041 [warn ] [MainThread]: [[33mWARNING[0m]: Test 'test.analytics.not_null_int_ads_unified_ad_group_id.95b8a97b0e' (models/cortex_v2/intermediate/_intermediate_models.yml) depends on a node named 'int_ads_unified' in package '' which was not found
[0m20:59:29.789206 [warn ] [MainThread]: [[33mWARNING[0m]: Test 'test.analytics.not_null_int_ads_unified_ad_id.fa06b94b63' (models/cortex_v2/intermediate/_intermediate_models.yml) depends on a node named 'int_ads_unified' in package '' which was not found
[0m20:59:29.789351 [warn ] [MainThread]: [[33mWARNING[0m]: Test 'test.analytics.not_null_int_ads_unified_date.653817fd22' (models/cortex_v2/intermediate/_intermediate_models.yml) depends on a node named 'int_ads_unified' in package '' which was not found
[0m20:59:29.789871 [warn ] [MainThread]: [[33mWARNING[0m]: Test 'test.analytics.not_null_int_ads_unified_source_platform.3fee8e953a' (models/cortex_v2/intermediate/_intermediate_models.yml) depends on a node named 'int_ads_unified' in package '' which was not found
[0m20:59:29.790534 [warn ] [MainThread]: [[33mWARNING[0m]: Test 'test.analytics.accepted_values_int_ads_unified_source_platform__google_ads__meta_ads__linkedin_ads.219f8efefe' (models/cortex_v2/intermediate/_intermediate_models.yml) depends on a node named 'int_ads_unified' in package '' which was not found
[0m20:59:29.791287 [warn ] [MainThread]: [[33mWARNING[0m]: Test 'test.analytics.not_null_int_fivetran_campaigns_unified_account_id.1a40965926' (models/cortex_v2/intermediate/_intermediate_models.yml) depends on a node named 'int_fivetran_campaigns_unified' in package '' which was not found
[0m20:59:29.791791 [warn ] [MainThread]: [[33mWARNING[0m]: Test 'test.analytics.not_null_int_fivetran_campaigns_unified_campaign_id.e4262a63ce' (models/cortex_v2/intermediate/_intermediate_models.yml) depends on a node named 'int_fivetran_campaigns_unified' in package '' which was not found
[0m20:59:29.792040 [warn ] [MainThread]: [[33mWARNING[0m]: Test 'test.analytics.not_null_int_fivetran_campaigns_unified_date.72b054b82c' (models/cortex_v2/intermediate/_intermediate_models.yml) depends on a node named 'int_fivetran_campaigns_unified' in package '' which was not found
[0m20:59:29.792607 [warn ] [MainThread]: [[33mWARNING[0m]: Test 'test.analytics.not_null_int_fivetran_campaigns_unified_source_platform.af2767ff61' (models/cortex_v2/intermediate/_intermediate_models.yml) depends on a node named 'int_fivetran_campaigns_unified' in package '' which was not found
[0m20:59:29.792985 [warn ] [MainThread]: [[33mWARNING[0m]: Test 'test.analytics.accepted_values_int_fivetran_campaigns_unified_source_platform__google_ads__meta_ads__linkedin_ads__tiktok_ads.9289bea954' (models/cortex_v2/intermediate/_intermediate_models.yml) depends on a node named 'int_fivetran_campaigns_unified' in package '' which was not found
[0m20:59:29.793170 [warn ] [MainThread]: [[33mWARNING[0m]: Test 'test.analytics.not_null_int_fivetran_conversions_campaign_id.8e50a62a91' (models/cortex_v2/intermediate/_intermediate_models.yml) depends on a node named 'int_fivetran_conversions' in package '' which was not found
[0m20:59:29.793325 [warn ] [MainThread]: [[33mWARNING[0m]: Test 'test.analytics.not_null_int_fivetran_conversions_date.dc1a84c044' (models/cortex_v2/intermediate/_intermediate_models.yml) depends on a node named 'int_fivetran_conversions' in package '' which was not found
[0m20:59:29.793474 [warn ] [MainThread]: [[33mWARNING[0m]: Test 'test.analytics.not_null_int_fivetran_conversions_event_name.acdc8f5f71' (models/cortex_v2/intermediate/_intermediate_models.yml) depends on a node named 'int_fivetran_conversions' in package '' which was not found
[0m20:59:29.793619 [warn ] [MainThread]: [[33mWARNING[0m]: Test 'test.analytics.not_null_int_fivetran_conversions_platform.fd75b41117' (models/cortex_v2/intermediate/_intermediate_models.yml) depends on a node named 'int_fivetran_conversions' in package '' which was not found
[0m20:59:29.793764 [warn ] [MainThread]: [[33mWARNING[0m]: Test 'test.analytics.accepted_values_int_fivetran_conversions_platform__google_ads__meta_ads__linkedin_ads__tiktok_ads.ac6b339e44' (models/cortex_v2/intermediate/_intermediate_models.yml) depends on a node named 'int_fivetran_conversions' in package '' which was not found
[0m20:59:29.882252 [debug] [MainThread]: Sending event: {'category': 'dbt', 'action': 'load_project', 'label': '04628714-f4bf-4f63-9c60-b5f196a7bf5d', 'context': [<snowplow_tracker.self_describing_json.SelfDescribingJson object at 0x11e6b2090>]}
[0m20:59:29.958902 [debug] [MainThread]: Wrote artifact WritableManifest to /Users/riley/Documents/GitHub/dbt-lattara-cortex/target/manifest.json
[0m20:59:29.960726 [debug] [MainThread]: Wrote artifact SemanticManifest to /Users/riley/Documents/GitHub/dbt-lattara-cortex/target/semantic_manifest.json
[0m20:59:29.984175 [debug] [MainThread]: Sending event: {'category': 'dbt', 'action': 'resource_counts', 'label': '04628714-f4bf-4f63-9c60-b5f196a7bf5d', 'context': [<snowplow_tracker.self_describing_json.SelfDescribingJson object at 0x11e81cb90>]}
[0m20:59:29.984554 [info ] [MainThread]: Found 50 models, 4 seeds, 20 data tests, 53 sources, 543 macros
[0m20:59:29.984755 [debug] [MainThread]: Sending event: {'category': 'dbt', 'action': 'runnable_timing', 'label': '04628714-f4bf-4f63-9c60-b5f196a7bf5d', 'context': [<snowplow_tracker.self_describing_json.SelfDescribingJson object at 0x11e0abc10>]}
[0m20:59:29.986535 [info ] [MainThread]: 
[0m20:59:29.986717 [info ] [MainThread]: Concurrency: 4 threads (target='dev')
[0m20:59:29.986839 [info ] [MainThread]: 
[0m20:59:29.987065 [debug] [MainThread]: Acquiring new bigquery connection 'master'
[0m20:59:29.989750 [debug] [ThreadPool]: Acquiring new bigquery connection 'list_res-analytics'
[0m20:59:29.990059 [debug] [ThreadPool]: Acquiring new bigquery connection 'list_res-analytics'
[0m20:59:29.990368 [debug] [ThreadPool]: Opening a new connection, currently in state init
[0m20:59:29.990645 [debug] [ThreadPool]: Opening a new connection, currently in state init
[0m20:59:31.438670 [debug] [ThreadPool]: Re-using an available connection from the pool (formerly list_res-analytics, now list_res-analytics_cortex)
[0m20:59:31.439091 [debug] [ThreadPool]: Re-using an available connection from the pool (formerly list_res-analytics, now list_res-analytics_cortex_marts)
[0m20:59:31.439800 [debug] [ThreadPool]: Acquiring new bigquery connection 'list_res-analytics_allied_team'
[0m20:59:31.440400 [debug] [ThreadPool]: Opening a new connection, currently in state closed
[0m20:59:31.440660 [debug] [ThreadPool]: Acquiring new bigquery connection 'list_res-analytics_com_allied'
[0m20:59:31.440881 [debug] [ThreadPool]: Opening a new connection, currently in state closed
[0m20:59:31.441053 [debug] [ThreadPool]: Opening a new connection, currently in state init
[0m20:59:31.441694 [debug] [ThreadPool]: Opening a new connection, currently in state init
[0m20:59:31.746891 [debug] [MainThread]: Sending event: {'category': 'dbt', 'action': 'runnable_timing', 'label': '04628714-f4bf-4f63-9c60-b5f196a7bf5d', 'context': [<snowplow_tracker.self_describing_json.SelfDescribingJson object at 0x11e45d750>]}
[0m20:59:31.747650 [debug] [MainThread]: Opening a new connection, currently in state init
[0m20:59:31.750107 [debug] [Thread-1 (]: Began running node model.analytics.accounts
[0m20:59:31.750420 [debug] [Thread-2 (]: Began running node model.analytics.ad_networks
[0m20:59:31.750974 [debug] [Thread-3 (]: Began running node model.analytics.conversions
[0m20:59:31.751645 [info ] [Thread-1 (]: 1 of 12 START sql incremental model com_allied.accounts ........................ [RUN]
[0m20:59:31.753947 [info ] [Thread-2 (]: 2 of 12 START sql table model cortex.ad_networks ............................... [RUN]
[0m20:59:31.754316 [info ] [Thread-3 (]: 3 of 12 START sql table model com_allied.conversions ........................... [RUN]
[0m20:59:31.754962 [debug] [Thread-1 (]: Re-using an available connection from the pool (formerly list_res-analytics_cortex, now model.analytics.accounts)
[0m20:59:31.755873 [debug] [Thread-2 (]: Re-using an available connection from the pool (formerly list_res-analytics_cortex_marts, now model.analytics.ad_networks)
[0m20:59:31.756328 [debug] [Thread-3 (]: Re-using an available connection from the pool (formerly list_res-analytics_allied_team, now model.analytics.conversions)
[0m20:59:31.756765 [debug] [Thread-1 (]: Began compiling node model.analytics.accounts
[0m20:59:31.757232 [debug] [Thread-2 (]: Began compiling node model.analytics.ad_networks
[0m20:59:31.757693 [debug] [Thread-3 (]: Began compiling node model.analytics.conversions
[0m20:59:31.773457 [debug] [Thread-1 (]: On "model.analytics.accounts": cache miss for schema "res-analytics.com_allied_facebook_ads", this is inefficient
[0m20:59:31.775959 [debug] [Thread-2 (]: Writing injected SQL for node "model.analytics.ad_networks"
[0m20:59:31.785140 [debug] [Thread-3 (]: On "model.analytics.conversions": cache miss for schema "res-analytics.com_allied_google_ads", this is inefficient
[0m20:59:31.785551 [debug] [Thread-1 (]: Opening a new connection, currently in state closed
[0m20:59:31.786129 [debug] [Thread-3 (]: Opening a new connection, currently in state closed
[0m20:59:31.787364 [debug] [Thread-2 (]: Began executing node model.analytics.ad_networks
[0m20:59:31.798944 [debug] [Thread-2 (]: Opening a new connection, currently in state closed
[0m20:59:32.113958 [debug] [Thread-2 (]: Writing runtime sql for node "model.analytics.ad_networks"
[0m20:59:32.114806 [debug] [Thread-2 (]: On model.analytics.ad_networks: /* {"app": "dbt", "dbt_version": "1.11.2", "profile_name": "default", "target_name": "dev", "node_id": "model.analytics.ad_networks"} */

  
    

    create or replace table `res-analytics`.`cortex`.`ad_networks`
      
    
    

    
    OPTIONS()
    as (
      SELECT
  id,
  official_connector_name AS name
FROM `fivetran_metadata.connector_type`
WHERE deleted = FALSE
  AND type = 'Marketing'

UNION ALL

-- Manual additions not in Fivetran
SELECT 'bingads' AS id, 'Bing/Microsoft Ads' AS name
    );
  
[0m20:59:32.116022 [debug] [Thread-3 (]: On "model.analytics.conversions": cache miss for schema "res-analytics.com_allied_facebook_ads", this is inefficient
[0m20:59:32.123662 [debug] [Thread-1 (]: On "model.analytics.accounts": cache miss for schema "res-analytics.com_allied_google_ads", this is inefficient
[0m20:59:32.293129 [debug] [Thread-3 (]: On "model.analytics.conversions": cache miss for schema "res-analytics.com_allied_facebook_ads", this is inefficient
[0m20:59:32.305475 [debug] [Thread-1 (]: On "model.analytics.accounts": cache miss for schema "res-analytics.com_allied_linkedin_ads", this is inefficient
[0m20:59:32.528676 [debug] [Thread-1 (]: On "model.analytics.accounts": cache miss for schema "res-analytics.com_allied_tiktok_ads", this is inefficient
[0m20:59:32.538943 [debug] [Thread-3 (]: On "model.analytics.conversions": cache miss for schema "res-analytics.com_allied_linkedin_ads", this is inefficient
[0m20:59:32.715127 [debug] [Thread-3 (]: On "model.analytics.conversions": cache miss for schema "res-analytics.com_allied_tiktok_ads", this is inefficient
[0m20:59:32.717311 [debug] [Thread-1 (]: Writing injected SQL for node "model.analytics.accounts"
[0m20:59:32.717779 [debug] [Thread-1 (]: Began executing node model.analytics.accounts
[0m20:59:32.880843 [debug] [Thread-3 (]: On "model.analytics.conversions": cache miss for schema "res-analytics.com_allied_tiktok_ads", this is inefficient
[0m20:59:32.905174 [debug] [Thread-2 (]: BigQuery adapter: https://console.cloud.google.com/bigquery?project=res-analytics&j=bq:US:77733f8b-4c35-4d7a-a9ce-f6a076b56b83&page=queryresults
[0m20:59:32.967775 [debug] [Thread-1 (]: On model.analytics.accounts: /* {"app": "dbt", "dbt_version": "1.11.2", "profile_name": "default", "target_name": "dev", "node_id": "model.analytics.accounts"} */
select * from (
        


WITH facebook_latest AS (
  
  SELECT
    CAST(NULL AS STRING) as id,
    CAST(NULL AS STRING) as name,
    CAST(NULL AS INT64) as rn
  FROM (SELECT 1) WHERE FALSE
  
),


google_latest AS (
  
  SELECT
    CAST(NULL AS STRING) as id,
    CAST(NULL AS STRING) as name,
    CAST(NULL AS INT64) as rn
  FROM (SELECT 1) WHERE FALSE
  
),



linkedin_latest AS (
  
  SELECT
    CAST(NULL AS STRING) as id,
    CAST(NULL AS STRING) as name,
    CAST(NULL AS INT64) as rn
  FROM (SELECT 1) WHERE FALSE
  
),



tiktok_latest AS (
  
  SELECT
    CAST(NULL AS STRING) as id,
    CAST(NULL AS STRING) as name,
    CAST(NULL AS INT64) as rn
  FROM (SELECT 1) WHERE FALSE
  
),

all_accounts AS (
  SELECT
    CONCAT('facebook_ads_', id) AS id,
    name AS name,
    'facebook_ads' AS ad_network_id,
    CAST(NULL AS STRING) AS product_id,
    CAST('allied-partial' AS STRING) AS organization_id,
    CAST(NULL AS STRING) AS kpi_1,
    CAST(NULL AS STRING) AS kpi_2,
    CAST(NULL AS STRING) AS kpi_3,
    CAST(NULL AS STRING) AS kpi_4,
    CAST(NULL AS STRING) AS kpi_5,
    CAST(NULL AS STRING) AS kpi_6,
    CAST(NULL AS STRING) AS kpi_7,
    CAST(NULL AS STRING) AS kpi_8,
    CAST(NULL AS STRING) AS kpi_9,
    CAST(NULL AS STRING) AS kpi_10
  FROM facebook_latest
  WHERE rn = 1

  UNION ALL

  SELECT
    CONCAT('google_ads_', id) AS id,
    name AS name,
    'google_ads' AS ad_network_id,
    CAST(NULL AS STRING) AS product_id,
    CAST('allied-partial' AS STRING) AS organization_id,
    CAST(NULL AS STRING) AS kpi_1,
    CAST(NULL AS STRING) AS kpi_2,
    CAST(NULL AS STRING) AS kpi_3,
    CAST(NULL AS STRING) AS kpi_4,
    CAST(NULL AS STRING) AS kpi_5,
    CAST(NULL AS STRING) AS kpi_6,
    CAST(NULL AS STRING) AS kpi_7,
    CAST(NULL AS STRING) AS kpi_8,
    CAST(NULL AS STRING) AS kpi_9,
    CAST(NULL AS STRING) AS kpi_10
  FROM google_latest
  WHERE rn = 1

  UNION ALL

  SELECT
    CONCAT('linkedin_ads_', id) AS id,
    name AS name,
    'linkedin_ads' AS ad_network_id,
    CAST(NULL AS STRING) AS product_id,
    CAST('allied-partial' AS STRING) AS organization_id,
    CAST(NULL AS STRING) AS kpi_1,
    CAST(NULL AS STRING) AS kpi_2,
    CAST(NULL AS STRING) AS kpi_3,
    CAST(NULL AS STRING) AS kpi_4,
    CAST(NULL AS STRING) AS kpi_5,
    CAST(NULL AS STRING) AS kpi_6,
    CAST(NULL AS STRING) AS kpi_7,
    CAST(NULL AS STRING) AS kpi_8,
    CAST(NULL AS STRING) AS kpi_9,
    CAST(NULL AS STRING) AS kpi_10
  FROM linkedin_latest
  WHERE rn = 1

  UNION ALL

  SELECT
    CONCAT('tiktok_ads_', id) AS id,
    name AS name,
    'tiktok_ads' AS ad_network_id,
    CAST(NULL AS STRING) AS product_id,
    CAST('allied-partial' AS STRING) AS organization_id,
    CAST(NULL AS STRING) AS kpi_1,
    CAST(NULL AS STRING) AS kpi_2,
    CAST(NULL AS STRING) AS kpi_3,
    CAST(NULL AS STRING) AS kpi_4,
    CAST(NULL AS STRING) AS kpi_5,
    CAST(NULL AS STRING) AS kpi_6,
    CAST(NULL AS STRING) AS kpi_7,
    CAST(NULL AS STRING) AS kpi_8,
    CAST(NULL AS STRING) AS kpi_9,
    CAST(NULL AS STRING) AS kpi_10
  FROM tiktok_latest
  WHERE rn = 1
)

SELECT * FROM all_accounts
    ) as __dbt_sbq
    where false and current_timestamp() = current_timestamp()
    limit 0

[0m20:59:33.118859 [debug] [Thread-3 (]: On "model.analytics.conversions": cache miss for schema "res-analytics.com_allied_bing_ads", this is inefficient
[0m20:59:33.308730 [debug] [Thread-3 (]: Writing injected SQL for node "model.analytics.conversions"
[0m20:59:33.310247 [debug] [Thread-3 (]: Began executing node model.analytics.conversions
[0m20:59:33.393810 [debug] [Thread-1 (]: BigQuery adapter: https://console.cloud.google.com/bigquery?project=res-analytics&j=bq:US:68e02ed9-ba96-4efa-94e1-8027661fce8e&page=queryresults
[0m20:59:33.473025 [debug] [Thread-3 (]: Writing runtime sql for node "model.analytics.conversions"
[0m20:59:33.473723 [debug] [Thread-3 (]: On model.analytics.conversions: /* {"app": "dbt", "dbt_version": "1.11.2", "profile_name": "default", "target_name": "dev", "node_id": "model.analytics.conversions"} */

  
    

    create or replace table `res-analytics`.`com_allied`.`conversions`
      
    
    

    
    OPTIONS()
    as (
      

WITH



google_conv AS (
     
     SELECT
          CAST(NULL AS STRING) as ad_network_id,
          CAST(NULL AS STRING) as account_id,
          CAST(NULL AS STRING) as conversion_name,
          CAST(NULL AS INTEGER) as count
     FROM (SELECT 1) WHERE FALSE
     
),





facebook_conv AS (
     
     SELECT
          CAST(NULL AS STRING) as ad_network_id,
          CAST(NULL AS STRING) as account_id,
          CAST(NULL AS STRING) as conversion_name,
          CAST(NULL AS INTEGER) as count
     FROM (SELECT 1) WHERE FALSE
     
),



linkedin_conv as (
     
     SELECT
          CAST(NULL AS STRING) as ad_network_id,
          CAST(NULL AS STRING) as account_id,
          CAST(NULL AS STRING) as conversion_name,
          CAST(NULL AS INTEGER) as count
     FROM (SELECT 1) WHERE FALSE
     
),



tiktok_conv as (

SELECT
     CAST(NULL AS STRING) as ad_network_id,
     CAST(NULL AS STRING) as account_id,
     CAST(NULL AS STRING) as conversion_name,
     CAST(NULL AS INTEGER) as count
FROM (SELECT 1) WHERE FALSE

),



bing_conv as (

SELECT
     CAST(NULL AS STRING) as ad_network_id,
     CAST(NULL AS STRING) as account_id,
     CAST(NULL AS STRING) as conversion_name,
     CAST(NULL AS INTEGER) as count
FROM (SELECT 1) WHERE FALSE

)

select * from google_conv

union all

select * from facebook_conv

union all

select * from linkedin_conv

union all

select * from tiktok_conv

union all

select * from bing_conv
    );
  
[0m20:59:33.581111 [debug] [Thread-1 (]: SQL status: OK in 0.186 seconds
[0m20:59:33.593013 [debug] [Thread-1 (]: On model.analytics.accounts: /* {"app": "dbt", "dbt_version": "1.11.2", "profile_name": "default", "target_name": "dev", "node_id": "model.analytics.accounts"} */
select * from (
        select
    
      
    cast(null as STRING)
 as id, 
      
    cast(null as STRING)
 as name, 
      
    cast(null as STRING)
 as ad_network_id, 
      
    cast(null as STRING)
 as product_id, 
      
    cast(null as STRING)
 as organization_id, 
      
    cast(null as STRING)
 as kpi_1, 
      
    cast(null as STRING)
 as kpi_2, 
      
    cast(null as STRING)
 as kpi_3, 
      
    cast(null as STRING)
 as kpi_4, 
      
    cast(null as STRING)
 as kpi_5, 
      
    cast(null as STRING)
 as kpi_6, 
      
    cast(null as STRING)
 as kpi_7, 
      
    cast(null as STRING)
 as kpi_8, 
      
    cast(null as STRING)
 as kpi_9, 
      
    cast(null as STRING)
 as kpi_10
    ) as __dbt_sbq
    where false and current_timestamp() = current_timestamp()
    limit 0

[0m20:59:33.854229 [debug] [Thread-3 (]: BigQuery adapter: https://console.cloud.google.com/bigquery?project=res-analytics&j=bq:US:6c694680-2944-40eb-b491-14c22dc633b6&page=queryresults
[0m20:59:33.893522 [debug] [Thread-1 (]: BigQuery adapter: https://console.cloud.google.com/bigquery?project=res-analytics&j=bq:US:e3937e7b-4097-4dd4-b493-4559b8e4440d&page=queryresults
[0m20:59:34.088867 [debug] [Thread-1 (]: SQL status: OK in 0.194 seconds
[0m20:59:34.110864 [debug] [Thread-1 (]: Writing runtime sql for node "model.analytics.accounts"
[0m20:59:34.111668 [debug] [Thread-1 (]: On model.analytics.accounts: /* {"app": "dbt", "dbt_version": "1.11.2", "profile_name": "default", "target_name": "dev", "node_id": "model.analytics.accounts"} */

  
    

    create or replace table `res-analytics`.`com_allied`.`accounts`
        
  (
    id STRING,
    name STRING,
    ad_network_id STRING,
    product_id STRING,
    organization_id STRING,
    kpi_1 STRING,
    kpi_2 STRING,
    kpi_3 STRING,
    kpi_4 STRING,
    kpi_5 STRING,
    kpi_6 STRING,
    kpi_7 STRING,
    kpi_8 STRING,
    kpi_9 STRING,
    kpi_10 STRING
    
    )

      
    
    

    
    OPTIONS()
    as (
      
    select id, name, ad_network_id, product_id, organization_id, kpi_1, kpi_2, kpi_3, kpi_4, kpi_5, kpi_6, kpi_7, kpi_8, kpi_9, kpi_10
    from (
        


WITH facebook_latest AS (
  
  SELECT
    CAST(NULL AS STRING) as id,
    CAST(NULL AS STRING) as name,
    CAST(NULL AS INT64) as rn
  FROM (SELECT 1) WHERE FALSE
  
),


google_latest AS (
  
  SELECT
    CAST(NULL AS STRING) as id,
    CAST(NULL AS STRING) as name,
    CAST(NULL AS INT64) as rn
  FROM (SELECT 1) WHERE FALSE
  
),



linkedin_latest AS (
  
  SELECT
    CAST(NULL AS STRING) as id,
    CAST(NULL AS STRING) as name,
    CAST(NULL AS INT64) as rn
  FROM (SELECT 1) WHERE FALSE
  
),



tiktok_latest AS (
  
  SELECT
    CAST(NULL AS STRING) as id,
    CAST(NULL AS STRING) as name,
    CAST(NULL AS INT64) as rn
  FROM (SELECT 1) WHERE FALSE
  
),

all_accounts AS (
  SELECT
    CONCAT('facebook_ads_', id) AS id,
    name AS name,
    'facebook_ads' AS ad_network_id,
    CAST(NULL AS STRING) AS product_id,
    CAST('allied-partial' AS STRING) AS organization_id,
    CAST(NULL AS STRING) AS kpi_1,
    CAST(NULL AS STRING) AS kpi_2,
    CAST(NULL AS STRING) AS kpi_3,
    CAST(NULL AS STRING) AS kpi_4,
    CAST(NULL AS STRING) AS kpi_5,
    CAST(NULL AS STRING) AS kpi_6,
    CAST(NULL AS STRING) AS kpi_7,
    CAST(NULL AS STRING) AS kpi_8,
    CAST(NULL AS STRING) AS kpi_9,
    CAST(NULL AS STRING) AS kpi_10
  FROM facebook_latest
  WHERE rn = 1

  UNION ALL

  SELECT
    CONCAT('google_ads_', id) AS id,
    name AS name,
    'google_ads' AS ad_network_id,
    CAST(NULL AS STRING) AS product_id,
    CAST('allied-partial' AS STRING) AS organization_id,
    CAST(NULL AS STRING) AS kpi_1,
    CAST(NULL AS STRING) AS kpi_2,
    CAST(NULL AS STRING) AS kpi_3,
    CAST(NULL AS STRING) AS kpi_4,
    CAST(NULL AS STRING) AS kpi_5,
    CAST(NULL AS STRING) AS kpi_6,
    CAST(NULL AS STRING) AS kpi_7,
    CAST(NULL AS STRING) AS kpi_8,
    CAST(NULL AS STRING) AS kpi_9,
    CAST(NULL AS STRING) AS kpi_10
  FROM google_latest
  WHERE rn = 1

  UNION ALL

  SELECT
    CONCAT('linkedin_ads_', id) AS id,
    name AS name,
    'linkedin_ads' AS ad_network_id,
    CAST(NULL AS STRING) AS product_id,
    CAST('allied-partial' AS STRING) AS organization_id,
    CAST(NULL AS STRING) AS kpi_1,
    CAST(NULL AS STRING) AS kpi_2,
    CAST(NULL AS STRING) AS kpi_3,
    CAST(NULL AS STRING) AS kpi_4,
    CAST(NULL AS STRING) AS kpi_5,
    CAST(NULL AS STRING) AS kpi_6,
    CAST(NULL AS STRING) AS kpi_7,
    CAST(NULL AS STRING) AS kpi_8,
    CAST(NULL AS STRING) AS kpi_9,
    CAST(NULL AS STRING) AS kpi_10
  FROM linkedin_latest
  WHERE rn = 1

  UNION ALL

  SELECT
    CONCAT('tiktok_ads_', id) AS id,
    name AS name,
    'tiktok_ads' AS ad_network_id,
    CAST(NULL AS STRING) AS product_id,
    CAST('allied-partial' AS STRING) AS organization_id,
    CAST(NULL AS STRING) AS kpi_1,
    CAST(NULL AS STRING) AS kpi_2,
    CAST(NULL AS STRING) AS kpi_3,
    CAST(NULL AS STRING) AS kpi_4,
    CAST(NULL AS STRING) AS kpi_5,
    CAST(NULL AS STRING) AS kpi_6,
    CAST(NULL AS STRING) AS kpi_7,
    CAST(NULL AS STRING) AS kpi_8,
    CAST(NULL AS STRING) AS kpi_9,
    CAST(NULL AS STRING) AS kpi_10
  FROM tiktok_latest
  WHERE rn = 1
)

SELECT * FROM all_accounts
    ) as model_subq
    );
  
[0m20:59:34.538787 [debug] [Thread-1 (]: BigQuery adapter: https://console.cloud.google.com/bigquery?project=res-analytics&j=bq:US:c911cb7a-7628-4024-b92f-f303d1938986&page=queryresults
[0m20:59:35.377632 [debug] [Thread-3 (]: SQL status: OK in 1.523 seconds
[0m20:59:35.601757 [debug] [Thread-3 (]: Sending event: {'category': 'dbt', 'action': 'run_model', 'label': '04628714-f4bf-4f63-9c60-b5f196a7bf5d', 'context': [<snowplow_tracker.self_describing_json.SelfDescribingJson object at 0x11eae8ed0>]}
[0m20:59:35.602238 [info ] [Thread-3 (]: 3 of 12 OK created sql table model com_allied.conversions ...................... [[32mCREATE TABLE (0.0 rows, 0 processed)[0m in 3.84s]
[0m20:59:35.602556 [debug] [Thread-3 (]: Finished running node model.analytics.conversions
[0m20:59:36.365354 [debug] [Thread-1 (]: SQL status: OK in 1.824 seconds
[0m20:59:36.571579 [debug] [Thread-1 (]: Sending event: {'category': 'dbt', 'action': 'run_model', 'label': '04628714-f4bf-4f63-9c60-b5f196a7bf5d', 'context': [<snowplow_tracker.self_describing_json.SelfDescribingJson object at 0x11eeab510>]}
[0m20:59:36.572944 [info ] [Thread-1 (]: 1 of 12 OK created sql incremental model com_allied.accounts ................... [[32mCREATE TABLE (0.0 rows, 0 processed)[0m in 4.82s]
[0m20:59:36.573749 [debug] [Thread-1 (]: Finished running node model.analytics.accounts
[0m20:59:36.574490 [debug] [Thread-4 (]: Began running node model.analytics.campaigns
[0m20:59:36.575671 [info ] [Thread-4 (]: 4 of 12 START sql incremental model com_allied.campaigns ....................... [RUN]
[0m20:59:36.576515 [debug] [Thread-4 (]: Re-using an available connection from the pool (formerly list_res-analytics_com_allied, now model.analytics.campaigns)
[0m20:59:36.577212 [debug] [Thread-4 (]: Began compiling node model.analytics.campaigns
[0m20:59:36.587784 [debug] [Thread-4 (]: On "model.analytics.campaigns": cache miss for schema "res-analytics.com_allied_facebook_ads", this is inefficient
[0m20:59:36.588124 [debug] [Thread-4 (]: Opening a new connection, currently in state closed
[0m20:59:36.856498 [debug] [Thread-4 (]: On "model.analytics.campaigns": cache miss for schema "res-analytics.com_allied_facebook_ads", this is inefficient
[0m20:59:37.068442 [debug] [Thread-4 (]: On "model.analytics.campaigns": cache miss for schema "res-analytics.com_allied_google_ads", this is inefficient
[0m20:59:37.208141 [debug] [Thread-2 (]: SQL status: OK in 4.302 seconds
[0m20:59:37.271616 [debug] [Thread-4 (]: On "model.analytics.campaigns": cache miss for schema "res-analytics.com_allied_google_ads", this is inefficient
[0m20:59:37.407909 [debug] [Thread-2 (]: Sending event: {'category': 'dbt', 'action': 'run_model', 'label': '04628714-f4bf-4f63-9c60-b5f196a7bf5d', 'context': [<snowplow_tracker.self_describing_json.SelfDescribingJson object at 0x11e682ad0>]}
[0m20:59:37.409124 [info ] [Thread-2 (]: 2 of 12 OK created sql table model cortex.ad_networks .......................... [[32mCREATE TABLE (5.0 rows, 344.0 Bytes processed)[0m in 5.65s]
[0m20:59:37.410176 [debug] [Thread-2 (]: Finished running node model.analytics.ad_networks
[0m20:59:37.475917 [debug] [Thread-4 (]: On "model.analytics.campaigns": cache miss for schema "res-analytics.com_allied_linkedin_ads", this is inefficient
[0m20:59:37.675136 [debug] [Thread-4 (]: On "model.analytics.campaigns": cache miss for schema "res-analytics.com_allied_linkedin_ads", this is inefficient
[0m20:59:37.899297 [debug] [Thread-4 (]: On "model.analytics.campaigns": cache miss for schema "res-analytics.com_allied_tiktok_ads", this is inefficient
[0m20:59:38.092943 [debug] [Thread-4 (]: On "model.analytics.campaigns": cache miss for schema "res-analytics.com_allied_tiktok_ads", this is inefficient
[0m20:59:38.289316 [debug] [Thread-4 (]: Writing injected SQL for node "model.analytics.campaigns"
[0m20:59:38.289963 [debug] [Thread-4 (]: Began executing node model.analytics.campaigns
[0m20:59:38.443730 [debug] [Thread-4 (]: On model.analytics.campaigns: /* {"app": "dbt", "dbt_version": "1.11.2", "profile_name": "default", "target_name": "dev", "node_id": "model.analytics.campaigns"} */
select * from (
        


WITH facebook_campaign_latest AS (
  
  SELECT
    CAST(NULL AS STRING) as id,
    CAST(NULL AS STRING) as name,
    CAST(NULL AS STRING) as account_id,
    CAST(NULL AS INT64) as rn
  FROM (SELECT 1) WHERE FALSE
  
),


facebook_account_latest AS (
  
  SELECT
    CAST(NULL AS STRING) as id,
    CAST(NULL AS STRING) as name,
    CAST(NULL AS INT64) as rn
  FROM (SELECT 1) WHERE FALSE
  
),

facebook_campaigns AS (
  SELECT
    c.id,
    c.name,
    a.id AS account_id
  FROM facebook_campaign_latest c
  INNER JOIN facebook_account_latest a
    ON c.account_id = a.id
    AND a.rn = 1
  WHERE c.rn = 1
),


google_campaign_latest AS (
  
  SELECT
    CAST(NULL AS STRING) as id,
    CAST(NULL AS STRING) as name,
    CAST(NULL AS STRING) as account_id,
    CAST(NULL AS INT64) as rn
  FROM (SELECT 1) WHERE FALSE
  
),


google_account_latest AS (
  
  SELECT
    CAST(NULL AS STRING) as id,
    CAST(NULL AS STRING) as name,
    CAST(NULL AS INT64) as rn
  FROM (SELECT 1) WHERE FALSE
  
),

google_campaigns AS (
  SELECT
    c.id,
    c.name,
    a.id AS account_id
  FROM google_campaign_latest c
  INNER JOIN google_account_latest a
    ON c.account_id = a.id
    AND a.rn = 1
  WHERE c.rn = 1
),

-- LinkedIn hierarchy: Campaign Group = Nexus Campaign, Campaign = Nexus AdSet
-- Using campaign_group_history as the source for campaigns (not campaign_history)


linkedin_campaign_group_latest AS (
  
  SELECT
    CAST(NULL AS STRING) as id,
    CAST(NULL AS STRING) as name,
    CAST(NULL AS STRING) as account_id,
    CAST(NULL AS INT64) as rn
  FROM (SELECT 1) WHERE FALSE
  
),


linkedin_account_latest AS (
  
  SELECT
    CAST(NULL AS STRING) as id,
    CAST(NULL AS STRING) as name,
    CAST(NULL AS INT64) as rn
  FROM (SELECT 1) WHERE FALSE
  
),

linkedin_campaigns AS (
  SELECT
    cg.id,
    cg.name,
    a.id AS account_id
  FROM linkedin_campaign_group_latest cg
  INNER JOIN linkedin_account_latest a
    ON cg.account_id = a.id
    AND a.rn = 1
  WHERE cg.rn = 1
),


tiktok_campaign_latest AS (
  
  SELECT
    CAST(NULL AS STRING) as id,
    CAST(NULL AS STRING) as name,
    CAST(NULL AS STRING) as account_id,
    CAST(NULL AS INT64) as rn
  FROM (SELECT 1) WHERE FALSE
  
),


tiktok_account_latest AS (
  
  SELECT
    CAST(NULL AS STRING) as id,
    CAST(NULL AS STRING) as name,
    CAST(NULL AS INT64) as rn
  FROM (SELECT 1) WHERE FALSE
  
),

tiktok_campaigns AS (
  SELECT
    c.id,
    c.name,
    a.id AS account_id
  FROM tiktok_campaign_latest c
  INNER JOIN tiktok_account_latest a
    ON c.account_id = a.id
    AND a.rn = 1
  WHERE c.rn = 1
),

all_campaigns AS (
  SELECT
    CONCAT('facebook_ads_', CAST(id AS STRING)) AS id,
    name AS campaign_name,
    CONCAT('facebook_ads_', account_id) AS account_id,
    'facebook_ads' AS ad_network_id
  FROM facebook_campaigns

  UNION ALL

  SELECT
    CONCAT('google_ads_', CAST(id AS STRING)) AS id,
    name AS campaign_name,
    CONCAT('google_ads_', account_id) AS account_id,
    'google_ads' AS ad_network_id
  FROM google_campaigns

  UNION ALL

  SELECT
    CONCAT('linkedin_ads_', CAST(id AS STRING)) AS id,
    name AS campaign_name,
    CONCAT('linkedin_ads_', account_id) AS account_id,
    'linkedin_ads' AS ad_network_id
  FROM linkedin_campaigns

  UNION ALL

  SELECT
    CONCAT('tiktok_ads_', CAST(id AS STRING)) AS id,
    name AS campaign_name,
    CONCAT('tiktok_ads_', account_id) AS account_id,
    'tiktok_ads' AS ad_network_id
  FROM tiktok_campaigns
)

SELECT
  c.id,
  c.campaign_name,
  c.account_id,
  c.ad_network_id,
  a.product_id,
  a.organization_id
FROM all_campaigns c
LEFT JOIN `res-analytics`.`com_allied`.`accounts` a
  ON c.account_id = a.id


    ) as __dbt_sbq
    where false and current_timestamp() = current_timestamp()
    limit 0

[0m20:59:38.833528 [debug] [Thread-4 (]: BigQuery adapter: https://console.cloud.google.com/bigquery?project=res-analytics&j=bq:US:a1ab10d2-4c08-4992-be25-42244467b2b0&page=queryresults
[0m20:59:39.006727 [debug] [Thread-4 (]: SQL status: OK in 0.172 seconds
[0m20:59:39.007544 [debug] [Thread-4 (]: On model.analytics.campaigns: /* {"app": "dbt", "dbt_version": "1.11.2", "profile_name": "default", "target_name": "dev", "node_id": "model.analytics.campaigns"} */
select * from (
        select
    
      
    cast(null as STRING)
 as id, 
      
    cast(null as STRING)
 as campaign_name, 
      
    cast(null as STRING)
 as account_id, 
      
    cast(null as STRING)
 as ad_network_id, 
      
    cast(null as STRING)
 as product_id, 
      
    cast(null as STRING)
 as organization_id
    ) as __dbt_sbq
    where false and current_timestamp() = current_timestamp()
    limit 0

[0m20:59:39.322915 [debug] [Thread-4 (]: BigQuery adapter: https://console.cloud.google.com/bigquery?project=res-analytics&j=bq:US:1fa756a5-2741-4e03-9efb-b7967afef02a&page=queryresults
[0m20:59:39.525317 [debug] [Thread-4 (]: SQL status: OK in 0.201 seconds
[0m20:59:39.527906 [debug] [Thread-4 (]: Writing runtime sql for node "model.analytics.campaigns"
[0m20:59:39.528686 [debug] [Thread-4 (]: On model.analytics.campaigns: /* {"app": "dbt", "dbt_version": "1.11.2", "profile_name": "default", "target_name": "dev", "node_id": "model.analytics.campaigns"} */

  
    

    create or replace table `res-analytics`.`com_allied`.`campaigns`
        
  (
    id STRING,
    campaign_name STRING,
    account_id STRING,
    ad_network_id STRING,
    product_id STRING,
    organization_id STRING
    
    )

      
    
    

    
    OPTIONS()
    as (
      
    select id, campaign_name, account_id, ad_network_id, product_id, organization_id
    from (
        


WITH facebook_campaign_latest AS (
  
  SELECT
    CAST(NULL AS STRING) as id,
    CAST(NULL AS STRING) as name,
    CAST(NULL AS STRING) as account_id,
    CAST(NULL AS INT64) as rn
  FROM (SELECT 1) WHERE FALSE
  
),


facebook_account_latest AS (
  
  SELECT
    CAST(NULL AS STRING) as id,
    CAST(NULL AS STRING) as name,
    CAST(NULL AS INT64) as rn
  FROM (SELECT 1) WHERE FALSE
  
),

facebook_campaigns AS (
  SELECT
    c.id,
    c.name,
    a.id AS account_id
  FROM facebook_campaign_latest c
  INNER JOIN facebook_account_latest a
    ON c.account_id = a.id
    AND a.rn = 1
  WHERE c.rn = 1
),


google_campaign_latest AS (
  
  SELECT
    CAST(NULL AS STRING) as id,
    CAST(NULL AS STRING) as name,
    CAST(NULL AS STRING) as account_id,
    CAST(NULL AS INT64) as rn
  FROM (SELECT 1) WHERE FALSE
  
),


google_account_latest AS (
  
  SELECT
    CAST(NULL AS STRING) as id,
    CAST(NULL AS STRING) as name,
    CAST(NULL AS INT64) as rn
  FROM (SELECT 1) WHERE FALSE
  
),

google_campaigns AS (
  SELECT
    c.id,
    c.name,
    a.id AS account_id
  FROM google_campaign_latest c
  INNER JOIN google_account_latest a
    ON c.account_id = a.id
    AND a.rn = 1
  WHERE c.rn = 1
),

-- LinkedIn hierarchy: Campaign Group = Nexus Campaign, Campaign = Nexus AdSet
-- Using campaign_group_history as the source for campaigns (not campaign_history)


linkedin_campaign_group_latest AS (
  
  SELECT
    CAST(NULL AS STRING) as id,
    CAST(NULL AS STRING) as name,
    CAST(NULL AS STRING) as account_id,
    CAST(NULL AS INT64) as rn
  FROM (SELECT 1) WHERE FALSE
  
),


linkedin_account_latest AS (
  
  SELECT
    CAST(NULL AS STRING) as id,
    CAST(NULL AS STRING) as name,
    CAST(NULL AS INT64) as rn
  FROM (SELECT 1) WHERE FALSE
  
),

linkedin_campaigns AS (
  SELECT
    cg.id,
    cg.name,
    a.id AS account_id
  FROM linkedin_campaign_group_latest cg
  INNER JOIN linkedin_account_latest a
    ON cg.account_id = a.id
    AND a.rn = 1
  WHERE cg.rn = 1
),


tiktok_campaign_latest AS (
  
  SELECT
    CAST(NULL AS STRING) as id,
    CAST(NULL AS STRING) as name,
    CAST(NULL AS STRING) as account_id,
    CAST(NULL AS INT64) as rn
  FROM (SELECT 1) WHERE FALSE
  
),


tiktok_account_latest AS (
  
  SELECT
    CAST(NULL AS STRING) as id,
    CAST(NULL AS STRING) as name,
    CAST(NULL AS INT64) as rn
  FROM (SELECT 1) WHERE FALSE
  
),

tiktok_campaigns AS (
  SELECT
    c.id,
    c.name,
    a.id AS account_id
  FROM tiktok_campaign_latest c
  INNER JOIN tiktok_account_latest a
    ON c.account_id = a.id
    AND a.rn = 1
  WHERE c.rn = 1
),

all_campaigns AS (
  SELECT
    CONCAT('facebook_ads_', CAST(id AS STRING)) AS id,
    name AS campaign_name,
    CONCAT('facebook_ads_', account_id) AS account_id,
    'facebook_ads' AS ad_network_id
  FROM facebook_campaigns

  UNION ALL

  SELECT
    CONCAT('google_ads_', CAST(id AS STRING)) AS id,
    name AS campaign_name,
    CONCAT('google_ads_', account_id) AS account_id,
    'google_ads' AS ad_network_id
  FROM google_campaigns

  UNION ALL

  SELECT
    CONCAT('linkedin_ads_', CAST(id AS STRING)) AS id,
    name AS campaign_name,
    CONCAT('linkedin_ads_', account_id) AS account_id,
    'linkedin_ads' AS ad_network_id
  FROM linkedin_campaigns

  UNION ALL

  SELECT
    CONCAT('tiktok_ads_', CAST(id AS STRING)) AS id,
    name AS campaign_name,
    CONCAT('tiktok_ads_', account_id) AS account_id,
    'tiktok_ads' AS ad_network_id
  FROM tiktok_campaigns
)

SELECT
  c.id,
  c.campaign_name,
  c.account_id,
  c.ad_network_id,
  a.product_id,
  a.organization_id
FROM all_campaigns c
LEFT JOIN `res-analytics`.`com_allied`.`accounts` a
  ON c.account_id = a.id


    ) as model_subq
    );
  
[0m20:59:39.934919 [debug] [Thread-4 (]: BigQuery adapter: https://console.cloud.google.com/bigquery?project=res-analytics&j=bq:US:d5794761-bce5-4820-a016-a817cd3b9657&page=queryresults
[0m20:59:41.688469 [debug] [Thread-4 (]: SQL status: OK in 1.752 seconds
[0m20:59:41.849010 [debug] [Thread-4 (]: Sending event: {'category': 'dbt', 'action': 'run_model', 'label': '04628714-f4bf-4f63-9c60-b5f196a7bf5d', 'context': [<snowplow_tracker.self_describing_json.SelfDescribingJson object at 0x11eed6910>]}
[0m20:59:41.850984 [info ] [Thread-4 (]: 4 of 12 OK created sql incremental model com_allied.campaigns .................. [[32mCREATE TABLE (0.0 rows, 0 processed)[0m in 5.27s]
[0m20:59:41.851861 [debug] [Thread-4 (]: Finished running node model.analytics.campaigns
[0m20:59:41.855481 [debug] [Thread-1 (]: Began running node model.analytics.ads
[0m20:59:41.856384 [info ] [Thread-1 (]: 5 of 12 START sql incremental model com_allied.ads ............................. [RUN]
[0m20:59:41.858164 [debug] [Thread-3 (]: Began running node model.analytics.adsets
[0m20:59:41.858376 [debug] [Thread-2 (]: Began running node model.analytics.geo_campaign_daily
[0m20:59:41.858625 [debug] [Thread-1 (]: Re-using an available connection from the pool (formerly model.analytics.accounts, now model.analytics.ads)
[0m20:59:41.858872 [info ] [Thread-3 (]: 6 of 12 START sql incremental model com_allied.adsets .......................... [RUN]
[0m20:59:41.859102 [info ] [Thread-2 (]: 7 of 12 START sql table model cortex.geo_campaign_daily ........................ [RUN]
[0m20:59:41.859278 [debug] [Thread-1 (]: Began compiling node model.analytics.ads
[0m20:59:41.859457 [debug] [Thread-3 (]: Re-using an available connection from the pool (formerly model.analytics.conversions, now model.analytics.adsets)
[0m20:59:41.859671 [debug] [Thread-2 (]: Re-using an available connection from the pool (formerly model.analytics.ad_networks, now model.analytics.geo_campaign_daily)
[0m20:59:41.869068 [debug] [Thread-3 (]: Began compiling node model.analytics.adsets
[0m20:59:41.872958 [debug] [Thread-1 (]: On "model.analytics.ads": cache miss for schema "res-analytics.com_allied_facebook_ads", this is inefficient
[0m20:59:41.873490 [debug] [Thread-2 (]: Began compiling node model.analytics.geo_campaign_daily
[0m20:59:41.994486 [debug] [Thread-3 (]: On "model.analytics.adsets": cache miss for schema "res-analytics.com_allied_facebook_ads", this is inefficient
[0m20:59:41.994761 [debug] [Thread-1 (]: Opening a new connection, currently in state closed
[0m20:59:41.997914 [debug] [Thread-2 (]: Writing injected SQL for node "model.analytics.geo_campaign_daily"
[0m20:59:41.998111 [debug] [Thread-3 (]: Opening a new connection, currently in state closed
[0m20:59:42.000115 [debug] [Thread-2 (]: Began executing node model.analytics.geo_campaign_daily
[0m20:59:42.001593 [debug] [Thread-2 (]: Opening a new connection, currently in state closed
[0m20:59:42.217729 [debug] [Thread-2 (]: Writing runtime sql for node "model.analytics.geo_campaign_daily"
[0m20:59:42.218655 [debug] [Thread-2 (]: On model.analytics.geo_campaign_daily: /* {"app": "dbt", "dbt_version": "1.11.2", "profile_name": "default", "target_name": "dev", "node_id": "model.analytics.geo_campaign_daily"} */

  
    

    create or replace table `res-analytics`.`cortex`.`geo_campaign_daily`
      
    
    

    
    OPTIONS()
    as (
      -- Unified campaign-level geographic performance across all ad networks
-- Phase 1: TikTok + Bing (ready)
-- Phase 2: Facebook + Google (custom reports)
-- Phase 3: LinkedIn (monthly-to-daily WEIGHTED distribution)
--
-- Note: LinkedIn geo data is ESTIMATED using weighted distribution based on actual
-- daily campaign spend patterns. This reduces estimation error by ~69% vs uniform.
-- Check is_estimated column to identify estimated vs actual data

-- WITH tiktok_geo AS (
--     -- TikTok: country_code is ISO format, just needs LOWER()
--     -- Note: Only includes campaigns with explicit geo targeting (~20-100% coverage)
--     SELECT
--         DATE(stat_time_day) AS date,
--         CONCAT('tiktok_ads_', CAST(campaign_id AS STRING)) AS campaign_id,
--         LOWER(country_code) AS country_code,
--         COALESCE(spend, 0) AS spend,
--         COALESCE(impressions, 0) AS impressions,
--         COALESCE(clicks, 0) AS clicks,
--         COALESCE(conversion, 0) AS conversions,
--         FALSE AS is_estimated
--     FROM `res-analytics`.`tiktok_ads`.`campaign_country_report`
--     WHERE country_code IS NOT NULL
--       AND country_code != 'None'
-- ),

-- bing_geo AS (
--     -- Bing: country is full name, needs mapping via seed
--     -- Aggregates away device_type, device_os, network, goal dimensions
--     SELECT
--         date_day AS date,
--         CONCAT('bingads_', CAST(b.campaign_id AS STRING)) AS campaign_id,
--         cc.country_code,
--         SUM(COALESCE(b.spend, 0)) AS spend,
--         SUM(COALESCE(b.impressions, 0)) AS impressions,
--         SUM(COALESCE(b.clicks, 0)) AS clicks,
--         SUM(COALESCE(b.conversions, 0)) AS conversions,
--         FALSE AS is_estimated
--     FROM `res-analytics`.`bingads_microsoft_ads`.`microsoft_ads__campaign_country_report` b
--     LEFT JOIN `res-analytics`.`cortex`.`country_codes` cc
--         ON LOWER(b.country) = LOWER(cc.country_name)
--     WHERE b.country IS NOT NULL
--     GROUP BY 1, 2, 3
-- ),

-- facebook_geo AS (
--     SELECT
--         date AS date,
--         CONCAT('facebook_ads_', CAST(campaign_id AS STRING)) AS campaign_id,
--         LOWER(country) AS country_code,
--         COALESCE(spend, 0) AS spend,
--         COALESCE(impressions, 0) AS impressions,
--         COALESCE(clicks, 0) AS clicks,
--         0 AS conversions,
--         FALSE AS is_estimated
--     FROM `res-analytics`.`facebook_ads_v2`.`campaign_country_daily`
--     WHERE country IS NOT NULL
-- ),

with google_geo AS (
    SELECT
        date AS date,
        CONCAT('google_ads_', CAST(campaign_id AS STRING)) AS campaign_id,
        gt.country_code,
        COALESCE(cost_micros / 1000000.0, 0) AS spend,
        COALESCE(impressions, 0) AS impressions,
        COALESCE(clicks, 0) AS clicks,
        COALESCE(all_conversions, 0) AS conversions,
        FALSE AS is_estimated
    FROM `res-analytics`.`google_ads_v2`.`country_campaign_report` g
    LEFT JOIN `res-analytics`.`cortex`.`google_geo_targets` gt
        ON g.country_criterion_id = gt.criterion_id
    WHERE gt.country_code IS NOT NULL
),

-- -- LinkedIn: Monthly geo data distributed to daily estimates using WEIGHTED distribution
-- -- Weighted by actual daily campaign spend patterns (not uniform)
-- -- This reduces daily estimation error by ~69% compared to uniform distribution
-- -- Note: LinkedIn campaign_id maps to campaign_group_id for nexus.campaigns join
-- linkedin_campaign_to_group AS (
--     SELECT
--         id AS campaign_id,
--         campaign_group_id
--     FROM `res-analytics`.`linkedin_ads`.`campaign_history`
--     QUALIFY ROW_NUMBER() OVER (PARTITION BY id ORDER BY last_modified_time DESC) = 1
-- ),

-- linkedin_monthly_geo AS (
--     SELECT
--         m.campaign_id,
--         cg.campaign_group_id,
--         m.member_country AS geo_urn,
--         m.month,
--         CAST(m.cost_in_local_currency AS FLOAT64) AS monthly_spend,
--         m.impressions AS monthly_impressions,
--         m.clicks AS monthly_clicks,
--         COALESCE(m.external_website_conversions, 0) AS monthly_conversions
--     FROM `res-analytics`.`linkedin_ads`.`monthly_ad_analytics_by_member_country` m
--     LEFT JOIN linkedin_campaign_to_group cg ON m.campaign_id = cg.campaign_id
--     WHERE CAST(m.cost_in_local_currency AS FLOAT64) > 0
-- ),

-- -- Daily campaign spend for weighted distribution
-- linkedin_daily_campaign_spend AS (
--     SELECT
--         campaign_id,
--         DATE(day) AS date,
--         CONCAT(CAST(EXTRACT(YEAR FROM DATE(day)) AS STRING), '-', CAST(EXTRACT(MONTH FROM DATE(day)) AS STRING)) AS month_key,
--         CAST(cost_in_local_currency AS FLOAT64) AS daily_spend,
--         impressions AS daily_impressions,
--         clicks AS daily_clicks,
--         COALESCE(external_website_conversions, 0) AS daily_conversions
--     FROM `res-analytics`.`linkedin_ads`.`ad_analytics_by_campaign`
--     WHERE cost_in_local_currency > 0
-- ),

-- -- Monthly totals from daily campaign data (for calculating weight ratios)
-- linkedin_monthly_campaign_totals AS (
--     SELECT
--         campaign_id,
--         month_key,
--         SUM(daily_spend) AS monthly_campaign_spend,
--         SUM(daily_impressions) AS monthly_campaign_impressions,
--         SUM(daily_clicks) AS monthly_campaign_clicks,
--         SUM(daily_conversions) AS monthly_campaign_conversions
--     FROM linkedin_daily_campaign_spend
--     GROUP BY 1, 2
-- ),

-- -- LinkedIn geo data before aggregation (one row per campaign within group)
-- -- Uses WEIGHTED distribution: monthly_geo × (daily_campaign / monthly_campaign)
-- linkedin_geo_raw AS (
--     SELECT
--         d.date,
--         -- Use campaign_group_id to match nexus.campaigns (LinkedIn hierarchy)
--         CONCAT('linkedin_ads_', CAST(g.campaign_group_id AS STRING)) AS campaign_id,
--         u.country_code,
--         -- Weighted distribution formula: monthly_geo × (daily / monthly)
--         ROUND(g.monthly_spend * SAFE_DIVIDE(d.daily_spend, m.monthly_campaign_spend), 4) AS spend,
--         ROUND(g.monthly_impressions * SAFE_DIVIDE(d.daily_impressions, m.monthly_campaign_impressions), 0) AS impressions,
--         ROUND(g.monthly_clicks * SAFE_DIVIDE(d.daily_clicks, m.monthly_campaign_clicks), 0) AS clicks,
--         ROUND(g.monthly_conversions * SAFE_DIVIDE(d.daily_conversions, m.monthly_campaign_conversions), 0) AS conversions
--     FROM linkedin_monthly_geo g
--     JOIN linkedin_monthly_campaign_totals m
--         ON g.campaign_id = m.campaign_id
--         AND g.month = m.month_key
--     JOIN linkedin_daily_campaign_spend d
--         ON g.campaign_id = d.campaign_id
--         AND m.month_key = d.month_key
--     LEFT JOIN `res-analytics`.`cortex`.`linkedin_geo_urn` u
--         ON g.geo_urn = u.geo_urn
--     WHERE u.country_code IS NOT NULL
--       AND g.campaign_group_id IS NOT NULL
-- ),

-- -- Aggregate to campaign_group level (multiple campaigns roll up to one group)
-- linkedin_geo AS (
--     SELECT
--         date,
--         campaign_id,
--         country_code,
--         SUM(spend) AS spend,
--         SUM(impressions) AS impressions,
--         SUM(clicks) AS clicks,
--         SUM(conversions) AS conversions,
--         TRUE AS is_estimated
--     FROM linkedin_geo_raw
--     GROUP BY date, campaign_id, country_code
-- ),

all_geo AS (
    -- SELECT * FROM tiktok_geo
    -- UNION ALL
    -- SELECT * FROM bing_geo
    -- UNION ALL
    -- SELECT * FROM facebook_geo  -- Uncomment when campaign_country_daily exists
    -- UNION ALL
    SELECT * FROM google_geo
    -- UNION ALL
    -- SELECT * FROM linkedin_geo
)

SELECT
    g.date,
    c.organization_id,
    c.product_id,
    c.ad_network_id,
    c.account_id,
    g.campaign_id,
    c.campaign_name,
    g.country_code,
    g.spend,
    g.impressions,
    g.clicks,
    g.conversions,
    g.is_estimated
FROM all_geo g
LEFT JOIN `res-analytics`.`com_allied`.`campaigns` c
    ON g.campaign_id = c.id
WHERE g.country_code IS NOT NULL
    );
  
[0m20:59:42.278615 [debug] [Thread-3 (]: On "model.analytics.adsets": cache miss for schema "res-analytics.com_allied_google_ads", this is inefficient
[0m20:59:42.282282 [debug] [Thread-1 (]: On "model.analytics.ads": cache miss for schema "res-analytics.com_allied_google_ads", this is inefficient
[0m20:59:42.468344 [debug] [Thread-1 (]: On "model.analytics.ads": cache miss for schema "res-analytics.com_allied_google_ads", this is inefficient
[0m20:59:42.480587 [debug] [Thread-3 (]: On "model.analytics.adsets": cache miss for schema "res-analytics.com_allied_linkedin_ads", this is inefficient
[0m20:59:42.584137 [debug] [Thread-2 (]: BigQuery adapter: https://console.cloud.google.com/bigquery?project=res-analytics&j=bq:US:21888028-cfa1-4482-bf9f-41fbfbefb246&page=queryresults
[0m20:59:42.675756 [debug] [Thread-1 (]: On "model.analytics.ads": cache miss for schema "res-analytics.com_allied_linkedin_ads", this is inefficient
[0m20:59:42.739578 [debug] [Thread-3 (]: On "model.analytics.adsets": cache miss for schema "res-analytics.com_allied_tiktok_ads", this is inefficient
[0m20:59:42.846979 [debug] [Thread-1 (]: On "model.analytics.ads": cache miss for schema "res-analytics.com_allied_linkedin_ads", this is inefficient
[0m20:59:42.891676 [debug] [Thread-3 (]: On "model.analytics.adsets": cache miss for schema "res-analytics.com_allied_bing_ads", this is inefficient
[0m20:59:43.037233 [debug] [Thread-1 (]: On "model.analytics.ads": cache miss for schema "res-analytics.com_allied_tiktok_ads", this is inefficient
[0m20:59:43.088552 [debug] [Thread-3 (]: On "model.analytics.adsets": cache miss for schema "res-analytics.com_allied_google_ads", this is inefficient
[0m20:59:43.250567 [debug] [Thread-1 (]: On "model.analytics.ads": cache miss for schema "res-analytics.com_allied_bing_ads", this is inefficient
[0m20:59:43.288716 [debug] [Thread-3 (]: Writing injected SQL for node "model.analytics.adsets"
[0m20:59:43.290095 [debug] [Thread-3 (]: Began executing node model.analytics.adsets
[0m20:59:43.406382 [debug] [Thread-1 (]: On "model.analytics.ads": cache miss for schema "res-analytics.com_allied_bing_ads", this is inefficient
[0m20:59:43.456164 [debug] [Thread-3 (]: On model.analytics.adsets: /* {"app": "dbt", "dbt_version": "1.11.2", "profile_name": "default", "target_name": "dev", "node_id": "model.analytics.adsets"} */
select * from (
        


WITH facebook_adset_latest AS (
  
  SELECT
    CAST(NULL AS STRING) as id,
    CAST(NULL AS STRING) as name,
    CAST(NULL AS STRING) as campaign_id,
    CAST(NULL AS INT64) as rn
  FROM (SELECT 1) WHERE FALSE
  
),

facebook_adsets AS (
  SELECT
    id,
    name,
    campaign_id
  FROM facebook_adset_latest
  WHERE rn = 1
),



google_adgroup_latest AS (
  
  SELECT
    CAST(NULL AS STRING) as id,
    CAST(NULL AS STRING) as name,
    CAST(NULL AS STRING) as campaign_id,
    CAST(NULL AS INT64) as rn
  FROM (SELECT 1) WHERE FALSE
  
),

google_adsets AS (
  SELECT
    id,
    name,
    campaign_id
  FROM google_adgroup_latest
  WHERE rn = 1
),


linkedin_campaign_latest AS (
  
  SELECT
    CAST(NULL AS STRING) as id,
    CAST(NULL AS STRING) as name,
    CAST(NULL AS STRING) as campaign_id,
    CAST(NULL AS INT64) as rn
  FROM (SELECT 1) WHERE FALSE
  
),

linkedin_adsets AS (
  SELECT
    id,
    name,
    campaign_id
  FROM linkedin_campaign_latest
  WHERE rn = 1
),


tiktok_adgroup_latest AS (
  
  SELECT
    CAST(NULL AS STRING) as id,
    CAST(NULL AS STRING) as name,
    CAST(NULL AS STRING) as campaign_id,
    CAST(NULL AS INT64) as rn
  FROM (SELECT 1) WHERE FALSE
  
),

tiktok_adsets AS (
  SELECT
    id,
    name,
    campaign_id
  FROM tiktok_adgroup_latest
  WHERE rn = 1
),


bing_adgroup_latest AS (
  
  SELECT
    CAST(NULL AS STRING) as id,
    CAST(NULL AS STRING) as name,
    CAST(NULL AS STRING) as campaign_id,
    CAST(NULL AS INT64) as rn
  FROM (SELECT 1) WHERE FALSE
  
),

bing_adsets AS (
  SELECT
    id,
    name,
    campaign_id
  FROM bing_adgroup_latest
  WHERE rn = 1
),

-- Google Performance Max synthetic adsets (PMax has no adset-level data, only campaign-level)


google_pmax_campaigns AS (
  
  SELECT
    CAST(NULL AS STRING) as id,
    CAST(NULL AS STRING) as name,
    CAST(NULL AS STRING) as account_id
  FROM (SELECT 1) WHERE FALSE
  
),

google_pmax_adsets AS (
  SELECT
    id,
    name,
    id AS campaign_id  -- For PMax, adset = campaign (synthetic)
  FROM google_pmax_campaigns
),

all_adsets AS (
  SELECT
    CONCAT('facebook_ads_', CAST(id AS STRING)) AS id,
    name AS adset_name,
    CONCAT('facebook_ads_', CAST(campaign_id AS STRING)) AS campaign_id,
    'facebook_ads' AS ad_network_id
  FROM facebook_adsets

  UNION ALL

  SELECT
    CONCAT('google_ads_', CAST(id AS STRING)) AS id,
    name AS adset_name,
    CONCAT('google_ads_', CAST(campaign_id AS STRING)) AS campaign_id,
    'google_ads' AS ad_network_id
  FROM google_adsets

  UNION ALL

  SELECT
    CONCAT('linkedin_ads_', CAST(id AS STRING)) AS id,
    name AS adset_name,
    CONCAT('linkedin_ads_', CAST(campaign_id AS STRING)) AS campaign_id,
    'linkedin_ads' AS ad_network_id
  FROM linkedin_adsets

  UNION ALL

  SELECT
    CONCAT('tiktok_ads_', CAST(id AS STRING)) AS id,
    name AS adset_name,
    CONCAT('tiktok_ads_', CAST(campaign_id AS STRING)) AS campaign_id,
    'tiktok_ads' AS ad_network_id
  FROM tiktok_adsets

  UNION ALL

  SELECT
    CONCAT('bingads_', CAST(id AS STRING)) AS id,
    name AS adset_name,
    CONCAT('bingads_', CAST(campaign_id AS STRING)) AS campaign_id,
    'bingads' AS ad_network_id
  FROM bing_adsets

  UNION ALL

  -- Google Performance Max synthetic adsets (campaign-level)
  SELECT
    CONCAT('google_ads_', CAST(id AS STRING), '_pmax') AS id,
    CONCAT(name, ' (PMax)') AS adset_name,
    CONCAT('google_ads_', CAST(campaign_id AS STRING)) AS campaign_id,
    'google_ads' AS ad_network_id
  FROM google_pmax_adsets
)

SELECT
  a.id,
  a.adset_name,
  a.campaign_id,
  a.ad_network_id,
  c.account_id,
  c.organization_id,
  c.product_id
FROM all_adsets a
LEFT JOIN `res-analytics`.`com_allied`.`campaigns` c
  ON a.campaign_id = c.id


    ) as __dbt_sbq
    where false and current_timestamp() = current_timestamp()
    limit 0

[0m20:59:43.640748 [debug] [Thread-1 (]: On "model.analytics.ads": cache miss for schema "res-analytics.com_allied_google_ads", this is inefficient
[0m20:59:43.883377 [debug] [Thread-1 (]: Writing injected SQL for node "model.analytics.ads"
[0m20:59:43.885207 [debug] [Thread-1 (]: Began executing node model.analytics.ads
[0m20:59:43.987176 [debug] [Thread-3 (]: BigQuery adapter: https://console.cloud.google.com/bigquery?project=res-analytics&j=bq:US:7a74d616-bddc-4f47-8563-3eddf1c291c7&page=queryresults
[0m20:59:44.105409 [debug] [Thread-1 (]: On model.analytics.ads: /* {"app": "dbt", "dbt_version": "1.11.2", "profile_name": "default", "target_name": "dev", "node_id": "model.analytics.ads"} */
select * from (
        



WITH facebook_ad_latest AS (
  
  SELECT
    CAST(NULL AS STRING) as id,
    CAST(NULL AS STRING) as name,
    CAST(NULL AS STRING) as adset_id,
    CAST(NULL AS STRING) as campaign_id,
    CAST(NULL AS STRING) as creative_id,
    CAST(NULL AS INT64) as rn
  FROM (SELECT 1) WHERE FALSE
  
),

facebook_ads AS (
  SELECT
    id,
    name,
    adset_id,
    campaign_id,
    creative_id
  FROM facebook_ad_latest
  WHERE rn = 1
),



google_ad_latest AS (
  
  SELECT
    CAST(NULL AS STRING) as id,
    CAST(NULL AS STRING) as name,
    CAST(NULL AS STRING) as adset_id,
    CAST(NULL AS STRING) as campaign_id,
    CAST(NULL AS INT64) as rn
  FROM (SELECT 1) WHERE FALSE
  
),

google_ads AS (
  SELECT
    id,
    name,
    adset_id,
    campaign_id
  FROM google_ad_latest
  WHERE rn = 1
),




linkedin_creative_latest AS (
  
  SELECT
    CAST(NULL AS STRING) as id,
    CAST(NULL AS STRING) as name,
    CAST(NULL AS STRING) as adset_id,
    CAST(NULL AS STRING) as campaign_id,
    CAST(NULL AS INT64) as rn
  FROM (SELECT 1) WHERE FALSE
  
),

linkedin_ads AS (
  SELECT
    id,
    name,
    adset_id,
    campaign_id
  FROM linkedin_creative_latest
  WHERE rn = 1
),



tiktok_ad_latest AS (
  
  SELECT
    CAST(NULL AS STRING) as id,
    CAST(NULL AS STRING) as name,
    CAST(NULL AS STRING) as adset_id,
    CAST(NULL AS STRING) as campaign_id,
    CAST(NULL AS INT64) as rn
  FROM (SELECT 1) WHERE FALSE
  
),

tiktok_ads AS (
  SELECT
    id,
    name,
    adset_id,
    campaign_id
  FROM tiktok_ad_latest
  WHERE rn = 1
),



bing_ad_latest AS (
  
  SELECT
    CAST(NULL AS STRING) as id,
    CAST(NULL AS STRING) as name,
    CAST(NULL AS STRING) as adset_id,
    CAST(NULL AS STRING) as campaign_id,
    CAST(NULL AS INT64) as rn
  FROM (SELECT 1) WHERE FALSE
  
),

bing_ads AS (
  SELECT
    id,
    name,
    adset_id,
    campaign_id
  FROM bing_ad_latest
  WHERE rn = 1
),

-- Google Performance Max synthetic ads (PMax has no ad-level data, only campaign-level)


google_pmax_campaigns AS (
  
  SELECT
    CAST(NULL AS STRING) as id,
    CAST(NULL AS STRING) as name,
    CAST(NULL AS STRING) as account_id
  FROM (SELECT 1) WHERE FALSE
  
),

google_pmax_ads AS (
  SELECT
    id,
    name,
    id AS adset_id,  -- For PMax, adset = campaign (synthetic)
    id AS campaign_id
  FROM google_pmax_campaigns
),

all_ads AS (
  SELECT
    CONCAT('facebook_ads_', CAST(id AS STRING)) AS id,
    name AS ad_name,
    CONCAT('facebook_ads_', CAST(adset_id AS STRING)) AS adset_id,
    CONCAT('facebook_ads_', CAST(campaign_id AS STRING)) AS campaign_id,
    CONCAT('facebook_ads_', CAST(creative_id AS STRING)) AS creative_id,
    'facebook_ads' AS ad_network_id
  FROM facebook_ads

  UNION ALL

  SELECT
    CONCAT('google_ads_', CAST(id AS STRING)) AS id,
    name AS ad_name,
    CONCAT('google_ads_', CAST(adset_id AS STRING)) AS adset_id,
    CONCAT('google_ads_', CAST(campaign_id AS STRING)) AS campaign_id,
    CAST(NULL AS STRING) AS creative_id,
    'google_ads' AS ad_network_id
  FROM google_ads

  UNION ALL

  SELECT
    CONCAT('linkedin_ads_', CAST(id AS STRING)) AS id,
    name AS ad_name,
    CONCAT('linkedin_ads_', CAST(adset_id AS STRING)) AS adset_id,
    CONCAT('linkedin_ads_', CAST(campaign_id AS STRING)) AS campaign_id,
    CAST(NULL AS STRING) AS creative_id,
    'linkedin_ads' AS ad_network_id
  FROM linkedin_ads

  UNION ALL

  SELECT
    CONCAT('tiktok_ads_', CAST(id AS STRING)) AS id,
    name AS ad_name,
    CONCAT('tiktok_ads_', CAST(adset_id AS STRING)) AS adset_id,
    CONCAT('tiktok_ads_', CAST(campaign_id AS STRING)) AS campaign_id,
    CAST(NULL AS STRING) AS creative_id,
    'tiktok_ads' AS ad_network_id
  FROM tiktok_ads

  UNION ALL

  SELECT
    CONCAT('bingads_', CAST(id AS STRING)) AS id,
    name AS ad_name,
    CONCAT('bingads_', CAST(adset_id AS STRING)) AS adset_id,
    CONCAT('bingads_', CAST(campaign_id AS STRING)) AS campaign_id,
    CAST(NULL AS STRING) AS creative_id,
    'bingads' AS ad_network_id
  FROM bing_ads

  UNION ALL

  -- Google Performance Max synthetic ads (campaign-level)
  SELECT
    CONCAT('google_ads_', CAST(id AS STRING), '_pmax') AS id,
    CONCAT(name, ' (PMax)') AS ad_name,
    CONCAT('google_ads_', CAST(adset_id AS STRING), '_pmax') AS adset_id,
    CONCAT('google_ads_', CAST(campaign_id AS STRING)) AS campaign_id,
    CAST(NULL AS STRING) AS creative_id,
    'google_ads' AS ad_network_id
  FROM google_pmax_ads
)

SELECT
  a.id,
  a.ad_name,
  a.adset_id,
  a.campaign_id,
  a.creative_id,
  a.ad_network_id,
  c.account_id,
  c.organization_id,
  c.product_id
FROM all_ads a
LEFT JOIN `res-analytics`.`com_allied`.`campaigns` c
  ON a.campaign_id = c.id


    ) as __dbt_sbq
    where false and current_timestamp() = current_timestamp()
    limit 0

[0m20:59:44.153996 [debug] [Thread-3 (]: SQL status: OK in 0.166 seconds
[0m20:59:44.154864 [debug] [Thread-3 (]: On model.analytics.adsets: /* {"app": "dbt", "dbt_version": "1.11.2", "profile_name": "default", "target_name": "dev", "node_id": "model.analytics.adsets"} */
select * from (
        select
    
      
    cast(null as STRING)
 as id, 
      
    cast(null as STRING)
 as adset_name, 
      
    cast(null as STRING)
 as campaign_id, 
      
    cast(null as STRING)
 as ad_network_id, 
      
    cast(null as STRING)
 as account_id, 
      
    cast(null as STRING)
 as organization_id, 
      
    cast(null as STRING)
 as product_id
    ) as __dbt_sbq
    where false and current_timestamp() = current_timestamp()
    limit 0

[0m20:59:44.351917 [debug] [Thread-2 (]: SQL status: OK in 1.766 seconds
[0m20:59:44.495493 [debug] [Thread-3 (]: BigQuery adapter: https://console.cloud.google.com/bigquery?project=res-analytics&j=bq:US:02bdecab-d7a1-4de9-9af6-2de272ef5639&page=queryresults
[0m20:59:44.514172 [debug] [Thread-2 (]: Sending event: {'category': 'dbt', 'action': 'run_model', 'label': '04628714-f4bf-4f63-9c60-b5f196a7bf5d', 'context': [<snowplow_tracker.self_describing_json.SelfDescribingJson object at 0x11ee79750>]}
[0m20:59:44.514590 [info ] [Thread-2 (]: 7 of 12 OK created sql table model cortex.geo_campaign_daily ................... [[32mCREATE TABLE (34.5k rows, 1.8 MiB processed)[0m in 2.65s]
[0m20:59:44.514873 [debug] [Thread-2 (]: Finished running node model.analytics.geo_campaign_daily
[0m20:59:44.533827 [debug] [Thread-1 (]: BigQuery adapter: https://console.cloud.google.com/bigquery?project=res-analytics&j=bq:US:1a20af9d-bcd3-49f6-99f1-cd8420dc57d1&page=queryresults
[0m20:59:44.699794 [debug] [Thread-1 (]: SQL status: OK in 0.165 seconds
[0m20:59:44.704917 [debug] [Thread-1 (]: On model.analytics.ads: /* {"app": "dbt", "dbt_version": "1.11.2", "profile_name": "default", "target_name": "dev", "node_id": "model.analytics.ads"} */
select * from (
        select
    
      
    cast(null as STRING)
 as id, 
      
    cast(null as STRING)
 as ad_name, 
      
    cast(null as STRING)
 as adset_id, 
      
    cast(null as STRING)
 as campaign_id, 
      
    cast(null as STRING)
 as creative_id, 
      
    cast(null as STRING)
 as ad_network_id, 
      
    cast(null as STRING)
 as account_id, 
      
    cast(null as STRING)
 as organization_id, 
      
    cast(null as STRING)
 as product_id
    ) as __dbt_sbq
    where false and current_timestamp() = current_timestamp()
    limit 0

[0m20:59:44.711794 [debug] [Thread-3 (]: SQL status: OK in 0.212 seconds
[0m20:59:44.713467 [debug] [Thread-3 (]: Writing runtime sql for node "model.analytics.adsets"
[0m20:59:44.714295 [debug] [Thread-3 (]: On model.analytics.adsets: /* {"app": "dbt", "dbt_version": "1.11.2", "profile_name": "default", "target_name": "dev", "node_id": "model.analytics.adsets"} */

  
    

    create or replace table `res-analytics`.`com_allied`.`adsets`
        
  (
    id STRING,
    adset_name STRING,
    campaign_id STRING,
    ad_network_id STRING,
    account_id STRING,
    organization_id STRING,
    product_id STRING
    
    )

      
    
    

    
    OPTIONS()
    as (
      
    select id, adset_name, campaign_id, ad_network_id, account_id, organization_id, product_id
    from (
        


WITH facebook_adset_latest AS (
  
  SELECT
    CAST(NULL AS STRING) as id,
    CAST(NULL AS STRING) as name,
    CAST(NULL AS STRING) as campaign_id,
    CAST(NULL AS INT64) as rn
  FROM (SELECT 1) WHERE FALSE
  
),

facebook_adsets AS (
  SELECT
    id,
    name,
    campaign_id
  FROM facebook_adset_latest
  WHERE rn = 1
),



google_adgroup_latest AS (
  
  SELECT
    CAST(NULL AS STRING) as id,
    CAST(NULL AS STRING) as name,
    CAST(NULL AS STRING) as campaign_id,
    CAST(NULL AS INT64) as rn
  FROM (SELECT 1) WHERE FALSE
  
),

google_adsets AS (
  SELECT
    id,
    name,
    campaign_id
  FROM google_adgroup_latest
  WHERE rn = 1
),


linkedin_campaign_latest AS (
  
  SELECT
    CAST(NULL AS STRING) as id,
    CAST(NULL AS STRING) as name,
    CAST(NULL AS STRING) as campaign_id,
    CAST(NULL AS INT64) as rn
  FROM (SELECT 1) WHERE FALSE
  
),

linkedin_adsets AS (
  SELECT
    id,
    name,
    campaign_id
  FROM linkedin_campaign_latest
  WHERE rn = 1
),


tiktok_adgroup_latest AS (
  
  SELECT
    CAST(NULL AS STRING) as id,
    CAST(NULL AS STRING) as name,
    CAST(NULL AS STRING) as campaign_id,
    CAST(NULL AS INT64) as rn
  FROM (SELECT 1) WHERE FALSE
  
),

tiktok_adsets AS (
  SELECT
    id,
    name,
    campaign_id
  FROM tiktok_adgroup_latest
  WHERE rn = 1
),


bing_adgroup_latest AS (
  
  SELECT
    CAST(NULL AS STRING) as id,
    CAST(NULL AS STRING) as name,
    CAST(NULL AS STRING) as campaign_id,
    CAST(NULL AS INT64) as rn
  FROM (SELECT 1) WHERE FALSE
  
),

bing_adsets AS (
  SELECT
    id,
    name,
    campaign_id
  FROM bing_adgroup_latest
  WHERE rn = 1
),

-- Google Performance Max synthetic adsets (PMax has no adset-level data, only campaign-level)


google_pmax_campaigns AS (
  
  SELECT
    CAST(NULL AS STRING) as id,
    CAST(NULL AS STRING) as name,
    CAST(NULL AS STRING) as account_id
  FROM (SELECT 1) WHERE FALSE
  
),

google_pmax_adsets AS (
  SELECT
    id,
    name,
    id AS campaign_id  -- For PMax, adset = campaign (synthetic)
  FROM google_pmax_campaigns
),

all_adsets AS (
  SELECT
    CONCAT('facebook_ads_', CAST(id AS STRING)) AS id,
    name AS adset_name,
    CONCAT('facebook_ads_', CAST(campaign_id AS STRING)) AS campaign_id,
    'facebook_ads' AS ad_network_id
  FROM facebook_adsets

  UNION ALL

  SELECT
    CONCAT('google_ads_', CAST(id AS STRING)) AS id,
    name AS adset_name,
    CONCAT('google_ads_', CAST(campaign_id AS STRING)) AS campaign_id,
    'google_ads' AS ad_network_id
  FROM google_adsets

  UNION ALL

  SELECT
    CONCAT('linkedin_ads_', CAST(id AS STRING)) AS id,
    name AS adset_name,
    CONCAT('linkedin_ads_', CAST(campaign_id AS STRING)) AS campaign_id,
    'linkedin_ads' AS ad_network_id
  FROM linkedin_adsets

  UNION ALL

  SELECT
    CONCAT('tiktok_ads_', CAST(id AS STRING)) AS id,
    name AS adset_name,
    CONCAT('tiktok_ads_', CAST(campaign_id AS STRING)) AS campaign_id,
    'tiktok_ads' AS ad_network_id
  FROM tiktok_adsets

  UNION ALL

  SELECT
    CONCAT('bingads_', CAST(id AS STRING)) AS id,
    name AS adset_name,
    CONCAT('bingads_', CAST(campaign_id AS STRING)) AS campaign_id,
    'bingads' AS ad_network_id
  FROM bing_adsets

  UNION ALL

  -- Google Performance Max synthetic adsets (campaign-level)
  SELECT
    CONCAT('google_ads_', CAST(id AS STRING), '_pmax') AS id,
    CONCAT(name, ' (PMax)') AS adset_name,
    CONCAT('google_ads_', CAST(campaign_id AS STRING)) AS campaign_id,
    'google_ads' AS ad_network_id
  FROM google_pmax_adsets
)

SELECT
  a.id,
  a.adset_name,
  a.campaign_id,
  a.ad_network_id,
  c.account_id,
  c.organization_id,
  c.product_id
FROM all_adsets a
LEFT JOIN `res-analytics`.`com_allied`.`campaigns` c
  ON a.campaign_id = c.id


    ) as model_subq
    );
  
[0m20:59:45.057227 [debug] [Thread-1 (]: BigQuery adapter: https://console.cloud.google.com/bigquery?project=res-analytics&j=bq:US:96016fb9-6b23-46e4-9f1b-1f53e49e518d&page=queryresults
[0m20:59:45.131271 [debug] [Thread-3 (]: BigQuery adapter: https://console.cloud.google.com/bigquery?project=res-analytics&j=bq:US:b53e721d-5e41-4686-b775-494d5d8df9b8&page=queryresults
[0m20:59:45.234427 [debug] [Thread-1 (]: SQL status: OK in 0.177 seconds
[0m20:59:45.248279 [debug] [Thread-1 (]: Writing runtime sql for node "model.analytics.ads"
[0m20:59:45.249082 [debug] [Thread-1 (]: On model.analytics.ads: /* {"app": "dbt", "dbt_version": "1.11.2", "profile_name": "default", "target_name": "dev", "node_id": "model.analytics.ads"} */

  
    

    create or replace table `res-analytics`.`com_allied`.`ads`
        
  (
    id STRING,
    ad_name STRING,
    adset_id STRING,
    campaign_id STRING,
    creative_id STRING,
    ad_network_id STRING,
    account_id STRING,
    organization_id STRING,
    product_id STRING
    
    )

      
    
    

    
    OPTIONS()
    as (
      
    select id, ad_name, adset_id, campaign_id, creative_id, ad_network_id, account_id, organization_id, product_id
    from (
        



WITH facebook_ad_latest AS (
  
  SELECT
    CAST(NULL AS STRING) as id,
    CAST(NULL AS STRING) as name,
    CAST(NULL AS STRING) as adset_id,
    CAST(NULL AS STRING) as campaign_id,
    CAST(NULL AS STRING) as creative_id,
    CAST(NULL AS INT64) as rn
  FROM (SELECT 1) WHERE FALSE
  
),

facebook_ads AS (
  SELECT
    id,
    name,
    adset_id,
    campaign_id,
    creative_id
  FROM facebook_ad_latest
  WHERE rn = 1
),



google_ad_latest AS (
  
  SELECT
    CAST(NULL AS STRING) as id,
    CAST(NULL AS STRING) as name,
    CAST(NULL AS STRING) as adset_id,
    CAST(NULL AS STRING) as campaign_id,
    CAST(NULL AS INT64) as rn
  FROM (SELECT 1) WHERE FALSE
  
),

google_ads AS (
  SELECT
    id,
    name,
    adset_id,
    campaign_id
  FROM google_ad_latest
  WHERE rn = 1
),




linkedin_creative_latest AS (
  
  SELECT
    CAST(NULL AS STRING) as id,
    CAST(NULL AS STRING) as name,
    CAST(NULL AS STRING) as adset_id,
    CAST(NULL AS STRING) as campaign_id,
    CAST(NULL AS INT64) as rn
  FROM (SELECT 1) WHERE FALSE
  
),

linkedin_ads AS (
  SELECT
    id,
    name,
    adset_id,
    campaign_id
  FROM linkedin_creative_latest
  WHERE rn = 1
),



tiktok_ad_latest AS (
  
  SELECT
    CAST(NULL AS STRING) as id,
    CAST(NULL AS STRING) as name,
    CAST(NULL AS STRING) as adset_id,
    CAST(NULL AS STRING) as campaign_id,
    CAST(NULL AS INT64) as rn
  FROM (SELECT 1) WHERE FALSE
  
),

tiktok_ads AS (
  SELECT
    id,
    name,
    adset_id,
    campaign_id
  FROM tiktok_ad_latest
  WHERE rn = 1
),



bing_ad_latest AS (
  
  SELECT
    CAST(NULL AS STRING) as id,
    CAST(NULL AS STRING) as name,
    CAST(NULL AS STRING) as adset_id,
    CAST(NULL AS STRING) as campaign_id,
    CAST(NULL AS INT64) as rn
  FROM (SELECT 1) WHERE FALSE
  
),

bing_ads AS (
  SELECT
    id,
    name,
    adset_id,
    campaign_id
  FROM bing_ad_latest
  WHERE rn = 1
),

-- Google Performance Max synthetic ads (PMax has no ad-level data, only campaign-level)


google_pmax_campaigns AS (
  
  SELECT
    CAST(NULL AS STRING) as id,
    CAST(NULL AS STRING) as name,
    CAST(NULL AS STRING) as account_id
  FROM (SELECT 1) WHERE FALSE
  
),

google_pmax_ads AS (
  SELECT
    id,
    name,
    id AS adset_id,  -- For PMax, adset = campaign (synthetic)
    id AS campaign_id
  FROM google_pmax_campaigns
),

all_ads AS (
  SELECT
    CONCAT('facebook_ads_', CAST(id AS STRING)) AS id,
    name AS ad_name,
    CONCAT('facebook_ads_', CAST(adset_id AS STRING)) AS adset_id,
    CONCAT('facebook_ads_', CAST(campaign_id AS STRING)) AS campaign_id,
    CONCAT('facebook_ads_', CAST(creative_id AS STRING)) AS creative_id,
    'facebook_ads' AS ad_network_id
  FROM facebook_ads

  UNION ALL

  SELECT
    CONCAT('google_ads_', CAST(id AS STRING)) AS id,
    name AS ad_name,
    CONCAT('google_ads_', CAST(adset_id AS STRING)) AS adset_id,
    CONCAT('google_ads_', CAST(campaign_id AS STRING)) AS campaign_id,
    CAST(NULL AS STRING) AS creative_id,
    'google_ads' AS ad_network_id
  FROM google_ads

  UNION ALL

  SELECT
    CONCAT('linkedin_ads_', CAST(id AS STRING)) AS id,
    name AS ad_name,
    CONCAT('linkedin_ads_', CAST(adset_id AS STRING)) AS adset_id,
    CONCAT('linkedin_ads_', CAST(campaign_id AS STRING)) AS campaign_id,
    CAST(NULL AS STRING) AS creative_id,
    'linkedin_ads' AS ad_network_id
  FROM linkedin_ads

  UNION ALL

  SELECT
    CONCAT('tiktok_ads_', CAST(id AS STRING)) AS id,
    name AS ad_name,
    CONCAT('tiktok_ads_', CAST(adset_id AS STRING)) AS adset_id,
    CONCAT('tiktok_ads_', CAST(campaign_id AS STRING)) AS campaign_id,
    CAST(NULL AS STRING) AS creative_id,
    'tiktok_ads' AS ad_network_id
  FROM tiktok_ads

  UNION ALL

  SELECT
    CONCAT('bingads_', CAST(id AS STRING)) AS id,
    name AS ad_name,
    CONCAT('bingads_', CAST(adset_id AS STRING)) AS adset_id,
    CONCAT('bingads_', CAST(campaign_id AS STRING)) AS campaign_id,
    CAST(NULL AS STRING) AS creative_id,
    'bingads' AS ad_network_id
  FROM bing_ads

  UNION ALL

  -- Google Performance Max synthetic ads (campaign-level)
  SELECT
    CONCAT('google_ads_', CAST(id AS STRING), '_pmax') AS id,
    CONCAT(name, ' (PMax)') AS ad_name,
    CONCAT('google_ads_', CAST(adset_id AS STRING), '_pmax') AS adset_id,
    CONCAT('google_ads_', CAST(campaign_id AS STRING)) AS campaign_id,
    CAST(NULL AS STRING) AS creative_id,
    'google_ads' AS ad_network_id
  FROM google_pmax_ads
)

SELECT
  a.id,
  a.ad_name,
  a.adset_id,
  a.campaign_id,
  a.creative_id,
  a.ad_network_id,
  c.account_id,
  c.organization_id,
  c.product_id
FROM all_ads a
LEFT JOIN `res-analytics`.`com_allied`.`campaigns` c
  ON a.campaign_id = c.id


    ) as model_subq
    );
  
[0m20:59:45.771276 [debug] [Thread-1 (]: BigQuery adapter: https://console.cloud.google.com/bigquery?project=res-analytics&j=bq:US:d39e9207-527a-433b-a48c-c97885f87df2&page=queryresults
[0m20:59:47.262954 [debug] [Thread-1 (]: SQL status: OK in 1.486 seconds
[0m20:59:47.456378 [debug] [Thread-1 (]: Sending event: {'category': 'dbt', 'action': 'run_model', 'label': '04628714-f4bf-4f63-9c60-b5f196a7bf5d', 'context': [<snowplow_tracker.self_describing_json.SelfDescribingJson object at 0x11e71ba50>]}
[0m20:59:47.462742 [info ] [Thread-1 (]: 5 of 12 OK created sql incremental model com_allied.ads ........................ [[32mCREATE TABLE (0.0 rows, 0 processed)[0m in 5.60s]
[0m20:59:47.464193 [debug] [Thread-1 (]: Finished running node model.analytics.ads
[0m20:59:53.651680 [debug] [Thread-3 (]: SQL status: OK in 8.520 seconds
[0m20:59:53.823525 [debug] [Thread-3 (]: Sending event: {'category': 'dbt', 'action': 'run_model', 'label': '04628714-f4bf-4f63-9c60-b5f196a7bf5d', 'context': [<snowplow_tracker.self_describing_json.SelfDescribingJson object at 0x11e718250>]}
[0m20:59:53.824378 [info ] [Thread-3 (]: 6 of 12 OK created sql incremental model com_allied.adsets ..................... [[32mCREATE TABLE (0.0 rows, 0 processed)[0m in 11.96s]
[0m20:59:53.824986 [debug] [Thread-3 (]: Finished running node model.analytics.adsets
[0m20:59:53.825701 [debug] [Thread-4 (]: Began running node model.analytics.keywords
[0m20:59:53.826041 [debug] [Thread-2 (]: Began running node model.analytics.kpi_creative_daily
[0m20:59:53.826367 [info ] [Thread-4 (]: 8 of 12 START sql incremental model cortex.keywords ............................ [RUN]
[0m20:59:53.826727 [info ] [Thread-2 (]: 9 of 12 START sql incremental model com_allied.kpi_creative_daily .............. [RUN]
[0m20:59:53.827039 [debug] [Thread-4 (]: Re-using an available connection from the pool (formerly model.analytics.campaigns, now model.analytics.keywords)
[0m20:59:53.827251 [debug] [Thread-2 (]: Re-using an available connection from the pool (formerly model.analytics.geo_campaign_daily, now model.analytics.kpi_creative_daily)
[0m20:59:53.827436 [debug] [Thread-4 (]: Began compiling node model.analytics.keywords
[0m20:59:53.827685 [debug] [Thread-2 (]: Began compiling node model.analytics.kpi_creative_daily
[0m20:59:53.830843 [debug] [Thread-4 (]: Writing injected SQL for node "model.analytics.keywords"
[0m20:59:53.851731 [debug] [Thread-2 (]: On "model.analytics.kpi_creative_daily": cache miss for schema "res-analytics.com_allied_facebook_ads", this is inefficient
[0m20:59:53.852061 [debug] [Thread-2 (]: Opening a new connection, currently in state closed
[0m20:59:53.852700 [debug] [Thread-4 (]: Began executing node model.analytics.keywords
[0m20:59:53.854652 [debug] [Thread-4 (]: Opening a new connection, currently in state closed
[0m20:59:54.048155 [debug] [Thread-2 (]: On "model.analytics.kpi_creative_daily": cache miss for schema "res-analytics.com_allied_facebook_ads", this is inefficient
[0m20:59:54.140144 [debug] [Thread-4 (]: Writing runtime sql for node "model.analytics.keywords"
[0m20:59:54.140823 [debug] [Thread-4 (]: On model.analytics.keywords: /* {"app": "dbt", "dbt_version": "1.11.2", "profile_name": "default", "target_name": "dev", "node_id": "model.analytics.keywords"} */

  
    

    create or replace table `res-analytics`.`cortex`.`keywords`
      
    
    

    
    OPTIONS()
    as (
      

-- Keywords dimension table (Google Ads only for now)
-- Keywords are stored in ad_group_criterion_history with type = 'KEYWORD'

WITH google_keyword_latest AS (
  SELECT
    id AS criterion_id,
    ad_group_id,
    keyword_text,
    keyword_match_type,
    ROW_NUMBER() OVER (PARTITION BY id ORDER BY updated_at DESC) AS rn
  FROM `res-analytics`.`google_ads_v2`.`ad_group_criterion_history`
  WHERE type = 'KEYWORD'
),

google_keywords AS (
  SELECT
    criterion_id,
    ad_group_id,
    keyword_text,
    keyword_match_type
  FROM google_keyword_latest
  WHERE rn = 1
),

all_keywords AS (
  SELECT
    CONCAT('google_ads_', CAST(criterion_id AS STRING)) AS id,
    keyword_text AS keyword_name,
    keyword_match_type AS match_type,
    CONCAT('google_ads_', CAST(ad_group_id AS STRING)) AS adset_id,
    'google_ads' AS ad_network_id
  FROM google_keywords
)

SELECT
  k.id,
  k.keyword_name,
  k.match_type,
  k.adset_id,
  adset.adset_name,
  adset.campaign_id,
  c.campaign_name,
  k.ad_network_id,
  c.account_id,
  c.organization_id,
  c.product_id
FROM all_keywords k
LEFT JOIN `res-analytics`.`com_allied`.`adsets` adset
  ON k.adset_id = adset.id
LEFT JOIN `res-analytics`.`com_allied`.`campaigns` c
  ON adset.campaign_id = c.id


    );
  
[0m20:59:54.222168 [debug] [Thread-2 (]: On "model.analytics.kpi_creative_daily": cache miss for schema "res-analytics.com_allied_facebook_ads", this is inefficient
[0m20:59:54.408306 [debug] [Thread-2 (]: On "model.analytics.kpi_creative_daily": cache miss for schema "res-analytics.com_allied_facebook_ads", this is inefficient
[0m20:59:54.510968 [debug] [Thread-4 (]: BigQuery adapter: https://console.cloud.google.com/bigquery?project=res-analytics&j=bq:US:e9fd3dc4-8347-41b4-bf97-60c1839f6a23&page=queryresults
[0m20:59:54.619413 [debug] [Thread-2 (]: On "model.analytics.kpi_creative_daily": cache miss for schema "res-analytics.com_allied_google_ads", this is inefficient
[0m20:59:54.831971 [debug] [Thread-2 (]: On "model.analytics.kpi_creative_daily": cache miss for schema "res-analytics.com_allied_google_ads", this is inefficient
[0m20:59:55.047141 [debug] [Thread-2 (]: On "model.analytics.kpi_creative_daily": cache miss for schema "res-analytics.com_allied_linkedin_ads", this is inefficient
[0m20:59:55.218946 [debug] [Thread-2 (]: On "model.analytics.kpi_creative_daily": cache miss for schema "res-analytics.com_allied_linkedin_ads", this is inefficient
[0m20:59:55.417724 [debug] [Thread-2 (]: On "model.analytics.kpi_creative_daily": cache miss for schema "res-analytics.com_allied_linkedin_ads", this is inefficient
[0m20:59:55.561650 [debug] [Thread-2 (]: On "model.analytics.kpi_creative_daily": cache miss for schema "res-analytics.com_allied_linkedin_ads", this is inefficient
[0m20:59:55.770882 [debug] [Thread-2 (]: On "model.analytics.kpi_creative_daily": cache miss for schema "res-analytics.com_allied_linkedin_ads", this is inefficient
[0m20:59:55.966635 [debug] [Thread-2 (]: On "model.analytics.kpi_creative_daily": cache miss for schema "res-analytics.com_allied_tiktok_ads", this is inefficient
[0m20:59:56.160617 [debug] [Thread-2 (]: On "model.analytics.kpi_creative_daily": cache miss for schema "res-analytics.com_allied_tiktok_ads", this is inefficient
[0m20:59:56.405814 [debug] [Thread-2 (]: On "model.analytics.kpi_creative_daily": cache miss for schema "res-analytics.com_allied_bing_ads", this is inefficient
[0m20:59:56.523504 [debug] [Thread-4 (]: SQL status: OK in 2.012 seconds
[0m20:59:56.555991 [debug] [Thread-2 (]: On "model.analytics.kpi_creative_daily": cache miss for schema "res-analytics.com_allied_bing_ads", this is inefficient
[0m20:59:56.723197 [debug] [Thread-4 (]: Sending event: {'category': 'dbt', 'action': 'run_model', 'label': '04628714-f4bf-4f63-9c60-b5f196a7bf5d', 'context': [<snowplow_tracker.self_describing_json.SelfDescribingJson object at 0x11ef37810>]}
[0m20:59:56.723802 [debug] [Thread-2 (]: Writing injected SQL for node "model.analytics.kpi_creative_daily"
[0m20:59:56.724175 [info ] [Thread-4 (]: 8 of 12 OK created sql incremental model cortex.keywords ....................... [[32mCREATE TABLE (14.1k rows, 7.4 MiB processed)[0m in 2.90s]
[0m20:59:56.724721 [debug] [Thread-4 (]: Finished running node model.analytics.keywords
[0m20:59:56.725091 [debug] [Thread-2 (]: Began executing node model.analytics.kpi_creative_daily
[0m20:59:56.725415 [debug] [Thread-3 (]: Began running node model.analytics.kpi_keyword_daily
[0m20:59:56.733533 [info ] [Thread-3 (]: 10 of 12 START sql incremental model cortex.kpi_keyword_daily .................. [RUN]
[0m20:59:56.733841 [debug] [Thread-3 (]: Re-using an available connection from the pool (formerly model.analytics.adsets, now model.analytics.kpi_keyword_daily)
[0m20:59:56.734271 [debug] [Thread-3 (]: Began compiling node model.analytics.kpi_keyword_daily
[0m20:59:56.738597 [debug] [Thread-3 (]: Writing injected SQL for node "model.analytics.kpi_keyword_daily"
[0m20:59:56.739426 [debug] [Thread-3 (]: Began executing node model.analytics.kpi_keyword_daily
[0m20:59:56.742055 [debug] [Thread-3 (]: Opening a new connection, currently in state closed
[0m20:59:56.905929 [debug] [Thread-2 (]: Writing runtime sql for node "model.analytics.kpi_creative_daily"
[0m20:59:56.917929 [debug] [Thread-2 (]: On model.analytics.kpi_creative_daily: /* {"app": "dbt", "dbt_version": "1.11.2", "profile_name": "default", "target_name": "dev", "node_id": "model.analytics.kpi_creative_daily"} */

  
    

    create or replace table `res-analytics`.`com_allied`.`kpi_creative_daily`
      
    partition by date
    

    
    OPTIONS()
    as (
      

WITH
inputs AS (
  SELECT at_date
  FROM UNNEST(
    GENERATE_DATE_ARRAY(
      -- Default to 7 days lookback to catch retroactive API corrections from ad networks
      -- DATE('2026-01-25'),
      DATE('2022-01-01'),
      DATE('2026-02-01'),
      INTERVAL 1 DAY
    )
  ) AS at_date
),

--------------------------------------------------------------------
-- Facebook Performance
--------------------------------------------------------------------


facebook_dates AS (
  
  SELECT
    CAST(NULL AS DATE) as at_date,
    CAST(NULL AS STRING) as ad_id,
    CAST(NULL AS DATE) as earliest_date,
    CAST(NULL AS DATE) as latest_date
  FROM (SELECT 1) WHERE FALSE
  
),


facebook_conversion_names AS (
  
  SELECT
    CAST(NULL AS DATE) as date,
    CAST(NULL AS STRING) as ad_id,
    CAST(NULL AS STRING) as conversion_name,
    CAST(NULL AS FLOAT64) as conversion_count
  FROM (SELECT 1) WHERE FALSE
  
),


facebook_conversion_values AS (
  
  SELECT
    CAST(NULL AS DATE) as date,
    CAST(NULL AS STRING) as ad_id,
    CAST(NULL AS STRING) as conversion_name,
    CAST(NULL AS FLOAT64) as conversion_value
  FROM (SELECT 1) WHERE FALSE
  
),

facebook_conversions AS (
  SELECT
    fcn.date AS date,
    fcn.ad_id AS ad_id,
    fcn.conversion_name AS conversion_name,
    fcn.conversion_count AS conversion_count,
    fcv.conversion_value AS conversion_value
  FROM facebook_conversion_names fcn
  LEFT JOIN facebook_conversion_values fcv
  ON fcn.ad_id = fcv.ad_id
    AND fcn.date = fcv.date
    AND fcn.conversion_name = fcv.conversion_name
),



facebook_base AS (
  
  SELECT
    CAST(NULL AS DATE) as date,
    CAST(NULL AS DATE) as earliest_date,
    CAST(NULL AS DATE) as latest_date,
    CAST(NULL AS STRING) as ad_id,
    CAST(NULL AS STRING) as adset_id,
    CAST(NULL AS STRING) as campaign_id,
    CAST(NULL AS STRING) as account_id,
    CAST(NULL AS FLOAT64) as spend,
    CAST(NULL AS INTEGER) as impressions,
    CAST(NULL AS INTEGER) as clicks
  FROM (SELECT 1) WHERE FALSE
  
),

facebook_performance AS (
  SELECT
    fb.date,
    fb.earliest_date,
    fb.latest_date,
    fb.ad_id,
    fb.adset_id,
    fb.campaign_id,
    fb.account_id as account_id,
    MAX(fb.spend) as spend,
    MAX(fb.impressions) as impressions,
    MAX(fb.clicks) as clicks,

    MAX(a.kpi_1) AS kpi_1_name,
    SUM(CASE WHEN fc.conversion_name = a.kpi_1 THEN fc.conversion_count ELSE 0 END) AS kpi_1_count,
    SUM(CASE WHEN fc.conversion_name = a.kpi_1 THEN fc.conversion_value ELSE 0 END) AS kpi_1_value,
    MAX(a.kpi_2) AS kpi_2_name,
    SUM(CASE WHEN fc.conversion_name = a.kpi_2 THEN fc.conversion_count ELSE 0 END) AS kpi_2_count,
    SUM(CASE WHEN fc.conversion_name = a.kpi_2 THEN fc.conversion_value ELSE 0 END) AS kpi_2_value,
    MAX(a.kpi_3) AS kpi_3_name,
    SUM(CASE WHEN fc.conversion_name = a.kpi_3 THEN fc.conversion_count ELSE 0 END) AS kpi_3_count,
    SUM(CASE WHEN fc.conversion_name = a.kpi_3 THEN fc.conversion_value ELSE 0 END) AS kpi_3_value,
    MAX(a.kpi_4) AS kpi_4_name,
    SUM(CASE WHEN fc.conversion_name = a.kpi_4 THEN fc.conversion_count ELSE 0 END) AS kpi_4_count,
    SUM(CASE WHEN fc.conversion_name = a.kpi_4 THEN fc.conversion_value ELSE 0 END) AS kpi_4_value,
    MAX(a.kpi_5) AS kpi_5_name,
    SUM(CASE WHEN fc.conversion_name = a.kpi_5 THEN fc.conversion_count ELSE 0 END) AS kpi_5_count,
    SUM(CASE WHEN fc.conversion_name = a.kpi_5 THEN fc.conversion_value ELSE 0 END) AS kpi_5_value,
    MAX(a.kpi_6) AS kpi_6_name,
    SUM(CASE WHEN fc.conversion_name = a.kpi_6 THEN fc.conversion_count ELSE 0 END) AS kpi_6_count,
    SUM(CASE WHEN fc.conversion_name = a.kpi_6 THEN fc.conversion_value ELSE 0 END) AS kpi_6_value,
    MAX(a.kpi_7) AS kpi_7_name,
    SUM(CASE WHEN fc.conversion_name = a.kpi_7 THEN fc.conversion_count ELSE 0 END) AS kpi_7_count,
    SUM(CASE WHEN fc.conversion_name = a.kpi_7 THEN fc.conversion_value ELSE 0 END) AS kpi_7_value,
    MAX(a.kpi_8) AS kpi_8_name,
    SUM(CASE WHEN fc.conversion_name = a.kpi_8 THEN fc.conversion_count ELSE 0 END) AS kpi_8_count,
    SUM(CASE WHEN fc.conversion_name = a.kpi_8 THEN fc.conversion_value ELSE 0 END) AS kpi_8_value,
    MAX(a.kpi_9) AS kpi_9_name,
    SUM(CASE WHEN fc.conversion_name = a.kpi_9 THEN fc.conversion_count ELSE 0 END) AS kpi_9_count,
    SUM(CASE WHEN fc.conversion_name = a.kpi_9 THEN fc.conversion_value ELSE 0 END) AS kpi_9_value,
    MAX(a.kpi_10) AS kpi_10_name,
    SUM(CASE WHEN fc.conversion_name = a.kpi_10 THEN fc.conversion_count ELSE 0 END) AS kpi_10_count,
    SUM(CASE WHEN fc.conversion_name = a.kpi_10 THEN fc.conversion_value ELSE 0 END) AS kpi_10_value

  FROM facebook_base fb
  LEFT JOIN facebook_conversions fc
    ON fb.date = fc.date
    AND fb.ad_id = fc.ad_id
  LEFT JOIN `res-analytics.com_allied.accounts` a

    ON fb.account_id = a.id
  GROUP BY fb.date, fb.earliest_date, fb.latest_date, fb.ad_id, fb.adset_id, fb.campaign_id, fb.account_id
),

-- SELECT * from facebook_performance
-- ORDER BY ad_id;

--------------------------------------------------------------------
-- Google Performance
--------------------------------------------------------------------



google_dates AS (
  
  SELECT
    CAST(NULL AS DATE) as at_date,
    CAST(NULL AS STRING) as ad_id,
    CAST(NULL AS DATE) as earliest_date,
    CAST(NULL AS DATE) as latest_date
  FROM (SELECT 1) WHERE FALSE
  
),


google_conversions AS (
  
  SELECT
    CAST(NULL AS DATE) as date,
    CAST(NULL AS STRING) as ad_id,
    CAST(NULL AS STRING) as conversion_name,
    CAST(NULL AS FLOAT64) as conversion_count,
    CAST(NULL AS FLOAT64) as conversion_value
  FROM (SELECT 1) WHERE FALSE
  

),

google_base AS (
  
  SELECT
    CAST(NULL AS DATE) as date,
    CAST(NULL AS DATE) as earliest_date,
    CAST(NULL AS DATE) as latest_date,
    CAST(NULL AS STRING) as ad_id,
    CAST(NULL AS STRING) as adset_id,
    CAST(NULL AS STRING) as campaign_id,
    CAST(NULL AS STRING) as account_id,
    CAST(NULL AS FLOAT64) as spend,
    CAST(NULL AS INTEGER) as impressions,
    CAST(NULL AS INTEGER) as clicks
  FROM (SELECT 1) WHERE FALSE
  
),

google_performance AS (
  SELECT
    gb.date,
    gb.earliest_date,
    gb.latest_date,
    gb.ad_id,
    gb.adset_id,
    gb.campaign_id,
    gb.account_id AS account_id,
    MAX(gb.spend) AS spend,
    MAX(gb.impressions) as impressions,
    MAX(gb.clicks) as clicks,

    MAX(a.kpi_1) AS kpi_1_name,
    SUM(CASE WHEN gc.conversion_name = a.kpi_1 THEN gc.conversion_count ELSE 0 END) AS kpi_1_count,
    SUM(CASE WHEN gc.conversion_name = a.kpi_1 THEN gc.conversion_value ELSE 0 END) AS kpi_1_value,
    MAX(a.kpi_2) AS kpi_2_name,
    SUM(CASE WHEN gc.conversion_name = a.kpi_2 THEN gc.conversion_count ELSE 0 END) AS kpi_2_count,
    SUM(CASE WHEN gc.conversion_name = a.kpi_2 THEN gc.conversion_value ELSE 0 END) AS kpi_2_value,
    MAX(a.kpi_3) AS kpi_3_name,
    SUM(CASE WHEN gc.conversion_name = a.kpi_3 THEN gc.conversion_count ELSE 0 END) AS kpi_3_count,
    SUM(CASE WHEN gc.conversion_name = a.kpi_3 THEN gc.conversion_value ELSE 0 END) AS kpi_3_value,
    MAX(a.kpi_4) AS kpi_4_name,
    SUM(CASE WHEN gc.conversion_name = a.kpi_4 THEN gc.conversion_count ELSE 0 END) AS kpi_4_count,
    SUM(CASE WHEN gc.conversion_name = a.kpi_4 THEN gc.conversion_value ELSE 0 END) AS kpi_4_value,
    MAX(a.kpi_5) AS kpi_5_name,
    SUM(CASE WHEN gc.conversion_name = a.kpi_5 THEN gc.conversion_count ELSE 0 END) AS kpi_5_count,
    SUM(CASE WHEN gc.conversion_name = a.kpi_5 THEN gc.conversion_value ELSE 0 END) AS kpi_5_value,
    MAX(a.kpi_6) AS kpi_6_name,
    SUM(CASE WHEN gc.conversion_name = a.kpi_6 THEN gc.conversion_count ELSE 0 END) AS kpi_6_count,
    SUM(CASE WHEN gc.conversion_name = a.kpi_6 THEN gc.conversion_value ELSE 0 END) AS kpi_6_value,
    MAX(a.kpi_7) AS kpi_7_name,
    SUM(CASE WHEN gc.conversion_name = a.kpi_7 THEN gc.conversion_count ELSE 0 END) AS kpi_7_count,
    SUM(CASE WHEN gc.conversion_name = a.kpi_7 THEN gc.conversion_value ELSE 0 END) AS kpi_7_value,
    MAX(a.kpi_8) AS kpi_8_name,
    SUM(CASE WHEN gc.conversion_name = a.kpi_8 THEN gc.conversion_count ELSE 0 END) AS kpi_8_count,
    SUM(CASE WHEN gc.conversion_name = a.kpi_8 THEN gc.conversion_value ELSE 0 END) AS kpi_8_value,
    MAX(a.kpi_9) AS kpi_9_name,
    SUM(CASE WHEN gc.conversion_name = a.kpi_9 THEN gc.conversion_count ELSE 0 END) AS kpi_9_count,
    SUM(CASE WHEN gc.conversion_name = a.kpi_9 THEN gc.conversion_value ELSE 0 END) AS kpi_9_value,
    MAX(a.kpi_10) AS kpi_10_name,
    SUM(CASE WHEN gc.conversion_name = a.kpi_10 THEN gc.conversion_count ELSE 0 END) AS kpi_10_count,
    SUM(CASE WHEN gc.conversion_name = a.kpi_10 THEN gc.conversion_value ELSE 0 END) AS kpi_10_value



  FROM google_base gb
  LEFT JOIN google_conversions gc
    ON gb.date = gc.date
    AND gb.ad_id = gc.ad_id
  LEFT JOIN `res-analytics.com_allied.accounts` a
    ON gb.account_id = a.id
  GROUP BY gb.date, gb.earliest_date, gb.latest_date, gb.ad_id, gb.adset_id, gb.campaign_id, gb.account_id
),

-- TEMP DISABLE Google PMax See Note Below


--------------------------------------------------------------------
-- Linkedin Performance
-- NOTE: LinkedIn hierarchy: Account -> Campaign Group (=Nexus Campaign) -> Campaign (=Nexus AdSet) -> Creative (=Nexus Ad)
-- Conversion data comes from ad_analytics_by_creative_with_conversion_breakdown joined with conversion_history
--------------------------------------------------------------------


linkedin_dates AS (
  
  SELECT
    CAST(NULL AS DATE) as at_date,
    CAST(NULL AS STRING) as ad_id,
    CAST(NULL AS DATE) as earliest_date,
    CAST(NULL AS DATE) as latest_date
  FROM (SELECT 1) WHERE FALSE
  
),

-- Conversion data from breakdown table joined with conversion_history for names


linkedin_conversions AS (
  
  SELECT
    CAST(NULL AS DATE) as date,
    CAST(NULL AS STRING) as ad_id,
    CAST(NULL AS STRING) as conversion_name,
    CAST(NULL AS FLOAT64) as conversion_count,
    CAST(NULL AS FLOAT64) as conversion_value
  FROM (SELECT 1) WHERE FALSE
  
),

-- Base metrics with hierarchy from creative_history and campaign_history




linkedin_base AS (
  
  SELECT
    CAST(NULL AS DATE) as date,
    CAST(NULL AS DATE) as earliest_date,
    CAST(NULL AS DATE) as latest_date,
    CAST(NULL AS STRING) as ad_id,
    CAST(NULL AS STRING) as adset_id,
    CAST(NULL AS STRING) as campaign_id,
    CAST(NULL AS STRING) as account_id,
    CAST(NULL AS FLOAT64) as spend,
    CAST(NULL AS INTEGER) as impressions,
    CAST(NULL AS INTEGER) as clicks
  FROM (SELECT 1) WHERE FALSE
  
),

linkedin_performance AS (
  SELECT
    lb.date,
    lb.earliest_date,
    lb.latest_date,
    lb.ad_id,
    lb.adset_id,
    lb.campaign_id,
    lb.account_id,
    MAX(lb.spend) as spend,
    MAX(lb.impressions) as impressions,
    MAX(lb.clicks) as clicks,

    MAX(a.kpi_1) AS kpi_1_name,
    SUM(CASE WHEN lc.conversion_name = a.kpi_1 THEN lc.conversion_count ELSE 0 END) AS kpi_1_count,
    SUM(CASE WHEN lc.conversion_name = a.kpi_1 THEN lc.conversion_value ELSE 0 END) AS kpi_1_value,
    MAX(a.kpi_2) AS kpi_2_name,
    SUM(CASE WHEN lc.conversion_name = a.kpi_2 THEN lc.conversion_count ELSE 0 END) AS kpi_2_count,
    SUM(CASE WHEN lc.conversion_name = a.kpi_2 THEN lc.conversion_value ELSE 0 END) AS kpi_2_value,
    MAX(a.kpi_3) AS kpi_3_name,
    SUM(CASE WHEN lc.conversion_name = a.kpi_3 THEN lc.conversion_count ELSE 0 END) AS kpi_3_count,
    SUM(CASE WHEN lc.conversion_name = a.kpi_3 THEN lc.conversion_value ELSE 0 END) AS kpi_3_value,
    MAX(a.kpi_4) AS kpi_4_name,
    SUM(CASE WHEN lc.conversion_name = a.kpi_4 THEN lc.conversion_count ELSE 0 END) AS kpi_4_count,
    SUM(CASE WHEN lc.conversion_name = a.kpi_4 THEN lc.conversion_value ELSE 0 END) AS kpi_4_value,
    MAX(a.kpi_5) AS kpi_5_name,
    SUM(CASE WHEN lc.conversion_name = a.kpi_5 THEN lc.conversion_count ELSE 0 END) AS kpi_5_count,
    SUM(CASE WHEN lc.conversion_name = a.kpi_5 THEN lc.conversion_value ELSE 0 END) AS kpi_5_value,
    MAX(a.kpi_6) AS kpi_6_name,
    SUM(CASE WHEN lc.conversion_name = a.kpi_6 THEN lc.conversion_count ELSE 0 END) AS kpi_6_count,
    SUM(CASE WHEN lc.conversion_name = a.kpi_6 THEN lc.conversion_value ELSE 0 END) AS kpi_6_value,
    MAX(a.kpi_7) AS kpi_7_name,
    SUM(CASE WHEN lc.conversion_name = a.kpi_7 THEN lc.conversion_count ELSE 0 END) AS kpi_7_count,
    SUM(CASE WHEN lc.conversion_name = a.kpi_7 THEN lc.conversion_value ELSE 0 END) AS kpi_7_value,
    MAX(a.kpi_8) AS kpi_8_name,
    SUM(CASE WHEN lc.conversion_name = a.kpi_8 THEN lc.conversion_count ELSE 0 END) AS kpi_8_count,
    SUM(CASE WHEN lc.conversion_name = a.kpi_8 THEN lc.conversion_value ELSE 0 END) AS kpi_8_value,
    MAX(a.kpi_9) AS kpi_9_name,
    SUM(CASE WHEN lc.conversion_name = a.kpi_9 THEN lc.conversion_count ELSE 0 END) AS kpi_9_count,
    SUM(CASE WHEN lc.conversion_name = a.kpi_9 THEN lc.conversion_value ELSE 0 END) AS kpi_9_value,
    MAX(a.kpi_10) AS kpi_10_name,
    SUM(CASE WHEN lc.conversion_name = a.kpi_10 THEN lc.conversion_count ELSE 0 END) AS kpi_10_count,
    SUM(CASE WHEN lc.conversion_name = a.kpi_10 THEN lc.conversion_value ELSE 0 END) AS kpi_10_value

  FROM linkedin_base lb
  LEFT JOIN linkedin_conversions lc
    ON lb.date = lc.date
    AND lb.ad_id = lc.ad_id
  LEFT JOIN `res-analytics.com_allied.accounts` a
    ON lb.account_id = a.id

  GROUP BY lb.date, lb.earliest_date, lb.latest_date, lb.ad_id, lb.adset_id, lb.campaign_id, lb.account_id
),

-- SELECT * from linkedin_performance
-- ORDER BY ad_id;

--------------------------------------------------------------------
-- TikTok Performance (using ad_report_hourly - aggregated to daily)
--------------------------------------------------------------------


tiktok_dates AS (
  
  SELECT
    CAST(NULL AS DATE) as at_date,
    CAST(NULL AS STRING) as ad_id,
    CAST(NULL AS DATE) as earliest_date,
    CAST(NULL AS DATE) as latest_date
  FROM (SELECT 1) WHERE FALSE
  
),

-- Unpivot TikTok conversion columns to rows
-- NOTE: TikTok stores conversions as inline columns (not rows like Facebook's basic_ad_actions table)
tiktok_conversion_counts AS (
  
  SELECT
    CAST(NULL AS DATE) as date,
    CAST(NULL AS STRING) as ad_id,
    CAST(NULL AS STRING) as conversion_name,
    CAST(NULL AS FLOAT64) as conversion_count
  FROM (SELECT 1) WHERE FALSE
  
),

tiktok_conversion_values AS (
  
  SELECT
    CAST(NULL AS DATE) as date,
    CAST(NULL AS STRING) as ad_id,
    CAST(NULL AS STRING) as conversion_name,
    CAST(NULL AS FLOAT64) as conversion_value
  FROM (SELECT 1) WHERE FALSE
  
),

tiktok_conversions AS (
  SELECT
    tc.date,
    tc.ad_id,
    tc.conversion_name,
    tc.conversion_count,
    COALESCE(tv.conversion_value, 0.0) AS conversion_value
  FROM tiktok_conversion_counts tc
  LEFT JOIN tiktok_conversion_values tv
    ON tc.date = tv.date
    AND tc.ad_id = tv.ad_id
    AND tc.conversion_name = tv.conversion_name
  WHERE tc.conversion_count > 0 OR tv.conversion_value > 0
),


tiktok_base AS (
  
  SELECT
    CAST(NULL AS DATE) as date,
    CAST(NULL AS DATE) as earliest_date,
    CAST(NULL AS DATE) as latest_date,
    CAST(NULL AS STRING) as ad_id,
    CAST(NULL AS STRING) as adset_id,
    CAST(NULL AS STRING) as campaign_id,
    CAST(NULL AS STRING) as account_id,
    CAST(NULL AS FLOAT64) as spend,
    CAST(NULL AS INTEGER) as impressions,
    CAST(NULL AS INTEGER) as clicks
  FROM (SELECT 1) WHERE FALSE
  
),

tiktok_performance AS (
  SELECT
    tb.date,
    tb.earliest_date,
    tb.latest_date,
    tb.ad_id,
    tb.adset_id,
    tb.campaign_id,
    tb.account_id,
    MAX(tb.spend) AS spend,
    MAX(tb.impressions) AS impressions,
    MAX(tb.clicks) AS clicks,

    -- KPI mapping from accounts (same pattern as FB/Google/LinkedIn)
    MAX(a.kpi_1) AS kpi_1_name,
    SUM(CASE WHEN tc.conversion_name = a.kpi_1 THEN tc.conversion_count ELSE 0 END) AS kpi_1_count,
    SUM(CASE WHEN tc.conversion_name = a.kpi_1 THEN tc.conversion_value ELSE 0 END) AS kpi_1_value,
    MAX(a.kpi_2) AS kpi_2_name,
    SUM(CASE WHEN tc.conversion_name = a.kpi_2 THEN tc.conversion_count ELSE 0 END) AS kpi_2_count,
    SUM(CASE WHEN tc.conversion_name = a.kpi_2 THEN tc.conversion_value ELSE 0 END) AS kpi_2_value,
    MAX(a.kpi_3) AS kpi_3_name,
    SUM(CASE WHEN tc.conversion_name = a.kpi_3 THEN tc.conversion_count ELSE 0 END) AS kpi_3_count,
    SUM(CASE WHEN tc.conversion_name = a.kpi_3 THEN tc.conversion_value ELSE 0 END) AS kpi_3_value,
    MAX(a.kpi_4) AS kpi_4_name,
    SUM(CASE WHEN tc.conversion_name = a.kpi_4 THEN tc.conversion_count ELSE 0 END) AS kpi_4_count,
    SUM(CASE WHEN tc.conversion_name = a.kpi_4 THEN tc.conversion_value ELSE 0 END) AS kpi_4_value,
    MAX(a.kpi_5) AS kpi_5_name,
    SUM(CASE WHEN tc.conversion_name = a.kpi_5 THEN tc.conversion_count ELSE 0 END) AS kpi_5_count,
    SUM(CASE WHEN tc.conversion_name = a.kpi_5 THEN tc.conversion_value ELSE 0 END) AS kpi_5_value,
    MAX(a.kpi_6) AS kpi_6_name,
    SUM(CASE WHEN tc.conversion_name = a.kpi_6 THEN tc.conversion_count ELSE 0 END) AS kpi_6_count,
    SUM(CASE WHEN tc.conversion_name = a.kpi_6 THEN tc.conversion_value ELSE 0 END) AS kpi_6_value,
    MAX(a.kpi_7) AS kpi_7_name,
    SUM(CASE WHEN tc.conversion_name = a.kpi_7 THEN tc.conversion_count ELSE 0 END) AS kpi_7_count,
    SUM(CASE WHEN tc.conversion_name = a.kpi_7 THEN tc.conversion_value ELSE 0 END) AS kpi_7_value,
    MAX(a.kpi_8) AS kpi_8_name,
    SUM(CASE WHEN tc.conversion_name = a.kpi_8 THEN tc.conversion_count ELSE 0 END) AS kpi_8_count,
    SUM(CASE WHEN tc.conversion_name = a.kpi_8 THEN tc.conversion_value ELSE 0 END) AS kpi_8_value,
    MAX(a.kpi_9) AS kpi_9_name,
    SUM(CASE WHEN tc.conversion_name = a.kpi_9 THEN tc.conversion_count ELSE 0 END) AS kpi_9_count,
    SUM(CASE WHEN tc.conversion_name = a.kpi_9 THEN tc.conversion_value ELSE 0 END) AS kpi_9_value,
    MAX(a.kpi_10) AS kpi_10_name,
    SUM(CASE WHEN tc.conversion_name = a.kpi_10 THEN tc.conversion_count ELSE 0 END) AS kpi_10_count,
    SUM(CASE WHEN tc.conversion_name = a.kpi_10 THEN tc.conversion_value ELSE 0 END) AS kpi_10_value

  FROM tiktok_base tb
  LEFT JOIN tiktok_conversions tc
    ON tb.date = tc.date
    AND tb.ad_id = tc.ad_id
  LEFT JOIN `res-analytics.com_allied.accounts` a
    ON tb.account_id = a.id
  GROUP BY tb.date, tb.earliest_date, tb.latest_date, tb.ad_id, tb.adset_id, tb.campaign_id, tb.account_id
),

--------------------------------------------------------------------
-- Bing/Microsoft Performance (using raw Fivetran table with SUM aggregation)
--------------------------------------------------------------------

bing_dates AS (
  
  SELECT
    CAST(NULL AS DATE) as at_date,
    CAST(NULL AS STRING) as ad_id,
    CAST(NULL AS DATE) as earliest_date,
    CAST(NULL AS DATE) as latest_date
  FROM (SELECT 1) WHERE FALSE
  
),

-- Ad-level conversions with goal names (same pattern as Google's ads_conversions)

bing_conversions AS (
  
  SELECT
    CAST(NULL AS DATE) as date,
    CAST(NULL AS STRING) as ad_id,
    CAST(NULL AS STRING) as adset_id,
    CAST(NULL AS STRING) as campaign_id,
    CAST(NULL AS STRING) as account_id,
    CAST(NULL AS STRING) as conversion_name,
    CAST(NULL AS FLOAT64) as conversion_count,
    CAST(NULL AS FLOAT64) as conversion_value
  FROM (SELECT 1) WHERE FALSE
  
),

bing_base AS (
  
  SELECT
    CAST(NULL AS DATE) as date,
    CAST(NULL AS DATE) as earliest_date,
    CAST(NULL AS DATE) as latest_date,
    CAST(NULL AS STRING) as ad_id,
    CAST(NULL AS STRING) as adset_id,
    CAST(NULL AS STRING) as campaign_id,
    CAST(NULL AS STRING) as account_id,
    CAST(NULL AS FLOAT64) as spend,
    CAST(NULL AS INTEGER) as impressions,
    CAST(NULL AS INTEGER) as clicks
  FROM (SELECT 1) WHERE FALSE

    
),

bing_performance AS (
  SELECT
    bb.date,
    bb.earliest_date,
    bb.latest_date,
    bb.ad_id,
    bb.adset_id,
    bb.campaign_id,
    bb.account_id,
    MAX(bb.spend) AS spend,
    MAX(bb.impressions) AS impressions,
    MAX(bb.clicks) AS clicks,

    -- KPI mapping by goal name (same pattern as Google)
    -- Conversions joined via ad_id (ad level - same as Google)
    MAX(a.kpi_1) AS kpi_1_name,
    SUM(CASE WHEN bc.conversion_name = a.kpi_1 THEN bc.conversion_count ELSE 0 END) AS kpi_1_count,
    SUM(CASE WHEN bc.conversion_name = a.kpi_1 THEN bc.conversion_value ELSE 0 END) AS kpi_1_value,
    MAX(a.kpi_2) AS kpi_2_name,
    SUM(CASE WHEN bc.conversion_name = a.kpi_2 THEN bc.conversion_count ELSE 0 END) AS kpi_2_count,
    SUM(CASE WHEN bc.conversion_name = a.kpi_2 THEN bc.conversion_value ELSE 0 END) AS kpi_2_value,
    MAX(a.kpi_3) AS kpi_3_name,
    SUM(CASE WHEN bc.conversion_name = a.kpi_3 THEN bc.conversion_count ELSE 0 END) AS kpi_3_count,
    SUM(CASE WHEN bc.conversion_name = a.kpi_3 THEN bc.conversion_value ELSE 0 END) AS kpi_3_value,
    MAX(a.kpi_4) AS kpi_4_name,
    SUM(CASE WHEN bc.conversion_name = a.kpi_4 THEN bc.conversion_count ELSE 0 END) AS kpi_4_count,
    SUM(CASE WHEN bc.conversion_name = a.kpi_4 THEN bc.conversion_value ELSE 0 END) AS kpi_4_value,
    MAX(a.kpi_5) AS kpi_5_name,
    SUM(CASE WHEN bc.conversion_name = a.kpi_5 THEN bc.conversion_count ELSE 0 END) AS kpi_5_count,
    SUM(CASE WHEN bc.conversion_name = a.kpi_5 THEN bc.conversion_value ELSE 0 END) AS kpi_5_value,
    MAX(a.kpi_6) AS kpi_6_name,
    SUM(CASE WHEN bc.conversion_name = a.kpi_6 THEN bc.conversion_count ELSE 0 END) AS kpi_6_count,
    SUM(CASE WHEN bc.conversion_name = a.kpi_6 THEN bc.conversion_value ELSE 0 END) AS kpi_6_value,
    MAX(a.kpi_7) AS kpi_7_name,
    SUM(CASE WHEN bc.conversion_name = a.kpi_7 THEN bc.conversion_count ELSE 0 END) AS kpi_7_count,
    SUM(CASE WHEN bc.conversion_name = a.kpi_7 THEN bc.conversion_value ELSE 0 END) AS kpi_7_value,
    MAX(a.kpi_8) AS kpi_8_name,
    SUM(CASE WHEN bc.conversion_name = a.kpi_8 THEN bc.conversion_count ELSE 0 END) AS kpi_8_count,
    SUM(CASE WHEN bc.conversion_name = a.kpi_8 THEN bc.conversion_value ELSE 0 END) AS kpi_8_value,
    MAX(a.kpi_9) AS kpi_9_name,
    SUM(CASE WHEN bc.conversion_name = a.kpi_9 THEN bc.conversion_count ELSE 0 END) AS kpi_9_count,
    SUM(CASE WHEN bc.conversion_name = a.kpi_9 THEN bc.conversion_value ELSE 0 END) AS kpi_9_value,
    MAX(a.kpi_10) AS kpi_10_name,
    SUM(CASE WHEN bc.conversion_name = a.kpi_10 THEN bc.conversion_count ELSE 0 END) AS kpi_10_count,
    SUM(CASE WHEN bc.conversion_name = a.kpi_10 THEN bc.conversion_value ELSE 0 END) AS kpi_10_value

  FROM bing_base bb
  LEFT JOIN bing_conversions bc
    ON bb.date = bc.date
    AND bb.ad_id = bc.ad_id  -- Join at AD level (same as Google)
  LEFT JOIN `res-analytics.com_allied.accounts` a
    ON bb.account_id = a.id
  GROUP BY bb.date, bb.earliest_date, bb.latest_date, bb.ad_id, bb.adset_id, bb.campaign_id, bb.account_id
),

--------------------------------------------------------------------
-- All Performance
--------------------------------------------------------------------
all_performance AS (
  SELECT * FROM facebook_performance
  UNION ALL
  SELECT * FROM google_performance
  UNION ALL
  -- TEMP DISABLE Google PMax
  -- SELECT * FROM google_pmax_performance
  -- UNION ALL
  SELECT * FROM linkedin_performance
  UNION ALL
  SELECT * FROM tiktok_performance
  UNION ALL
  SELECT * FROM bing_performance
),

--------------------------------------------------------------------
-- Creative Fatigue
--------------------------------------------------------------------
-- Step 1: Compute initial CTR (first 7 days)
initial_ctr AS (
  SELECT
    ap.ad_id,
    SUM(ap.impressions) AS initial_impressions,
    SUM(ap.clicks) AS initial_clicks,
    COALESCE(SAFE_DIVIDE(SUM(ap.clicks), SUM(ap.impressions)), 0) AS initial_ctr_value
  FROM all_performance ap
  WHERE ap.date >= ap.earliest_date
    AND ap.date < DATE_ADD(ap.earliest_date, INTERVAL 7 DAY)
  GROUP BY ap.ad_id
),

-- Step 2: Compute current CTR (trailing 7 days from at_date)
current_ctr AS (
  SELECT
    i.at_date,
    ap.ad_id,
    SUM(ap.impressions) AS current_impressions,
    SUM(ap.clicks) AS current_clicks,
    COALESCE(SAFE_DIVIDE(SUM(ap.clicks), SUM(ap.impressions)), 0) AS current_ctr_value
  FROM inputs i
  JOIN all_performance ap
    ON ap.date > DATE_SUB(i.at_date, INTERVAL 7 DAY)
    AND ap.date <= i.at_date
  GROUP BY i.at_date, ap.ad_id
),

-- Step 3: Compute total cumulative impressions
cumulative_impressions AS (
  SELECT
    i.at_date,
    ap.ad_id,
    SUM(ap.impressions) AS total_impressions
  FROM inputs i
  JOIN all_performance ap
    ON ap.date >= ap.earliest_date
    AND ap.date <= i.at_date
  GROUP BY i.at_date, ap.ad_id
),

-- Combine all metrics and compute scores
all_performance_with_fatigue AS (
  SELECT
    ap.date,
    ap.earliest_date,
    ap.latest_date,
    DATE_DIFF(ap.date, ap.earliest_date, DAY) AS age_days,

    ap.ad_id,
    ap.adset_id,
    ap.campaign_id,
    ap.account_id,

    ap.spend,
    ap.impressions,
    ap.clicks,

    ap.kpi_1_name,
    ap.kpi_1_count,
    ap.kpi_1_value,

    ap.kpi_2_name,
    ap.kpi_2_count,
    ap.kpi_2_value,

    ap.kpi_3_name,
    ap.kpi_3_count,
    ap.kpi_3_value,

    ap.kpi_4_name,
    ap.kpi_4_count,
    ap.kpi_4_value,

    ap.kpi_5_name,
    ap.kpi_5_count,
    ap.kpi_5_value,

    ap.kpi_6_name,
    ap.kpi_6_count,
    ap.kpi_6_value,

    ap.kpi_7_name,
    ap.kpi_7_count,
    ap.kpi_7_value,

    ap.kpi_8_name,
    ap.kpi_8_count,
    ap.kpi_8_value,

    ap.kpi_9_name,
    ap.kpi_9_count,
    ap.kpi_9_value,

    ap.kpi_10_name,
    ap.kpi_10_count,
    ap.kpi_10_value,

    -- CTR metrics
    ictr.initial_ctr_value,
    COALESCE(cctr.current_ctr_value, 0) as current_ctr_value,

    -- CTR percentage change [0-1]
    CASE
      WHEN ictr.initial_ctr_value IS NULL OR ictr.initial_ctr_value = 0 THEN 0
      ELSE ((cctr.current_ctr_value - ictr.initial_ctr_value) / ictr.initial_ctr_value)
    END AS ctr_change_pct,

    -- Cumulative impressions
    COALESCE(ci.total_impressions, 0) AS cumulative_impressions,

    -- Step 4: CTR Decay Score
    CASE
      WHEN DATE_DIFF(ap.date, ap.earliest_date, DAY) < 7 THEN 0
      WHEN ictr.initial_ctr_value = 0 THEN 0
      WHEN ((cctr.current_ctr_value - ictr.initial_ctr_value) / ictr.initial_ctr_value) <= -.30 THEN 50
      WHEN ((cctr.current_ctr_value - ictr.initial_ctr_value) / ictr.initial_ctr_value) <= -.20 THEN 40
      WHEN ((cctr.current_ctr_value - ictr.initial_ctr_value) / ictr.initial_ctr_value) <= -.10 THEN 25
      WHEN ((cctr.current_ctr_value - ictr.initial_ctr_value) / ictr.initial_ctr_value) <= -.05 THEN 15
      ELSE 0
    END AS ctr_decay_score,

    -- Step 5: Impression Pressure Score
    CASE
      WHEN DATE_DIFF(ap.date, ap.earliest_date, DAY) < 7 THEN 0
      WHEN COALESCE(ci.total_impressions, 0) >= 1000000 THEN 30
      WHEN COALESCE(ci.total_impressions, 0) >= 500000 THEN 18
      WHEN COALESCE(ci.total_impressions, 0) >= 200000 THEN 12
      WHEN COALESCE(ci.total_impressions, 0) >= 50000 THEN 6
      ELSE 0
    END AS impression_pressure_score,

    -- Step 6: Age Pressure Score
    CASE
      WHEN DATE_DIFF(ap.date, ap.earliest_date, DAY) < 7 THEN 0
      WHEN DATE_DIFF(ap.date, ap.earliest_date, DAY) >= 61 THEN 20
      WHEN DATE_DIFF(ap.date, ap.earliest_date, DAY) >= 31 THEN 10
      WHEN DATE_DIFF(ap.date, ap.earliest_date, DAY) >= 15 THEN 5
      ELSE 0
    END AS age_pressure_score

  FROM all_performance ap
  LEFT JOIN initial_ctr ictr
    ON ap.ad_id = ictr.ad_id
  LEFT JOIN current_ctr cctr
    ON ap.ad_id = cctr.ad_id
    AND cctr.at_date = ap.date
  LEFT JOIN cumulative_impressions ci
    ON ap.ad_id = ci.ad_id
    AND ci.at_date = ap.date
),

-- Join creative fatigue with performance
joined_data AS (
  SELECT
    p.date,
    p.earliest_date,
    p.latest_date,
    p.age_days,

    p.ad_id,
    ad.ad_name,
    p.adset_id,
    adset.adset_name,
    p.campaign_id,
    c.campaign_name,
    p.account_id,
    c.ad_network_id,
    c.organization_id,
    c.product_id,

    p.spend,
    p.impressions,
    p.cumulative_impressions,
    p.clicks,
    p.initial_ctr_value,
    p.current_ctr_value,
    p.ctr_change_pct,
    p.ctr_decay_score,
    p.impression_pressure_score,
    p.age_pressure_score,
    (p.ctr_decay_score + p.impression_pressure_score + p.age_pressure_score) AS fatigue_score,

    p.kpi_1_name,
    p.kpi_1_count,
    p.kpi_1_value,

    p.kpi_2_name,
    p.kpi_2_count,
    p.kpi_2_value,

    p.kpi_3_name,
    p.kpi_3_count,
    p.kpi_3_value,

    p.kpi_4_name,
    p.kpi_4_count,
    p.kpi_4_value,

    p.kpi_5_name,
    p.kpi_5_count,
    p.kpi_5_value,

    p.kpi_6_name,
    p.kpi_6_count,
    p.kpi_6_value,

    p.kpi_7_name,
    p.kpi_7_count,
    p.kpi_7_value,

    p.kpi_8_name,
    p.kpi_8_count,
    p.kpi_8_value,

    p.kpi_9_name,
    p.kpi_9_count,
    p.kpi_9_value,

    p.kpi_10_name,
    p.kpi_10_count,
    p.kpi_10_value

  FROM all_performance_with_fatigue p
  -- LEFT JOIN `res-analytics.com_allied.ads` ad
  LEFT JOIN `res-analytics`.`com_allied`.`ads` ad
    ON p.ad_id = ad.id
  -- LEFT JOIN `res-analytics.com_allied.adsets` adset
  LEFT JOIN `res-analytics`.`com_allied`.`adsets` adset
    ON p.adset_id = adset.id
  -- LEFT JOIN `res-analytics.com_allied.campaigns` c
  LEFT JOIN `res-analytics`.`com_allied`.`campaigns` c
    ON p.campaign_id = c.id
),

final AS (
SELECT
  date,
--   COUNT(*) as num_rows,
  earliest_date,
  latest_date,
  organization_id,
  product_id,
  ad_network_id,
  account_id,
  campaign_id,
  campaign_name,
  adset_id,
  adset_name,
  ad_id,
  ad_name,
  spend,
  impressions,
  clicks,
  fatigue_score,

  kpi_1_name,
  kpi_1_count,
  kpi_1_value,

  kpi_2_name,
  kpi_2_count,
  kpi_2_value,

  kpi_3_name,
  kpi_3_count,
  kpi_3_value,

  kpi_4_name,
  kpi_4_count,
  kpi_4_value,

  kpi_5_name,
  kpi_5_count,
  kpi_5_value,

  kpi_6_name,
  kpi_6_count,
  kpi_6_value,

  kpi_7_name,
  kpi_7_count,
  kpi_7_value,

  kpi_8_name,
  kpi_8_count,
  kpi_8_value,

  kpi_9_name,
  kpi_9_count,
  kpi_9_value,

  kpi_10_name,
  kpi_10_count,
  kpi_10_value

FROM joined_data

GROUP BY
  date,
  earliest_date,
  latest_date,
  organization_id,
  product_id,
  ad_network_id,
  account_id,
  campaign_id,
  campaign_name,
  adset_id,
  adset_name,
  ad_id,
  ad_name,
  spend,
  impressions,
  clicks,
  fatigue_score,
  kpi_1_name,
  kpi_1_count,
  kpi_1_value,

  kpi_2_name,
  kpi_2_count,
  kpi_2_value,

  kpi_3_name,
  kpi_3_count,
  kpi_3_value,

  kpi_4_name,
  kpi_4_count,
  kpi_4_value,

  kpi_5_name,
  kpi_5_count,
  kpi_5_value,

  kpi_6_name,
  kpi_6_count,
  kpi_6_value,

  kpi_7_name,
  kpi_7_count,
  kpi_7_value,

  kpi_8_name,
  kpi_8_count,
  kpi_8_value,

  kpi_9_name,
  kpi_9_count,
  kpi_9_value,

  kpi_10_name,
  kpi_10_count,
  kpi_10_value
)

SELECT *
FROM final
    );
  
[0m20:59:57.004763 [debug] [Thread-3 (]: Writing runtime sql for node "model.analytics.kpi_keyword_daily"
[0m20:59:57.005674 [debug] [Thread-3 (]: On model.analytics.kpi_keyword_daily: /* {"app": "dbt", "dbt_version": "1.11.2", "profile_name": "default", "target_name": "dev", "node_id": "model.analytics.kpi_keyword_daily"} */

  
    

    create or replace table `res-analytics`.`cortex`.`kpi_keyword_daily`
      
    partition by date
    

    
    OPTIONS()
    as (
      

-- KPI Keyword Daily: Daily keyword-level performance metrics with KPI mapping
-- Currently Google Ads only (keywords are specific to search campaigns)

WITH
inputs AS (
  SELECT at_date
  FROM UNNEST(
    GENERATE_DATE_ARRAY(
      DATE('2026-01-25'),
      DATE('2026-02-01'),
      INTERVAL 1 DAY
    )
  ) AS at_date
),

--------------------------------------------------------------------
-- Google Keyword Performance
--------------------------------------------------------------------
google_keyword_dates AS (
  SELECT
    inputs.at_date,
    ad_group_criterion_criterion_id AS keyword_id,
    MIN(date) AS earliest_date,
    LEAST(MAX(date), inputs.at_date) AS latest_date
  FROM `res-analytics`.`google_ads_v2`.`keyword_stats`
  CROSS JOIN inputs
  GROUP BY ad_group_criterion_criterion_id, inputs.at_date
),

google_keyword_conversions AS (
  SELECT
    date,
    CONCAT('google_ads_', CAST(ad_group_criterion_criterion_id AS STRING)) AS keyword_id,
    conversion_action_name AS conversion_name,
    SUM(all_conversions) AS conversion_count,
    SUM(all_conversions_value) AS conversion_value
  FROM `res-analytics`.`google_ads_v2`.`keyword_conversions`
  WHERE conversion_action_name IS NOT NULL
  GROUP BY date, ad_group_criterion_criterion_id, conversion_action_name
),

google_keyword_base AS (
  SELECT
    ks.date,
    gd.earliest_date,
    gd.latest_date,
    CONCAT('google_ads_', CAST(ks.ad_group_criterion_criterion_id AS STRING)) AS keyword_id,
    CONCAT('google_ads_', CAST(ks.ad_group_id AS STRING)) AS adset_id,
    CONCAT('google_ads_', CAST(ks.campaign_id AS STRING)) AS campaign_id,
    CONCAT('google_ads_', CAST(ks.customer_id AS STRING)) AS account_id,
    SUM(COALESCE(ks.cost_micros, 0)) / 1000000.0 AS spend,
    SUM(COALESCE(ks.impressions, 0)) AS impressions,
    SUM(COALESCE(ks.clicks, 0)) AS clicks
  FROM `res-analytics`.`google_ads_v2`.`keyword_stats` ks
  CROSS JOIN inputs
  INNER JOIN google_keyword_dates gd
    ON ks.ad_group_criterion_criterion_id = gd.keyword_id
    AND gd.at_date = inputs.at_date
  WHERE ks.date = inputs.at_date
  GROUP BY ks.date, gd.earliest_date, gd.latest_date, ks.ad_group_criterion_criterion_id, ks.ad_group_id, ks.campaign_id, ks.customer_id
),

google_keyword_performance AS (
  SELECT
    gb.date,
    gb.earliest_date,
    gb.latest_date,
    gb.keyword_id,
    gb.adset_id,
    gb.campaign_id,
    gb.account_id,
    MAX(gb.spend) AS spend,
    MAX(gb.impressions) AS impressions,
    MAX(gb.clicks) AS clicks,

    MAX(a.kpi_1) AS kpi_1_name,
    SUM(CASE WHEN gc.conversion_name = a.kpi_1 THEN gc.conversion_count ELSE 0 END) AS kpi_1_count,
    SUM(CASE WHEN gc.conversion_name = a.kpi_1 THEN gc.conversion_value ELSE 0 END) AS kpi_1_value,
    MAX(a.kpi_2) AS kpi_2_name,
    SUM(CASE WHEN gc.conversion_name = a.kpi_2 THEN gc.conversion_count ELSE 0 END) AS kpi_2_count,
    SUM(CASE WHEN gc.conversion_name = a.kpi_2 THEN gc.conversion_value ELSE 0 END) AS kpi_2_value,
    MAX(a.kpi_3) AS kpi_3_name,
    SUM(CASE WHEN gc.conversion_name = a.kpi_3 THEN gc.conversion_count ELSE 0 END) AS kpi_3_count,
    SUM(CASE WHEN gc.conversion_name = a.kpi_3 THEN gc.conversion_value ELSE 0 END) AS kpi_3_value,
    MAX(a.kpi_4) AS kpi_4_name,
    SUM(CASE WHEN gc.conversion_name = a.kpi_4 THEN gc.conversion_count ELSE 0 END) AS kpi_4_count,
    SUM(CASE WHEN gc.conversion_name = a.kpi_4 THEN gc.conversion_value ELSE 0 END) AS kpi_4_value,
    MAX(a.kpi_5) AS kpi_5_name,
    SUM(CASE WHEN gc.conversion_name = a.kpi_5 THEN gc.conversion_count ELSE 0 END) AS kpi_5_count,
    SUM(CASE WHEN gc.conversion_name = a.kpi_5 THEN gc.conversion_value ELSE 0 END) AS kpi_5_value,
    MAX(a.kpi_6) AS kpi_6_name,
    SUM(CASE WHEN gc.conversion_name = a.kpi_6 THEN gc.conversion_count ELSE 0 END) AS kpi_6_count,
    SUM(CASE WHEN gc.conversion_name = a.kpi_6 THEN gc.conversion_value ELSE 0 END) AS kpi_6_value,
    MAX(a.kpi_7) AS kpi_7_name,
    SUM(CASE WHEN gc.conversion_name = a.kpi_7 THEN gc.conversion_count ELSE 0 END) AS kpi_7_count,
    SUM(CASE WHEN gc.conversion_name = a.kpi_7 THEN gc.conversion_value ELSE 0 END) AS kpi_7_value,
    MAX(a.kpi_8) AS kpi_8_name,
    SUM(CASE WHEN gc.conversion_name = a.kpi_8 THEN gc.conversion_count ELSE 0 END) AS kpi_8_count,
    SUM(CASE WHEN gc.conversion_name = a.kpi_8 THEN gc.conversion_value ELSE 0 END) AS kpi_8_value,
    MAX(a.kpi_9) AS kpi_9_name,
    SUM(CASE WHEN gc.conversion_name = a.kpi_9 THEN gc.conversion_count ELSE 0 END) AS kpi_9_count,
    SUM(CASE WHEN gc.conversion_name = a.kpi_9 THEN gc.conversion_value ELSE 0 END) AS kpi_9_value,
    MAX(a.kpi_10) AS kpi_10_name,
    SUM(CASE WHEN gc.conversion_name = a.kpi_10 THEN gc.conversion_count ELSE 0 END) AS kpi_10_count,
    SUM(CASE WHEN gc.conversion_name = a.kpi_10 THEN gc.conversion_value ELSE 0 END) AS kpi_10_value

  FROM google_keyword_base gb
  LEFT JOIN google_keyword_conversions gc
    ON gb.date = gc.date
    AND gb.keyword_id = gc.keyword_id
  LEFT JOIN `res-analytics`.`com_allied`.`accounts` a
    ON gb.account_id = a.id
  GROUP BY gb.date, gb.earliest_date, gb.latest_date, gb.keyword_id, gb.adset_id, gb.campaign_id, gb.account_id
),

--------------------------------------------------------------------
-- All Keyword Performance
--------------------------------------------------------------------
all_performance AS (
  SELECT * FROM google_keyword_performance
),

--------------------------------------------------------------------
-- Join with dimension tables
--------------------------------------------------------------------
joined_data AS (
  SELECT
    p.date,
    p.earliest_date,
    p.latest_date,
    DATE_DIFF(p.date, p.earliest_date, DAY) AS age_days,

    p.keyword_id,
    kw.keyword_name,
    kw.match_type,
    p.adset_id,
    adset.adset_name,
    p.campaign_id,
    c.campaign_name,
    p.account_id,
    c.ad_network_id,
    c.organization_id,
    c.product_id,

    p.spend,
    p.impressions,
    p.clicks,

    p.kpi_1_name,
    p.kpi_1_count,
    p.kpi_1_value,

    p.kpi_2_name,
    p.kpi_2_count,
    p.kpi_2_value,

    p.kpi_3_name,
    p.kpi_3_count,
    p.kpi_3_value,

    p.kpi_4_name,
    p.kpi_4_count,
    p.kpi_4_value,

    p.kpi_5_name,
    p.kpi_5_count,
    p.kpi_5_value,

    p.kpi_6_name,
    p.kpi_6_count,
    p.kpi_6_value,

    p.kpi_7_name,
    p.kpi_7_count,
    p.kpi_7_value,

    p.kpi_8_name,
    p.kpi_8_count,
    p.kpi_8_value,

    p.kpi_9_name,
    p.kpi_9_count,
    p.kpi_9_value,

    p.kpi_10_name,
    p.kpi_10_count,
    p.kpi_10_value

  FROM all_performance p
  LEFT JOIN `res-analytics`.`cortex`.`keywords` kw
    ON p.keyword_id = kw.id
  LEFT JOIN `res-analytics`.`com_allied`.`adsets` adset
    ON p.adset_id = adset.id
  LEFT JOIN `res-analytics`.`com_allied`.`campaigns` c
    ON p.campaign_id = c.id
),

final AS (
  SELECT
    date,
    earliest_date,
    latest_date,
    organization_id,
    product_id,
    ad_network_id,
    account_id,
    campaign_id,
    campaign_name,
    adset_id,
    adset_name,
    keyword_id,
    keyword_name,
    match_type,
    spend,
    impressions,
    clicks,

    kpi_1_name,
    kpi_1_count,
    kpi_1_value,

    kpi_2_name,
    kpi_2_count,
    kpi_2_value,

    kpi_3_name,
    kpi_3_count,
    kpi_3_value,

    kpi_4_name,
    kpi_4_count,
    kpi_4_value,

    kpi_5_name,
    kpi_5_count,
    kpi_5_value,

    kpi_6_name,
    kpi_6_count,
    kpi_6_value,

    kpi_7_name,
    kpi_7_count,
    kpi_7_value,

    kpi_8_name,
    kpi_8_count,
    kpi_8_value,

    kpi_9_name,
    kpi_9_count,
    kpi_9_value,

    kpi_10_name,
    kpi_10_count,
    kpi_10_value

  FROM joined_data

  GROUP BY
    date,
    earliest_date,
    latest_date,
    organization_id,
    product_id,
    ad_network_id,
    account_id,
    campaign_id,
    campaign_name,
    adset_id,
    adset_name,
    keyword_id,
    keyword_name,
    match_type,
    spend,
    impressions,
    clicks,
    kpi_1_name,
    kpi_1_count,
    kpi_1_value,
    kpi_2_name,
    kpi_2_count,
    kpi_2_value,
    kpi_3_name,
    kpi_3_count,
    kpi_3_value,
    kpi_4_name,
    kpi_4_count,
    kpi_4_value,
    kpi_5_name,
    kpi_5_count,
    kpi_5_value,
    kpi_6_name,
    kpi_6_count,
    kpi_6_value,
    kpi_7_name,
    kpi_7_count,
    kpi_7_value,
    kpi_8_name,
    kpi_8_count,
    kpi_8_value,
    kpi_9_name,
    kpi_9_count,
    kpi_9_value,
    kpi_10_name,
    kpi_10_count,
    kpi_10_value
)

SELECT *
FROM final
    );
  
[0m20:59:57.300385 [debug] [Thread-2 (]: BigQuery adapter: https://console.cloud.google.com/bigquery?project=res-analytics&j=bq:US:445b05ad-b850-4f05-a896-212e8e2ff7a9&page=queryresults
[0m20:59:57.373174 [debug] [Thread-3 (]: BigQuery adapter: https://console.cloud.google.com/bigquery?project=res-analytics&j=bq:US:c8763da6-8262-4172-bb0c-6e3eab02b360&page=queryresults
[0m20:59:59.052244 [debug] [Thread-2 (]: SQL status: OK in 1.751 seconds
[0m20:59:59.209425 [debug] [Thread-2 (]: Sending event: {'category': 'dbt', 'action': 'run_model', 'label': '04628714-f4bf-4f63-9c60-b5f196a7bf5d', 'context': [<snowplow_tracker.self_describing_json.SelfDescribingJson object at 0x11e2e73d0>]}
[0m20:59:59.209977 [info ] [Thread-2 (]: 9 of 12 OK created sql incremental model com_allied.kpi_creative_daily ......... [[32mCREATE TABLE (0.0 rows, 0 processed)[0m in 5.38s]
[0m20:59:59.210312 [debug] [Thread-2 (]: Finished running node model.analytics.kpi_creative_daily
[0m20:59:59.210716 [debug] [Thread-4 (]: Began running node model.analytics.forecast_accounts_daily
[0m20:59:59.210875 [debug] [Thread-1 (]: Began running node model.analytics.forecast_creative_daily
[0m20:59:59.211140 [info ] [Thread-4 (]: 11 of 12 START sql table model cortex.forecast_accounts_daily .................. [RUN]
[0m20:59:59.211718 [info ] [Thread-1 (]: 12 of 12 START sql table model cortex.forecast_creative_daily .................. [RUN]
[0m20:59:59.211997 [debug] [Thread-4 (]: Re-using an available connection from the pool (formerly model.analytics.keywords, now model.analytics.forecast_accounts_daily)
[0m20:59:59.212215 [debug] [Thread-1 (]: Re-using an available connection from the pool (formerly model.analytics.ads, now model.analytics.forecast_creative_daily)
[0m20:59:59.212446 [debug] [Thread-4 (]: Began compiling node model.analytics.forecast_accounts_daily
[0m20:59:59.212639 [debug] [Thread-1 (]: Began compiling node model.analytics.forecast_creative_daily
[0m20:59:59.220435 [debug] [Thread-4 (]: Writing injected SQL for node "model.analytics.forecast_accounts_daily"
[0m20:59:59.224579 [debug] [Thread-1 (]: Writing injected SQL for node "model.analytics.forecast_creative_daily"
[0m20:59:59.225279 [debug] [Thread-1 (]: Began executing node model.analytics.forecast_creative_daily
[0m20:59:59.225484 [debug] [Thread-4 (]: Began executing node model.analytics.forecast_accounts_daily
[0m20:59:59.226864 [debug] [Thread-1 (]: Opening a new connection, currently in state closed
[0m20:59:59.228182 [debug] [Thread-4 (]: Opening a new connection, currently in state closed
[0m20:59:59.442551 [debug] [Thread-4 (]: Writing runtime sql for node "model.analytics.forecast_accounts_daily"
[0m20:59:59.446847 [debug] [Thread-4 (]: On model.analytics.forecast_accounts_daily: /* {"app": "dbt", "dbt_version": "1.11.2", "profile_name": "default", "target_name": "dev", "node_id": "model.analytics.forecast_accounts_daily"} */

  
    

    create or replace table `res-analytics`.`cortex`.`forecast_accounts_daily`
      
    
    

    
    OPTIONS()
    as (
      WITH
active_ads AS (
    SELECT
        ad_id
    FROM `res-analytics`.`com_allied`.`kpi_creative_daily`
    WHERE 
        latest_date = DATE_SUB(CURRENT_DATE(), INTERVAL 2 DAY) -- Always process from the last full day.
),

kpi AS (
    SELECT
    DATE(date) AS date,
    organization_id,
    product_id,
    ad_network_id,
    account_id,
    SUM(spend) AS spend,
    SUM(impressions) AS impressions,
    SUM(clicks) AS clicks,
    SUM(fatigue_score) AS fatigue_score,

    SUM(kpi_1_count) AS kpi_1_count,
    SUM(kpi_1_value) AS kpi_1_value,

    SUM(kpi_2_count) AS kpi_2_count,
    SUM(kpi_2_value) AS kpi_2_value,

    SUM(kpi_3_count) AS kpi_3_count,
    SUM(kpi_3_value) AS kpi_3_value,

    SUM(kpi_4_count) AS kpi_4_count,
    SUM(kpi_4_value) AS kpi_4_value,

    SUM(kpi_5_count) AS kpi_5_count,
    SUM(kpi_5_value) AS kpi_5_value,

    SUM(kpi_6_count) AS kpi_6_count,
    SUM(kpi_6_value) AS kpi_6_value,

    SUM(kpi_7_count) AS kpi_7_count,
    SUM(kpi_7_value) AS kpi_7_value,

    SUM(kpi_8_count) AS kpi_8_count,
    SUM(kpi_8_value) AS kpi_8_value,

    SUM(kpi_9_count) AS kpi_9_count,
    SUM(kpi_9_value) AS kpi_9_value,

    SUM(kpi_10_count) AS kpi_10_count,
    SUM(kpi_10_value) AS kpi_10_value,

    FROM `res-analytics`.`com_allied`.`kpi_creative_daily`

    WHERE ad_id IN (SELECT ad_id FROM active_ads)

    GROUP BY date, organization_id, product_id, ad_network_id, account_id

),

kpi_metadata AS (
    SELECT DISTINCT
        organization_id,
        product_id,
        ad_network_id,
        account_id
    FROM kpi
),

f_spend AS (
    SELECT
        forecast_timestamp,
        organization_id,
        product_id,
        ad_network_id,
        account_id,
        forecast_value,
        confidence_level,
        prediction_interval_lower_bound,
        prediction_interval_upper_bound
    FROM
        AI.FORECAST((
            SELECT * FROM kpi
        ),
        data_col => 'spend',
        timestamp_col => 'date',
        id_cols => ['organization_id', 'product_id', 'ad_network_id', 'account_id'],
        horizon=> 7,
        model=>'TimesFM 2.5'

        )
),

f_impressions AS (
    SELECT
        forecast_timestamp,
        organization_id,
        product_id,
        ad_network_id,
        account_id,
        forecast_value,
        confidence_level,
        prediction_interval_lower_bound,
        prediction_interval_upper_bound
    FROM
        AI.FORECAST((
            SELECT * FROM kpi
        ),
        data_col => 'impressions',
        timestamp_col => 'date',
        id_cols => ['organization_id', 'product_id', 'ad_network_id', 'account_id'],
        horizon=> 7,
        model=>'TimesFM 2.5'

        )
),

f_clicks AS (
    SELECT
        forecast_timestamp,
        organization_id,
        product_id,
        ad_network_id,
        account_id,
        forecast_value,
        confidence_level,
        prediction_interval_lower_bound,
        prediction_interval_upper_bound
    FROM
        AI.FORECAST((
            SELECT * FROM kpi
        ),
        data_col => 'clicks',
        timestamp_col => 'date',
        id_cols => ['organization_id', 'product_id', 'ad_network_id', 'account_id'],
        horizon=> 7,
        model=>'TimesFM 2.5'

        )
),

f_fatigue_score AS (
    SELECT
        forecast_timestamp,
        organization_id,
        product_id,
        ad_network_id,
        account_id,
        forecast_value,
        confidence_level,
        prediction_interval_lower_bound,
        prediction_interval_upper_bound
    FROM
        AI.FORECAST((
            SELECT * FROM kpi
        ),
        data_col => 'fatigue_score',
        timestamp_col => 'date',
        id_cols => ['organization_id', 'product_id', 'ad_network_id', 'account_id'],
        horizon=> 7,
        model=>'TimesFM 2.5'

        )
),


f_kpi_1_count AS (
    SELECT
        forecast_timestamp,
        organization_id,
        product_id,
        ad_network_id,
        account_id,
        forecast_value,
        confidence_level,
        prediction_interval_lower_bound,
        prediction_interval_upper_bound
    FROM
        AI.FORECAST((
            SELECT * FROM kpi
        ),
        data_col => 'kpi_1_count',
        timestamp_col => 'date',
        id_cols => ['organization_id', 'product_id', 'ad_network_id', 'account_id'],
        horizon=> 7,
        model=>'TimesFM 2.5'

        )
),

f_kpi_1_value AS (
    SELECT
        forecast_timestamp,
        organization_id,
        product_id,
        ad_network_id,
        account_id,
        forecast_value,
        confidence_level,
        prediction_interval_lower_bound,
        prediction_interval_upper_bound
    FROM
        AI.FORECAST((
            SELECT * FROM kpi
        ),
        data_col => 'kpi_1_value',
        timestamp_col => 'date',
        id_cols => ['organization_id', 'product_id', 'ad_network_id', 'account_id'],
        horizon=> 7,
        model=>'TimesFM 2.5'

        )
),


f_kpi_2_count AS (
    SELECT
        forecast_timestamp,
        organization_id,
        product_id,
        ad_network_id,
        account_id,
        forecast_value,
        confidence_level,
        prediction_interval_lower_bound,
        prediction_interval_upper_bound
    FROM
        AI.FORECAST((
            SELECT * FROM kpi
        ),
        data_col => 'kpi_2_count',
        timestamp_col => 'date',
        id_cols => ['organization_id', 'product_id', 'ad_network_id', 'account_id'],
        horizon=> 7,
        model=>'TimesFM 2.5'

        )
),

f_kpi_2_value AS (
    SELECT
        forecast_timestamp,
        organization_id,
        product_id,
        ad_network_id,
        account_id,
        forecast_value,
        confidence_level,
        prediction_interval_lower_bound,
        prediction_interval_upper_bound
    FROM
        AI.FORECAST((
            SELECT * FROM kpi
        ),
        data_col => 'kpi_2_value',
        timestamp_col => 'date',
        id_cols => ['organization_id', 'product_id', 'ad_network_id', 'account_id'],
        horizon=> 7,
        model=>'TimesFM 2.5'

        )
),


f_kpi_3_count AS (
    SELECT
        forecast_timestamp,
        organization_id,
        product_id,
        ad_network_id,
        account_id,
        forecast_value,
        confidence_level,
        prediction_interval_lower_bound,
        prediction_interval_upper_bound
    FROM
        AI.FORECAST((
            SELECT * FROM kpi
        ),
        data_col => 'kpi_3_count',
        timestamp_col => 'date',
        id_cols => ['organization_id', 'product_id', 'ad_network_id', 'account_id'],
        horizon=> 7,
        model=>'TimesFM 2.5'

        )
),

f_kpi_3_value AS (
    SELECT
        forecast_timestamp,
        organization_id,
        product_id,
        ad_network_id,
        account_id,
        forecast_value,
        confidence_level,
        prediction_interval_lower_bound,
        prediction_interval_upper_bound
    FROM
        AI.FORECAST((
            SELECT * FROM kpi
        ),
        data_col => 'kpi_3_value',
        timestamp_col => 'date',
        id_cols => ['organization_id', 'product_id', 'ad_network_id', 'account_id'],
        horizon=> 7,
        model=>'TimesFM 2.5'

        )
),


f_kpi_4_count AS (
    SELECT
        forecast_timestamp,
        organization_id,
        product_id,
        ad_network_id,
        account_id,
        forecast_value,
        confidence_level,
        prediction_interval_lower_bound,
        prediction_interval_upper_bound
    FROM
        AI.FORECAST((
            SELECT * FROM kpi
        ),
        data_col => 'kpi_4_count',
        timestamp_col => 'date',
        id_cols => ['organization_id', 'product_id', 'ad_network_id', 'account_id'],
        horizon=> 7,
        model=>'TimesFM 2.5'

        )
),

f_kpi_4_value AS (
    SELECT
        forecast_timestamp,
        organization_id,
        product_id,
        ad_network_id,
        account_id,
        forecast_value,
        confidence_level,
        prediction_interval_lower_bound,
        prediction_interval_upper_bound
    FROM
        AI.FORECAST((
            SELECT * FROM kpi
        ),
        data_col => 'kpi_4_value',
        timestamp_col => 'date',
        id_cols => ['organization_id', 'product_id', 'ad_network_id', 'account_id'],
        horizon=> 7,
        model=>'TimesFM 2.5'

        )
),


f_kpi_5_count AS (
    SELECT
        forecast_timestamp,
        organization_id,
        product_id,
        ad_network_id,
        account_id,
        forecast_value,
        confidence_level,
        prediction_interval_lower_bound,
        prediction_interval_upper_bound
    FROM
        AI.FORECAST((
            SELECT * FROM kpi
        ),
        data_col => 'kpi_5_count',
        timestamp_col => 'date',
        id_cols => ['organization_id', 'product_id', 'ad_network_id', 'account_id'],
        horizon=> 7,
        model=>'TimesFM 2.5'

        )
),

f_kpi_5_value AS (
    SELECT
        forecast_timestamp,
        organization_id,
        product_id,
        ad_network_id,
        account_id,
        forecast_value,
        confidence_level,
        prediction_interval_lower_bound,
        prediction_interval_upper_bound
    FROM
        AI.FORECAST((
            SELECT * FROM kpi
        ),
        data_col => 'kpi_5_value',
        timestamp_col => 'date',
        id_cols => ['organization_id', 'product_id', 'ad_network_id', 'account_id'],
        horizon=> 7,
        model=>'TimesFM 2.5'

        )
),


f_kpi_6_count AS (
    SELECT
        forecast_timestamp,
        organization_id,
        product_id,
        ad_network_id,
        account_id,
        forecast_value,
        confidence_level,
        prediction_interval_lower_bound,
        prediction_interval_upper_bound
    FROM
        AI.FORECAST((
            SELECT * FROM kpi
        ),
        data_col => 'kpi_6_count',
        timestamp_col => 'date',
        id_cols => ['organization_id', 'product_id', 'ad_network_id', 'account_id'],
        horizon=> 7,
        model=>'TimesFM 2.5'

        )
),

f_kpi_6_value AS (
    SELECT
        forecast_timestamp,
        organization_id,
        product_id,
        ad_network_id,
        account_id,
        forecast_value,
        confidence_level,
        prediction_interval_lower_bound,
        prediction_interval_upper_bound
    FROM
        AI.FORECAST((
            SELECT * FROM kpi
        ),
        data_col => 'kpi_6_value',
        timestamp_col => 'date',
        id_cols => ['organization_id', 'product_id', 'ad_network_id', 'account_id'],
        horizon=> 7,
        model=>'TimesFM 2.5'

        )
),


f_kpi_7_count AS (
    SELECT
        forecast_timestamp,
        organization_id,
        product_id,
        ad_network_id,
        account_id,
        forecast_value,
        confidence_level,
        prediction_interval_lower_bound,
        prediction_interval_upper_bound
    FROM
        AI.FORECAST((
            SELECT * FROM kpi
        ),
        data_col => 'kpi_7_count',
        timestamp_col => 'date',
        id_cols => ['organization_id', 'product_id', 'ad_network_id', 'account_id'],
        horizon=> 7,
        model=>'TimesFM 2.5'

        )
),

f_kpi_7_value AS (
    SELECT
        forecast_timestamp,
        organization_id,
        product_id,
        ad_network_id,
        account_id,
        forecast_value,
        confidence_level,
        prediction_interval_lower_bound,
        prediction_interval_upper_bound
    FROM
        AI.FORECAST((
            SELECT * FROM kpi
        ),
        data_col => 'kpi_7_value',
        timestamp_col => 'date',
        id_cols => ['organization_id', 'product_id', 'ad_network_id', 'account_id'],
        horizon=> 7,
        model=>'TimesFM 2.5'

        )
),


f_kpi_8_count AS (
    SELECT
        forecast_timestamp,
        organization_id,
        product_id,
        ad_network_id,
        account_id,
        forecast_value,
        confidence_level,
        prediction_interval_lower_bound,
        prediction_interval_upper_bound
    FROM
        AI.FORECAST((
            SELECT * FROM kpi
        ),
        data_col => 'kpi_8_count',
        timestamp_col => 'date',
        id_cols => ['organization_id', 'product_id', 'ad_network_id', 'account_id'],
        horizon=> 7,
        model=>'TimesFM 2.5'

        )
),

f_kpi_8_value AS (
    SELECT
        forecast_timestamp,
        organization_id,
        product_id,
        ad_network_id,
        account_id,
        forecast_value,
        confidence_level,
        prediction_interval_lower_bound,
        prediction_interval_upper_bound
    FROM
        AI.FORECAST((
            SELECT * FROM kpi
        ),
        data_col => 'kpi_8_value',
        timestamp_col => 'date',
        id_cols => ['organization_id', 'product_id', 'ad_network_id', 'account_id'],
        horizon=> 7,
        model=>'TimesFM 2.5'

        )
),


f_kpi_9_count AS (
    SELECT
        forecast_timestamp,
        organization_id,
        product_id,
        ad_network_id,
        account_id,
        forecast_value,
        confidence_level,
        prediction_interval_lower_bound,
        prediction_interval_upper_bound
    FROM
        AI.FORECAST((
            SELECT * FROM kpi
        ),
        data_col => 'kpi_9_count',
        timestamp_col => 'date',
        id_cols => ['organization_id', 'product_id', 'ad_network_id', 'account_id'],
        horizon=> 7,
        model=>'TimesFM 2.5'

        )
),

f_kpi_9_value AS (
    SELECT
        forecast_timestamp,
        organization_id,
        product_id,
        ad_network_id,
        account_id,
        forecast_value,
        confidence_level,
        prediction_interval_lower_bound,
        prediction_interval_upper_bound
    FROM
        AI.FORECAST((
            SELECT * FROM kpi
        ),
        data_col => 'kpi_9_value',
        timestamp_col => 'date',
        id_cols => ['organization_id', 'product_id', 'ad_network_id', 'account_id'],
        horizon=> 7,
        model=>'TimesFM 2.5'

        )
),


f_kpi_10_count AS (
    SELECT
        forecast_timestamp,
        organization_id,
        product_id,
        ad_network_id,
        account_id,
        forecast_value,
        confidence_level,
        prediction_interval_lower_bound,
        prediction_interval_upper_bound
    FROM
        AI.FORECAST((
            SELECT * FROM kpi
        ),
        data_col => 'kpi_10_count',
        timestamp_col => 'date',
        id_cols => ['organization_id', 'product_id', 'ad_network_id', 'account_id'],
        horizon=> 7,
        model=>'TimesFM 2.5'

        )
),

f_kpi_10_value AS (
    SELECT
        forecast_timestamp,
        organization_id,
        product_id,
        ad_network_id,
        account_id,
        forecast_value,
        confidence_level,
        prediction_interval_lower_bound,
        prediction_interval_upper_bound
    FROM
        AI.FORECAST((
            SELECT * FROM kpi
        ),
        data_col => 'kpi_10_value',
        timestamp_col => 'date',
        id_cols => ['organization_id', 'product_id', 'ad_network_id', 'account_id'],
        horizon=> 7,
        model=>'TimesFM 2.5'

        )
),


joined AS (
    SELECT
        DATE(f_spend.forecast_timestamp) as date,
        kpi_metadata.organization_id,
        kpi_metadata.product_id,
        kpi_metadata.ad_network_id,
        kpi_metadata.account_id,

        -- Spend forecast
        f_spend.forecast_value as spend,
        f_spend.confidence_level as spend_confidence_level,
        f_spend.prediction_interval_lower_bound as spend_lower_bound,
        f_spend.prediction_interval_upper_bound as spend_upper_bound,

        -- Impressions forecast
        f_impressions.forecast_value as impressions,
        f_impressions.confidence_level as impressions_confidence_level,
        f_impressions.prediction_interval_lower_bound as impressions_lower_bound,
        f_impressions.prediction_interval_upper_bound as impressions_upper_bound,

        -- Clicks forecast
        f_clicks.forecast_value as clicks,
        f_clicks.confidence_level as clicks_confidence_level,
        f_clicks.prediction_interval_lower_bound as clicks_lower_bound,
        f_clicks.prediction_interval_upper_bound as clicks_upper_bound,

        -- Fatigue Score forecast
        f_fatigue_score.forecast_value as fatigue_score,
        f_fatigue_score.confidence_level as fatigue_score_confidence_level,
        f_fatigue_score.prediction_interval_lower_bound as fatigue_score_lower_bound,
        f_fatigue_score.prediction_interval_upper_bound as fatigue_score_upper_bound,

        -- kpi_1_count forecast
        f_kpi_1_count.forecast_value as kpi_1_count,
        f_kpi_1_count.confidence_level as kpi_1_count_confidence_level,
        f_kpi_1_count.prediction_interval_lower_bound as kpi_1_count_lower_bound,
        f_kpi_1_count.prediction_interval_upper_bound as kpi_1_count_upper_bound,

        -- kpi_1_value forecast
        f_kpi_1_value.forecast_value as kpi_1_value,
        f_kpi_1_value.confidence_level as kpi_1_value_confidence_level,
        f_kpi_1_value.prediction_interval_lower_bound as kpi_1_value_lower_bound,
        f_kpi_1_value.prediction_interval_upper_bound as kpi_1_value_upper_bound,



        -- kpi_2_count forecast
        f_kpi_2_count.forecast_value as kpi_2_count,
        f_kpi_2_count.confidence_level as kpi_2_count_confidence_level,
        f_kpi_2_count.prediction_interval_lower_bound as kpi_2_count_lower_bound,
        f_kpi_2_count.prediction_interval_upper_bound as kpi_2_count_upper_bound,

        -- kpi_2_value forecast
        f_kpi_2_value.forecast_value as kpi_2_value,
        f_kpi_2_value.confidence_level as kpi_2_value_confidence_level,
        f_kpi_2_value.prediction_interval_lower_bound as kpi_2_value_lower_bound,
        f_kpi_2_value.prediction_interval_upper_bound as kpi_2_value_upper_bound,



        -- kpi_3_count forecast
        f_kpi_3_count.forecast_value as kpi_3_count,
        f_kpi_3_count.confidence_level as kpi_3_count_confidence_level,
        f_kpi_3_count.prediction_interval_lower_bound as kpi_3_count_lower_bound,
        f_kpi_3_count.prediction_interval_upper_bound as kpi_3_count_upper_bound,

        -- kpi_3_value forecast
        f_kpi_3_value.forecast_value as kpi_3_value,
        f_kpi_3_value.confidence_level as kpi_3_value_confidence_level,
        f_kpi_3_value.prediction_interval_lower_bound as kpi_3_value_lower_bound,
        f_kpi_3_value.prediction_interval_upper_bound as kpi_3_value_upper_bound,


        -- kpi_4_count forecast
        f_kpi_4_count.forecast_value as kpi_4_count,
        f_kpi_4_count.confidence_level as kpi_4_count_confidence_level,
        f_kpi_4_count.prediction_interval_lower_bound as kpi_4_count_lower_bound,
        f_kpi_4_count.prediction_interval_upper_bound as kpi_4_count_upper_bound,

        -- kpi_4_value forecast
        f_kpi_4_value.forecast_value as kpi_4_value,
        f_kpi_4_value.confidence_level as kpi_4_value_confidence_level,
        f_kpi_4_value.prediction_interval_lower_bound as kpi_4_value_lower_bound,
        f_kpi_4_value.prediction_interval_upper_bound as kpi_4_value_upper_bound,



        -- kpi_5_count forecast
        f_kpi_5_count.forecast_value as kpi_5_count,
        f_kpi_5_count.confidence_level as kpi_5_count_confidence_level,
        f_kpi_5_count.prediction_interval_lower_bound as kpi_5_count_lower_bound,
        f_kpi_5_count.prediction_interval_upper_bound as kpi_5_count_upper_bound,

        -- kpi_5_value forecast
        f_kpi_5_value.forecast_value as kpi_5_value,
        f_kpi_5_value.confidence_level as kpi_5_value_confidence_level,
        f_kpi_5_value.prediction_interval_lower_bound as kpi_5_value_lower_bound,
        f_kpi_5_value.prediction_interval_upper_bound as kpi_5_value_upper_bound,



        -- kpi_6_count forecast
        f_kpi_6_count.forecast_value as kpi_6_count,
        f_kpi_6_count.confidence_level as kpi_6_count_confidence_level,
        f_kpi_6_count.prediction_interval_lower_bound as kpi_6_count_lower_bound,
        f_kpi_6_count.prediction_interval_upper_bound as kpi_6_count_upper_bound,

        -- kpi_6_value forecast
        f_kpi_6_value.forecast_value as kpi_6_value,
        f_kpi_6_value.confidence_level as kpi_6_value_confidence_level,
        f_kpi_6_value.prediction_interval_lower_bound as kpi_6_value_lower_bound,
        f_kpi_6_value.prediction_interval_upper_bound as kpi_6_value_upper_bound,



        -- kpi_7_count forecast
        f_kpi_7_count.forecast_value as kpi_7_count,
        f_kpi_7_count.confidence_level as kpi_7_count_confidence_level,
        f_kpi_7_count.prediction_interval_lower_bound as kpi_7_count_lower_bound,
        f_kpi_7_count.prediction_interval_upper_bound as kpi_7_count_upper_bound,

        -- kpi_7_value forecast
        f_kpi_7_value.forecast_value as kpi_7_value,
        f_kpi_7_value.confidence_level as kpi_7_value_confidence_level,
        f_kpi_7_value.prediction_interval_lower_bound as kpi_7_value_lower_bound,
        f_kpi_7_value.prediction_interval_upper_bound as kpi_7_value_upper_bound,



        -- kpi_8_count forecast
        f_kpi_8_count.forecast_value as kpi_8_count,
        f_kpi_8_count.confidence_level as kpi_8_count_confidence_level,
        f_kpi_8_count.prediction_interval_lower_bound as kpi_8_count_lower_bound,
        f_kpi_8_count.prediction_interval_upper_bound as kpi_8_count_upper_bound,

        -- kpi_8_value forecast
        f_kpi_8_value.forecast_value as kpi_8_value,
        f_kpi_8_value.confidence_level as kpi_8_value_confidence_level,
        f_kpi_8_value.prediction_interval_lower_bound as kpi_8_value_lower_bound,
        f_kpi_8_value.prediction_interval_upper_bound as kpi_8_value_upper_bound,



        -- kpi_9_count forecast
        f_kpi_9_count.forecast_value as kpi_9_count,
        f_kpi_9_count.confidence_level as kpi_9_count_confidence_level,
        f_kpi_9_count.prediction_interval_lower_bound as kpi_9_count_lower_bound,
        f_kpi_9_count.prediction_interval_upper_bound as kpi_9_count_upper_bound,

        -- kpi_9_value forecast
        f_kpi_9_value.forecast_value as kpi_9_value,
        f_kpi_9_value.confidence_level as kpi_9_value_confidence_level,
        f_kpi_9_value.prediction_interval_lower_bound as kpi_9_value_lower_bound,
        f_kpi_9_value.prediction_interval_upper_bound as kpi_9_value_upper_bound,



        -- kpi_10_count forecast
        f_kpi_10_count.forecast_value as kpi_10_count,
        f_kpi_10_count.confidence_level as kpi_10_count_confidence_level,
        f_kpi_10_count.prediction_interval_lower_bound as kpi_10_count_lower_bound,
        f_kpi_10_count.prediction_interval_upper_bound as kpi_10_count_upper_bound,

        -- kpi_10_value forecast
        f_kpi_10_value.forecast_value as kpi_10_value,
        f_kpi_10_value.confidence_level as kpi_10_value_confidence_level,
        f_kpi_10_value.prediction_interval_lower_bound as kpi_10_value_lower_bound,
        f_kpi_10_value.prediction_interval_upper_bound as kpi_10_value_upper_bound


    FROM f_spend
    
    INNER JOIN f_impressions
      ON f_spend.organization_id = f_impressions.organization_id
      AND f_spend.product_id = f_impressions.product_id
      AND f_spend.ad_network_id = f_impressions.ad_network_id
      AND f_spend.account_id = f_impressions.account_id
      AND f_spend.forecast_timestamp = f_impressions.forecast_timestamp
    
    INNER JOIN f_clicks
      ON f_spend.organization_id = f_clicks.organization_id
      AND f_spend.product_id = f_clicks.product_id
      AND f_spend.ad_network_id = f_clicks.ad_network_id
      AND f_spend.account_id = f_clicks.account_id
      AND f_spend.forecast_timestamp = f_clicks.forecast_timestamp

    INNER JOIN f_fatigue_score
      ON f_spend.organization_id = f_fatigue_score.organization_id
      AND f_spend.product_id = f_fatigue_score.product_id
      AND f_spend.ad_network_id = f_fatigue_score.ad_network_id
      AND f_spend.account_id = f_fatigue_score.account_id
      AND f_spend.forecast_timestamp = f_fatigue_score.forecast_timestamp

    INNER JOIN f_kpi_1_count
      ON f_spend.organization_id = f_kpi_1_count.organization_id
      AND f_spend.product_id = f_kpi_1_count.product_id
      AND f_spend.ad_network_id = f_kpi_1_count.ad_network_id
      AND f_spend.account_id = f_kpi_1_count.account_id
      AND f_spend.forecast_timestamp = f_kpi_1_count.forecast_timestamp

    INNER JOIN f_kpi_1_value
      ON f_spend.organization_id = f_kpi_1_value.organization_id
      AND f_spend.product_id = f_kpi_1_value.product_id
      AND f_spend.ad_network_id = f_kpi_1_value.ad_network_id
      AND f_spend.account_id = f_kpi_1_value.account_id
      AND f_spend.forecast_timestamp = f_kpi_1_value.forecast_timestamp



    INNER JOIN f_kpi_2_count
      ON f_spend.organization_id = f_kpi_2_count.organization_id
      AND f_spend.product_id = f_kpi_2_count.product_id
      AND f_spend.ad_network_id = f_kpi_2_count.ad_network_id
      AND f_spend.account_id = f_kpi_2_count.account_id
      AND f_spend.forecast_timestamp = f_kpi_2_count.forecast_timestamp

    INNER JOIN f_kpi_2_value
      ON f_spend.organization_id = f_kpi_2_value.organization_id
      AND f_spend.product_id = f_kpi_2_value.product_id
      AND f_spend.ad_network_id = f_kpi_2_value.ad_network_id
      AND f_spend.account_id = f_kpi_2_value.account_id
      AND f_spend.forecast_timestamp = f_kpi_2_value.forecast_timestamp


    INNER JOIN f_kpi_3_count
      ON f_spend.organization_id = f_kpi_3_count.organization_id
      AND f_spend.product_id = f_kpi_3_count.product_id
      AND f_spend.ad_network_id = f_kpi_3_count.ad_network_id
      AND f_spend.account_id = f_kpi_3_count.account_id
      AND f_spend.forecast_timestamp = f_kpi_3_count.forecast_timestamp

    INNER JOIN f_kpi_3_value
      ON f_spend.organization_id = f_kpi_3_value.organization_id
      AND f_spend.product_id = f_kpi_3_value.product_id
      AND f_spend.ad_network_id = f_kpi_3_value.ad_network_id
      AND f_spend.account_id = f_kpi_3_value.account_id
      AND f_spend.forecast_timestamp = f_kpi_3_value.forecast_timestamp


    INNER JOIN f_kpi_4_count
      ON f_spend.organization_id = f_kpi_4_count.organization_id
      AND f_spend.product_id = f_kpi_4_count.product_id
      AND f_spend.ad_network_id = f_kpi_4_count.ad_network_id
      AND f_spend.account_id = f_kpi_4_count.account_id
      AND f_spend.forecast_timestamp = f_kpi_4_count.forecast_timestamp

    INNER JOIN f_kpi_4_value
      ON f_spend.organization_id = f_kpi_4_value.organization_id
      AND f_spend.product_id = f_kpi_4_value.product_id
      AND f_spend.ad_network_id = f_kpi_4_value.ad_network_id
      AND f_spend.account_id = f_kpi_4_value.account_id
      AND f_spend.forecast_timestamp = f_kpi_4_value.forecast_timestamp


    INNER JOIN f_kpi_5_count
      ON f_spend.organization_id = f_kpi_5_count.organization_id
      AND f_spend.product_id = f_kpi_5_count.product_id
      AND f_spend.ad_network_id = f_kpi_5_count.ad_network_id
      AND f_spend.account_id = f_kpi_5_count.account_id
      AND f_spend.forecast_timestamp = f_kpi_5_count.forecast_timestamp

    INNER JOIN f_kpi_5_value
      ON f_spend.organization_id = f_kpi_5_value.organization_id
      AND f_spend.product_id = f_kpi_5_value.product_id
      AND f_spend.ad_network_id = f_kpi_5_value.ad_network_id
      AND f_spend.account_id = f_kpi_5_value.account_id
      AND f_spend.forecast_timestamp = f_kpi_5_value.forecast_timestamp


    INNER JOIN f_kpi_6_count
      ON f_spend.organization_id = f_kpi_6_count.organization_id
      AND f_spend.product_id = f_kpi_6_count.product_id
      AND f_spend.ad_network_id = f_kpi_6_count.ad_network_id
      AND f_spend.account_id = f_kpi_6_count.account_id
      AND f_spend.forecast_timestamp = f_kpi_6_count.forecast_timestamp

    INNER JOIN f_kpi_6_value
      ON f_spend.organization_id = f_kpi_6_value.organization_id
      AND f_spend.product_id = f_kpi_6_value.product_id
      AND f_spend.ad_network_id = f_kpi_6_value.ad_network_id
      AND f_spend.account_id = f_kpi_6_value.account_id
      AND f_spend.forecast_timestamp = f_kpi_6_value.forecast_timestamp


    INNER JOIN f_kpi_7_count
      ON f_spend.organization_id = f_kpi_7_count.organization_id
      AND f_spend.product_id = f_kpi_7_count.product_id
      AND f_spend.ad_network_id = f_kpi_7_count.ad_network_id
      AND f_spend.account_id = f_kpi_7_count.account_id
      AND f_spend.forecast_timestamp = f_kpi_7_count.forecast_timestamp

    INNER JOIN f_kpi_7_value
      ON f_spend.organization_id = f_kpi_7_value.organization_id
      AND f_spend.product_id = f_kpi_7_value.product_id
      AND f_spend.ad_network_id = f_kpi_7_value.ad_network_id
      AND f_spend.account_id = f_kpi_7_value.account_id
      AND f_spend.forecast_timestamp = f_kpi_7_value.forecast_timestamp


    INNER JOIN f_kpi_8_count
      ON f_spend.organization_id = f_kpi_8_count.organization_id
      AND f_spend.product_id = f_kpi_8_count.product_id
      AND f_spend.ad_network_id = f_kpi_8_count.ad_network_id
      AND f_spend.account_id = f_kpi_8_count.account_id
      AND f_spend.forecast_timestamp = f_kpi_8_count.forecast_timestamp

    INNER JOIN f_kpi_8_value
      ON f_spend.organization_id = f_kpi_8_value.organization_id
      AND f_spend.product_id = f_kpi_8_value.product_id
      AND f_spend.ad_network_id = f_kpi_8_value.ad_network_id
      AND f_spend.account_id = f_kpi_8_value.account_id
      AND f_spend.forecast_timestamp = f_kpi_8_value.forecast_timestamp


    INNER JOIN f_kpi_9_count
      ON f_spend.organization_id = f_kpi_9_count.organization_id
      AND f_spend.product_id = f_kpi_9_count.product_id
      AND f_spend.ad_network_id = f_kpi_9_count.ad_network_id
      AND f_spend.account_id = f_kpi_9_count.account_id
      AND f_spend.forecast_timestamp = f_kpi_9_count.forecast_timestamp

    INNER JOIN f_kpi_9_value
      ON f_spend.organization_id = f_kpi_9_value.organization_id
      AND f_spend.product_id = f_kpi_9_value.product_id
      AND f_spend.ad_network_id = f_kpi_9_value.ad_network_id
      AND f_spend.account_id = f_kpi_9_value.account_id
      AND f_spend.forecast_timestamp = f_kpi_9_value.forecast_timestamp


    INNER JOIN f_kpi_10_count
      ON f_spend.organization_id = f_kpi_10_count.organization_id
      AND f_spend.product_id = f_kpi_10_count.product_id
      AND f_spend.ad_network_id = f_kpi_10_count.ad_network_id
      AND f_spend.account_id = f_kpi_10_count.account_id
      AND f_spend.forecast_timestamp = f_kpi_10_count.forecast_timestamp

    INNER JOIN f_kpi_10_value
      ON f_spend.organization_id = f_kpi_10_value.organization_id
      AND f_spend.product_id = f_kpi_10_value.product_id
      AND f_spend.ad_network_id = f_kpi_10_value.ad_network_id
      AND f_spend.account_id = f_kpi_10_value.account_id
      AND f_spend.forecast_timestamp = f_kpi_10_value.forecast_timestamp

    LEFT JOIN kpi_metadata
      ON f_spend.organization_id = kpi_metadata.organization_id
      AND f_spend.product_id = kpi_metadata.product_id
      AND f_spend.ad_network_id = kpi_metadata.ad_network_id
      AND f_spend.account_id = kpi_metadata.account_id
    
    ORDER BY account_id, date
)

SELECT * FROM joined
    );
  
[0m20:59:59.498004 [debug] [Thread-1 (]: Writing runtime sql for node "model.analytics.forecast_creative_daily"
[0m20:59:59.502014 [debug] [Thread-1 (]: On model.analytics.forecast_creative_daily: /* {"app": "dbt", "dbt_version": "1.11.2", "profile_name": "default", "target_name": "dev", "node_id": "model.analytics.forecast_creative_daily"} */

  
    

    create or replace table `res-analytics`.`cortex`.`forecast_creative_daily`
      
    
    

    
    OPTIONS()
    as (
      WITH
active_ads AS (
    SELECT
        ad_id
    FROM `res-analytics`.`com_allied`.`kpi_creative_daily`
    WHERE 
        latest_date = DATE_SUB(CURRENT_DATE(), INTERVAL 2 DAY) -- Always process from the last full day.
),

kpi AS (
    SELECT
    *
    FROM `res-analytics`.`com_allied`.`kpi_creative_daily`
    WHERE ad_id IN (SELECT ad_id FROM active_ads)
),

kpi_metadata AS (
    SELECT DISTINCT
        organization_id,
        product_id,
        ad_network_id,
        account_id,
        campaign_id,
        campaign_name,
        adset_id,
        adset_name,
        ad_id,
        ad_name
    FROM kpi
),

f_spend AS (
    SELECT
        forecast_timestamp,
        organization_id,
        product_id,
        ad_network_id,
        account_id,
        campaign_id,
        adset_id,
        ad_id,
        forecast_value,
        confidence_level,
        prediction_interval_lower_bound,
        prediction_interval_upper_bound
    FROM
        AI.FORECAST((
            SELECT * FROM kpi
        ),
        data_col => 'spend',
        timestamp_col => 'date',
        id_cols => ['organization_id', 'product_id', 'ad_network_id', 'account_id', 'campaign_id', 'adset_id', 'ad_id'],
        horizon=> 7,
        model=>'TimesFM 2.5'

        )
),

f_impressions AS (
    SELECT
        forecast_timestamp,
        organization_id,
        product_id,
        ad_network_id,
        account_id,
        campaign_id,
        adset_id,
        ad_id,
        forecast_value,
        confidence_level,
        prediction_interval_lower_bound,
        prediction_interval_upper_bound
    FROM
        AI.FORECAST((
            SELECT * FROM kpi
        ),
        data_col => 'impressions',
        timestamp_col => 'date',
        id_cols => ['organization_id', 'product_id', 'ad_network_id', 'account_id', 'campaign_id', 'adset_id', 'ad_id'],
        horizon=> 7,
        model=>'TimesFM 2.5'

        )
),

f_clicks AS (
    SELECT
        forecast_timestamp,
        organization_id,
        product_id,
        ad_network_id,
        account_id,
        campaign_id,
        adset_id,
        ad_id,
        forecast_value,
        confidence_level,
        prediction_interval_lower_bound,
        prediction_interval_upper_bound
    FROM
        AI.FORECAST((
            SELECT * FROM kpi
        ),
        data_col => 'clicks',
        timestamp_col => 'date',
        id_cols => ['organization_id', 'product_id', 'ad_network_id', 'account_id', 'campaign_id', 'adset_id', 'ad_id'],
        horizon=> 7,
        model=>'TimesFM 2.5'

        )
),

f_fatigue_score AS (
    SELECT
        forecast_timestamp,
        organization_id,
        product_id,
        ad_network_id,
        account_id,
        campaign_id,
        adset_id,
        ad_id,
        forecast_value,
        confidence_level,
        prediction_interval_lower_bound,
        prediction_interval_upper_bound
    FROM
        AI.FORECAST((
            SELECT * FROM kpi
        ),
        data_col => 'fatigue_score',
        timestamp_col => 'date',
        id_cols => ['organization_id', 'product_id', 'ad_network_id', 'account_id', 'campaign_id', 'adset_id', 'ad_id'],
        horizon=> 7,
        model=>'TimesFM 2.5'

        )
),


f_kpi_1_count AS (
    SELECT
        forecast_timestamp,
        organization_id,
        product_id,
        ad_network_id,
        account_id,
        campaign_id,
        adset_id,
        ad_id,
        forecast_value,
        confidence_level,
        prediction_interval_lower_bound,
        prediction_interval_upper_bound
    FROM
        AI.FORECAST((
            SELECT * FROM kpi
        ),
        data_col => 'kpi_1_count',
        timestamp_col => 'date',
        id_cols => ['organization_id', 'product_id', 'ad_network_id', 'account_id', 'campaign_id', 'adset_id', 'ad_id'],
        horizon=> 7,
        model=>'TimesFM 2.5'

        )
),

f_kpi_1_value AS (
    SELECT
        forecast_timestamp,
        organization_id,
        product_id,
        ad_network_id,
        account_id,
        campaign_id,
        adset_id,
        ad_id,
        forecast_value,
        confidence_level,
        prediction_interval_lower_bound,
        prediction_interval_upper_bound
    FROM
        AI.FORECAST((
            SELECT * FROM kpi
        ),
        data_col => 'kpi_1_value',
        timestamp_col => 'date',
        id_cols => ['organization_id', 'product_id', 'ad_network_id', 'account_id', 'campaign_id', 'adset_id', 'ad_id'],
        horizon=> 7,
        model=>'TimesFM 2.5'

        )
),


f_kpi_2_count AS (
    SELECT
        forecast_timestamp,
        organization_id,
        product_id,
        ad_network_id,
        account_id,
        campaign_id,
        adset_id,
        ad_id,
        forecast_value,
        confidence_level,
        prediction_interval_lower_bound,
        prediction_interval_upper_bound
    FROM
        AI.FORECAST((
            SELECT * FROM kpi
        ),
        data_col => 'kpi_2_count',
        timestamp_col => 'date',
        id_cols => ['organization_id', 'product_id', 'ad_network_id', 'account_id', 'campaign_id', 'adset_id', 'ad_id'],
        horizon=> 7,
        model=>'TimesFM 2.5'

        )
),

f_kpi_2_value AS (
    SELECT
        forecast_timestamp,
        organization_id,
        product_id,
        ad_network_id,
        account_id,
        campaign_id,
        adset_id,
        ad_id,
        forecast_value,
        confidence_level,
        prediction_interval_lower_bound,
        prediction_interval_upper_bound
    FROM
        AI.FORECAST((
            SELECT * FROM kpi
        ),
        data_col => 'kpi_2_value',
        timestamp_col => 'date',
        id_cols => ['organization_id', 'product_id', 'ad_network_id', 'account_id', 'campaign_id', 'adset_id', 'ad_id'],
        horizon=> 7,
        model=>'TimesFM 2.5'

        )
),


f_kpi_3_count AS (
    SELECT
        forecast_timestamp,
        organization_id,
        product_id,
        ad_network_id,
        account_id,
        campaign_id,
        adset_id,
        ad_id,
        forecast_value,
        confidence_level,
        prediction_interval_lower_bound,
        prediction_interval_upper_bound
    FROM
        AI.FORECAST((
            SELECT * FROM kpi
        ),
        data_col => 'kpi_3_count',
        timestamp_col => 'date',
        id_cols => ['organization_id', 'product_id', 'ad_network_id', 'account_id', 'campaign_id', 'adset_id', 'ad_id'],
        horizon=> 7,
        model=>'TimesFM 2.5'

        )
),

f_kpi_3_value AS (
    SELECT
        forecast_timestamp,
        organization_id,
        product_id,
        ad_network_id,
        account_id,
        campaign_id,
        adset_id,
        ad_id,
        forecast_value,
        confidence_level,
        prediction_interval_lower_bound,
        prediction_interval_upper_bound
    FROM
        AI.FORECAST((
            SELECT * FROM kpi
        ),
        data_col => 'kpi_3_value',
        timestamp_col => 'date',
        id_cols => ['organization_id', 'product_id', 'ad_network_id', 'account_id', 'campaign_id', 'adset_id', 'ad_id'],
        horizon=> 7,
        model=>'TimesFM 2.5'

        )
),


f_kpi_4_count AS (
    SELECT
        forecast_timestamp,
        organization_id,
        product_id,
        ad_network_id,
        account_id,
        campaign_id,
        adset_id,
        ad_id,
        forecast_value,
        confidence_level,
        prediction_interval_lower_bound,
        prediction_interval_upper_bound
    FROM
        AI.FORECAST((
            SELECT * FROM kpi
        ),
        data_col => 'kpi_4_count',
        timestamp_col => 'date',
        id_cols => ['organization_id', 'product_id', 'ad_network_id', 'account_id', 'campaign_id', 'adset_id', 'ad_id'],
        horizon=> 7,
        model=>'TimesFM 2.5'

        )
),

f_kpi_4_value AS (
    SELECT
        forecast_timestamp,
        organization_id,
        product_id,
        ad_network_id,
        account_id,
        campaign_id,
        adset_id,
        ad_id,
        forecast_value,
        confidence_level,
        prediction_interval_lower_bound,
        prediction_interval_upper_bound
    FROM
        AI.FORECAST((
            SELECT * FROM kpi
        ),
        data_col => 'kpi_4_value',
        timestamp_col => 'date',
        id_cols => ['organization_id', 'product_id', 'ad_network_id', 'account_id', 'campaign_id', 'adset_id', 'ad_id'],
        horizon=> 7,
        model=>'TimesFM 2.5'

        )
),


f_kpi_5_count AS (
    SELECT
        forecast_timestamp,
        organization_id,
        product_id,
        ad_network_id,
        account_id,
        campaign_id,
        adset_id,
        ad_id,
        forecast_value,
        confidence_level,
        prediction_interval_lower_bound,
        prediction_interval_upper_bound
    FROM
        AI.FORECAST((
            SELECT * FROM kpi
        ),
        data_col => 'kpi_5_count',
        timestamp_col => 'date',
        id_cols => ['organization_id', 'product_id', 'ad_network_id', 'account_id', 'campaign_id', 'adset_id', 'ad_id'],
        horizon=> 7,
        model=>'TimesFM 2.5'

        )
),

f_kpi_5_value AS (
    SELECT
        forecast_timestamp,
        organization_id,
        product_id,
        ad_network_id,
        account_id,
        campaign_id,
        adset_id,
        ad_id,
        forecast_value,
        confidence_level,
        prediction_interval_lower_bound,
        prediction_interval_upper_bound
    FROM
        AI.FORECAST((
            SELECT * FROM kpi
        ),
        data_col => 'kpi_5_value',
        timestamp_col => 'date',
        id_cols => ['organization_id', 'product_id', 'ad_network_id', 'account_id', 'campaign_id', 'adset_id', 'ad_id'],
        horizon=> 7,
        model=>'TimesFM 2.5'

        )
),


f_kpi_6_count AS (
    SELECT
        forecast_timestamp,
        organization_id,
        product_id,
        ad_network_id,
        account_id,
        campaign_id,
        adset_id,
        ad_id,
        forecast_value,
        confidence_level,
        prediction_interval_lower_bound,
        prediction_interval_upper_bound
    FROM
        AI.FORECAST((
            SELECT * FROM kpi
        ),
        data_col => 'kpi_6_count',
        timestamp_col => 'date',
        id_cols => ['organization_id', 'product_id', 'ad_network_id', 'account_id', 'campaign_id', 'adset_id', 'ad_id'],
        horizon=> 7,
        model=>'TimesFM 2.5'

        )
),

f_kpi_6_value AS (
    SELECT
        forecast_timestamp,
        organization_id,
        product_id,
        ad_network_id,
        account_id,
        campaign_id,
        adset_id,
        ad_id,
        forecast_value,
        confidence_level,
        prediction_interval_lower_bound,
        prediction_interval_upper_bound
    FROM
        AI.FORECAST((
            SELECT * FROM kpi
        ),
        data_col => 'kpi_6_value',
        timestamp_col => 'date',
        id_cols => ['organization_id', 'product_id', 'ad_network_id', 'account_id', 'campaign_id', 'adset_id', 'ad_id'],
        horizon=> 7,
        model=>'TimesFM 2.5'

        )
),


f_kpi_7_count AS (
    SELECT
        forecast_timestamp,
        organization_id,
        product_id,
        ad_network_id,
        account_id,
        campaign_id,
        adset_id,
        ad_id,
        forecast_value,
        confidence_level,
        prediction_interval_lower_bound,
        prediction_interval_upper_bound
    FROM
        AI.FORECAST((
            SELECT * FROM kpi
        ),
        data_col => 'kpi_7_count',
        timestamp_col => 'date',
        id_cols => ['organization_id', 'product_id', 'ad_network_id', 'account_id', 'campaign_id', 'adset_id', 'ad_id'],
        horizon=> 7,
        model=>'TimesFM 2.5'

        )
),

f_kpi_7_value AS (
    SELECT
        forecast_timestamp,
        organization_id,
        product_id,
        ad_network_id,
        account_id,
        campaign_id,
        adset_id,
        ad_id,
        forecast_value,
        confidence_level,
        prediction_interval_lower_bound,
        prediction_interval_upper_bound
    FROM
        AI.FORECAST((
            SELECT * FROM kpi
        ),
        data_col => 'kpi_7_value',
        timestamp_col => 'date',
        id_cols => ['organization_id', 'product_id', 'ad_network_id', 'account_id', 'campaign_id', 'adset_id', 'ad_id'],
        horizon=> 7,
        model=>'TimesFM 2.5'

        )
),


f_kpi_8_count AS (
    SELECT
        forecast_timestamp,
        organization_id,
        product_id,
        ad_network_id,
        account_id,
        campaign_id,
        adset_id,
        ad_id,
        forecast_value,
        confidence_level,
        prediction_interval_lower_bound,
        prediction_interval_upper_bound
    FROM
        AI.FORECAST((
            SELECT * FROM kpi
        ),
        data_col => 'kpi_8_count',
        timestamp_col => 'date',
        id_cols => ['organization_id', 'product_id', 'ad_network_id', 'account_id', 'campaign_id', 'adset_id', 'ad_id'],
        horizon=> 7,
        model=>'TimesFM 2.5'

        )
),

f_kpi_8_value AS (
    SELECT
        forecast_timestamp,
        organization_id,
        product_id,
        ad_network_id,
        account_id,
        campaign_id,
        adset_id,
        ad_id,
        forecast_value,
        confidence_level,
        prediction_interval_lower_bound,
        prediction_interval_upper_bound
    FROM
        AI.FORECAST((
            SELECT * FROM kpi
        ),
        data_col => 'kpi_8_value',
        timestamp_col => 'date',
        id_cols => ['organization_id', 'product_id', 'ad_network_id', 'account_id', 'campaign_id', 'adset_id', 'ad_id'],
        horizon=> 7,
        model=>'TimesFM 2.5'

        )
),


f_kpi_9_count AS (
    SELECT
        forecast_timestamp,
        organization_id,
        product_id,
        ad_network_id,
        account_id,
        campaign_id,
        adset_id,
        ad_id,
        forecast_value,
        confidence_level,
        prediction_interval_lower_bound,
        prediction_interval_upper_bound
    FROM
        AI.FORECAST((
            SELECT * FROM kpi
        ),
        data_col => 'kpi_9_count',
        timestamp_col => 'date',
        id_cols => ['organization_id', 'product_id', 'ad_network_id', 'account_id', 'campaign_id', 'adset_id', 'ad_id'],
        horizon=> 7,
        model=>'TimesFM 2.5'

        )
),

f_kpi_9_value AS (
    SELECT
        forecast_timestamp,
        organization_id,
        product_id,
        ad_network_id,
        account_id,
        campaign_id,
        adset_id,
        ad_id,
        forecast_value,
        confidence_level,
        prediction_interval_lower_bound,
        prediction_interval_upper_bound
    FROM
        AI.FORECAST((
            SELECT * FROM kpi
        ),
        data_col => 'kpi_9_value',
        timestamp_col => 'date',
        id_cols => ['organization_id', 'product_id', 'ad_network_id', 'account_id', 'campaign_id', 'adset_id', 'ad_id'],
        horizon=> 7,
        model=>'TimesFM 2.5'

        )
),


f_kpi_10_count AS (
    SELECT
        forecast_timestamp,
        organization_id,
        product_id,
        ad_network_id,
        account_id,
        campaign_id,
        adset_id,
        ad_id,
        forecast_value,
        confidence_level,
        prediction_interval_lower_bound,
        prediction_interval_upper_bound
    FROM
        AI.FORECAST((
            SELECT * FROM kpi
        ),
        data_col => 'kpi_10_count',
        timestamp_col => 'date',
        id_cols => ['organization_id', 'product_id', 'ad_network_id', 'account_id', 'campaign_id', 'adset_id', 'ad_id'],
        horizon=> 7,
        model=>'TimesFM 2.5'

        )
),

f_kpi_10_value AS (
    SELECT
        forecast_timestamp,
        organization_id,
        product_id,
        ad_network_id,
        account_id,
        campaign_id,
        adset_id,
        ad_id,
        forecast_value,
        confidence_level,
        prediction_interval_lower_bound,
        prediction_interval_upper_bound
    FROM
        AI.FORECAST((
            SELECT * FROM kpi
        ),
        data_col => 'kpi_10_value',
        timestamp_col => 'date',
        id_cols => ['organization_id', 'product_id', 'ad_network_id', 'account_id', 'campaign_id', 'adset_id', 'ad_id'],
        horizon=> 7,
        model=>'TimesFM 2.5'

        )
),


joined AS (
    SELECT
        DATE(f_spend.forecast_timestamp) as date,
        kpi_metadata.organization_id,
        kpi_metadata.product_id,
        kpi_metadata.ad_network_id,
        kpi_metadata.account_id,
        kpi_metadata.campaign_id,
        kpi_metadata.campaign_name,
        kpi_metadata.adset_id,
        kpi_metadata.adset_name,
        kpi_metadata.ad_id,
        kpi_metadata.ad_name,

        -- Spend forecast
        f_spend.forecast_value as spend,
        f_spend.confidence_level as spend_confidence_level,
        f_spend.prediction_interval_lower_bound as spend_lower_bound,
        f_spend.prediction_interval_upper_bound as spend_upper_bound,

        -- Impressions forecast
        f_impressions.forecast_value as impressions,
        f_impressions.confidence_level as impressions_confidence_level,
        f_impressions.prediction_interval_lower_bound as impressions_lower_bound,
        f_impressions.prediction_interval_upper_bound as impressions_upper_bound,

        -- Clicks forecast
        f_clicks.forecast_value as clicks,
        f_clicks.confidence_level as clicks_confidence_level,
        f_clicks.prediction_interval_lower_bound as clicks_lower_bound,
        f_clicks.prediction_interval_upper_bound as clicks_upper_bound,

        -- Fatigue Score forecast
        f_fatigue_score.forecast_value as fatigue_score,
        f_fatigue_score.confidence_level as fatigue_score_confidence_level,
        f_fatigue_score.prediction_interval_lower_bound as fatigue_score_lower_bound,
        f_fatigue_score.prediction_interval_upper_bound as fatigue_score_upper_bound,


        -- kpi_1_count forecast
        f_kpi_1_count.forecast_value as kpi_1_count,
        f_kpi_1_count.confidence_level as kpi_1_count_confidence_level,
        f_kpi_1_count.prediction_interval_lower_bound as kpi_1_count_lower_bound,
        f_kpi_1_count.prediction_interval_upper_bound as kpi_1_count_upper_bound,

        -- kpi_1_value forecast
        f_kpi_1_value.forecast_value as kpi_1_value,
        f_kpi_1_value.confidence_level as kpi_1_value_confidence_level,
        f_kpi_1_value.prediction_interval_lower_bound as kpi_1_value_lower_bound,
        f_kpi_1_value.prediction_interval_upper_bound as kpi_1_value_upper_bound,



        -- kpi_2_count forecast
        f_kpi_2_count.forecast_value as kpi_2_count,
        f_kpi_2_count.confidence_level as kpi_2_count_confidence_level,
        f_kpi_2_count.prediction_interval_lower_bound as kpi_2_count_lower_bound,
        f_kpi_2_count.prediction_interval_upper_bound as kpi_2_count_upper_bound,

        -- kpi_2_value forecast
        f_kpi_2_value.forecast_value as kpi_2_value,
        f_kpi_2_value.confidence_level as kpi_2_value_confidence_level,
        f_kpi_2_value.prediction_interval_lower_bound as kpi_2_value_lower_bound,
        f_kpi_2_value.prediction_interval_upper_bound as kpi_2_value_upper_bound,



        -- kpi_3_count forecast
        f_kpi_3_count.forecast_value as kpi_3_count,
        f_kpi_3_count.confidence_level as kpi_3_count_confidence_level,
        f_kpi_3_count.prediction_interval_lower_bound as kpi_3_count_lower_bound,
        f_kpi_3_count.prediction_interval_upper_bound as kpi_3_count_upper_bound,

        -- kpi_3_value forecast
        f_kpi_3_value.forecast_value as kpi_3_value,
        f_kpi_3_value.confidence_level as kpi_3_value_confidence_level,
        f_kpi_3_value.prediction_interval_lower_bound as kpi_3_value_lower_bound,
        f_kpi_3_value.prediction_interval_upper_bound as kpi_3_value_upper_bound,


        -- kpi_4_count forecast
        f_kpi_4_count.forecast_value as kpi_4_count,
        f_kpi_4_count.confidence_level as kpi_4_count_confidence_level,
        f_kpi_4_count.prediction_interval_lower_bound as kpi_4_count_lower_bound,
        f_kpi_4_count.prediction_interval_upper_bound as kpi_4_count_upper_bound,

        -- kpi_4_value forecast
        f_kpi_4_value.forecast_value as kpi_4_value,
        f_kpi_4_value.confidence_level as kpi_4_value_confidence_level,
        f_kpi_4_value.prediction_interval_lower_bound as kpi_4_value_lower_bound,
        f_kpi_4_value.prediction_interval_upper_bound as kpi_4_value_upper_bound,



        -- kpi_5_count forecast
        f_kpi_5_count.forecast_value as kpi_5_count,
        f_kpi_5_count.confidence_level as kpi_5_count_confidence_level,
        f_kpi_5_count.prediction_interval_lower_bound as kpi_5_count_lower_bound,
        f_kpi_5_count.prediction_interval_upper_bound as kpi_5_count_upper_bound,

        -- kpi_5_value forecast
        f_kpi_5_value.forecast_value as kpi_5_value,
        f_kpi_5_value.confidence_level as kpi_5_value_confidence_level,
        f_kpi_5_value.prediction_interval_lower_bound as kpi_5_value_lower_bound,
        f_kpi_5_value.prediction_interval_upper_bound as kpi_5_value_upper_bound,



        -- kpi_6_count forecast
        f_kpi_6_count.forecast_value as kpi_6_count,
        f_kpi_6_count.confidence_level as kpi_6_count_confidence_level,
        f_kpi_6_count.prediction_interval_lower_bound as kpi_6_count_lower_bound,
        f_kpi_6_count.prediction_interval_upper_bound as kpi_6_count_upper_bound,

        -- kpi_6_value forecast
        f_kpi_6_value.forecast_value as kpi_6_value,
        f_kpi_6_value.confidence_level as kpi_6_value_confidence_level,
        f_kpi_6_value.prediction_interval_lower_bound as kpi_6_value_lower_bound,
        f_kpi_6_value.prediction_interval_upper_bound as kpi_6_value_upper_bound,



        -- kpi_7_count forecast
        f_kpi_7_count.forecast_value as kpi_7_count,
        f_kpi_7_count.confidence_level as kpi_7_count_confidence_level,
        f_kpi_7_count.prediction_interval_lower_bound as kpi_7_count_lower_bound,
        f_kpi_7_count.prediction_interval_upper_bound as kpi_7_count_upper_bound,

        -- kpi_7_value forecast
        f_kpi_7_value.forecast_value as kpi_7_value,
        f_kpi_7_value.confidence_level as kpi_7_value_confidence_level,
        f_kpi_7_value.prediction_interval_lower_bound as kpi_7_value_lower_bound,
        f_kpi_7_value.prediction_interval_upper_bound as kpi_7_value_upper_bound,



        -- kpi_8_count forecast
        f_kpi_8_count.forecast_value as kpi_8_count,
        f_kpi_8_count.confidence_level as kpi_8_count_confidence_level,
        f_kpi_8_count.prediction_interval_lower_bound as kpi_8_count_lower_bound,
        f_kpi_8_count.prediction_interval_upper_bound as kpi_8_count_upper_bound,

        -- kpi_8_value forecast
        f_kpi_8_value.forecast_value as kpi_8_value,
        f_kpi_8_value.confidence_level as kpi_8_value_confidence_level,
        f_kpi_8_value.prediction_interval_lower_bound as kpi_8_value_lower_bound,
        f_kpi_8_value.prediction_interval_upper_bound as kpi_8_value_upper_bound,



        -- kpi_9_count forecast
        f_kpi_9_count.forecast_value as kpi_9_count,
        f_kpi_9_count.confidence_level as kpi_9_count_confidence_level,
        f_kpi_9_count.prediction_interval_lower_bound as kpi_9_count_lower_bound,
        f_kpi_9_count.prediction_interval_upper_bound as kpi_9_count_upper_bound,

        -- kpi_9_value forecast
        f_kpi_9_value.forecast_value as kpi_9_value,
        f_kpi_9_value.confidence_level as kpi_9_value_confidence_level,
        f_kpi_9_value.prediction_interval_lower_bound as kpi_9_value_lower_bound,
        f_kpi_9_value.prediction_interval_upper_bound as kpi_9_value_upper_bound,



        -- kpi_10_count forecast
        f_kpi_10_count.forecast_value as kpi_10_count,
        f_kpi_10_count.confidence_level as kpi_10_count_confidence_level,
        f_kpi_10_count.prediction_interval_lower_bound as kpi_10_count_lower_bound,
        f_kpi_10_count.prediction_interval_upper_bound as kpi_10_count_upper_bound,

        -- kpi_10_value forecast
        f_kpi_10_value.forecast_value as kpi_10_value,
        f_kpi_10_value.confidence_level as kpi_10_value_confidence_level,
        f_kpi_10_value.prediction_interval_lower_bound as kpi_10_value_lower_bound,
        f_kpi_10_value.prediction_interval_upper_bound as kpi_10_value_upper_bound

    FROM f_spend
    
    INNER JOIN f_impressions
      ON f_spend.organization_id = f_impressions.organization_id
      AND f_spend.product_id = f_impressions.product_id
      AND f_spend.ad_network_id = f_impressions.ad_network_id
      AND f_spend.account_id = f_impressions.account_id
      AND f_spend.campaign_id = f_impressions.campaign_id
      AND f_spend.adset_id = f_impressions.adset_id
      AND f_spend.ad_id = f_impressions.ad_id
      AND f_spend.forecast_timestamp = f_impressions.forecast_timestamp
    
    INNER JOIN f_clicks
      ON f_spend.organization_id = f_clicks.organization_id
      AND f_spend.product_id = f_clicks.product_id
      AND f_spend.ad_network_id = f_clicks.ad_network_id
      AND f_spend.account_id = f_clicks.account_id
      AND f_spend.campaign_id = f_clicks.campaign_id
      AND f_spend.adset_id = f_clicks.adset_id
      AND f_spend.ad_id = f_clicks.ad_id
      AND f_spend.forecast_timestamp = f_clicks.forecast_timestamp

    INNER JOIN f_fatigue_score
      ON f_spend.organization_id = f_fatigue_score.organization_id
      AND f_spend.product_id = f_fatigue_score.product_id
      AND f_spend.ad_network_id = f_fatigue_score.ad_network_id
      AND f_spend.account_id = f_fatigue_score.account_id
      AND f_spend.campaign_id = f_fatigue_score.campaign_id
      AND f_spend.adset_id = f_fatigue_score.adset_id
      AND f_spend.ad_id = f_fatigue_score.ad_id
      AND f_spend.forecast_timestamp = f_fatigue_score.forecast_timestamp


    INNER JOIN f_kpi_1_count
      ON f_spend.organization_id = f_kpi_1_count.organization_id
      AND f_spend.product_id = f_kpi_1_count.product_id
      AND f_spend.ad_network_id = f_kpi_1_count.ad_network_id
      AND f_spend.account_id = f_kpi_1_count.account_id
      AND f_spend.campaign_id = f_kpi_1_count.campaign_id
      AND f_spend.adset_id = f_kpi_1_count.adset_id
      AND f_spend.ad_id = f_kpi_1_count.ad_id
      AND f_spend.forecast_timestamp = f_kpi_1_count.forecast_timestamp

    INNER JOIN f_kpi_1_value
      ON f_spend.organization_id = f_kpi_1_value.organization_id
      AND f_spend.product_id = f_kpi_1_value.product_id
      AND f_spend.ad_network_id = f_kpi_1_value.ad_network_id
      AND f_spend.account_id = f_kpi_1_value.account_id
      AND f_spend.campaign_id = f_kpi_1_value.campaign_id
      AND f_spend.adset_id = f_kpi_1_value.adset_id
      AND f_spend.ad_id = f_kpi_1_value.ad_id
      AND f_spend.forecast_timestamp = f_kpi_1_value.forecast_timestamp



    INNER JOIN f_kpi_2_count
      ON f_spend.organization_id = f_kpi_2_count.organization_id
      AND f_spend.product_id = f_kpi_2_count.product_id
      AND f_spend.ad_network_id = f_kpi_2_count.ad_network_id
      AND f_spend.account_id = f_kpi_2_count.account_id
      AND f_spend.campaign_id = f_kpi_2_count.campaign_id
      AND f_spend.adset_id = f_kpi_2_count.adset_id
      AND f_spend.ad_id = f_kpi_2_count.ad_id
      AND f_spend.forecast_timestamp = f_kpi_2_count.forecast_timestamp

    INNER JOIN f_kpi_2_value
      ON f_spend.organization_id = f_kpi_2_value.organization_id
      AND f_spend.product_id = f_kpi_2_value.product_id
      AND f_spend.ad_network_id = f_kpi_2_value.ad_network_id
      AND f_spend.account_id = f_kpi_2_value.account_id
      AND f_spend.campaign_id = f_kpi_2_value.campaign_id
      AND f_spend.adset_id = f_kpi_2_value.adset_id
      AND f_spend.ad_id = f_kpi_2_value.ad_id
      AND f_spend.forecast_timestamp = f_kpi_2_value.forecast_timestamp


    INNER JOIN f_kpi_3_count
      ON f_spend.organization_id = f_kpi_3_count.organization_id
      AND f_spend.product_id = f_kpi_3_count.product_id
      AND f_spend.ad_network_id = f_kpi_3_count.ad_network_id
      AND f_spend.account_id = f_kpi_3_count.account_id
      AND f_spend.campaign_id = f_kpi_3_count.campaign_id
      AND f_spend.adset_id = f_kpi_3_count.adset_id
      AND f_spend.ad_id = f_kpi_3_count.ad_id
      AND f_spend.forecast_timestamp = f_kpi_3_count.forecast_timestamp

    INNER JOIN f_kpi_3_value
      ON f_spend.organization_id = f_kpi_3_value.organization_id
      AND f_spend.product_id = f_kpi_3_value.product_id
      AND f_spend.ad_network_id = f_kpi_3_value.ad_network_id
      AND f_spend.account_id = f_kpi_3_value.account_id
      AND f_spend.campaign_id = f_kpi_3_value.campaign_id
      AND f_spend.adset_id = f_kpi_3_value.adset_id
      AND f_spend.ad_id = f_kpi_3_value.ad_id
      AND f_spend.forecast_timestamp = f_kpi_3_value.forecast_timestamp


    INNER JOIN f_kpi_4_count
      ON f_spend.organization_id = f_kpi_4_count.organization_id
      AND f_spend.product_id = f_kpi_4_count.product_id
      AND f_spend.ad_network_id = f_kpi_4_count.ad_network_id
      AND f_spend.account_id = f_kpi_4_count.account_id
      AND f_spend.campaign_id = f_kpi_4_count.campaign_id
      AND f_spend.adset_id = f_kpi_4_count.adset_id
      AND f_spend.ad_id = f_kpi_4_count.ad_id
      AND f_spend.forecast_timestamp = f_kpi_4_count.forecast_timestamp

    INNER JOIN f_kpi_4_value
      ON f_spend.organization_id = f_kpi_4_value.organization_id
      AND f_spend.product_id = f_kpi_4_value.product_id
      AND f_spend.ad_network_id = f_kpi_4_value.ad_network_id
      AND f_spend.account_id = f_kpi_4_value.account_id
      AND f_spend.campaign_id = f_kpi_4_value.campaign_id
      AND f_spend.adset_id = f_kpi_4_value.adset_id
      AND f_spend.ad_id = f_kpi_4_value.ad_id
      AND f_spend.forecast_timestamp = f_kpi_4_value.forecast_timestamp


    INNER JOIN f_kpi_5_count
      ON f_spend.organization_id = f_kpi_5_count.organization_id
      AND f_spend.product_id = f_kpi_5_count.product_id
      AND f_spend.ad_network_id = f_kpi_5_count.ad_network_id
      AND f_spend.account_id = f_kpi_5_count.account_id
      AND f_spend.campaign_id = f_kpi_5_count.campaign_id
      AND f_spend.adset_id = f_kpi_5_count.adset_id
      AND f_spend.ad_id = f_kpi_5_count.ad_id
      AND f_spend.forecast_timestamp = f_kpi_5_count.forecast_timestamp

    INNER JOIN f_kpi_5_value
      ON f_spend.organization_id = f_kpi_5_value.organization_id
      AND f_spend.product_id = f_kpi_5_value.product_id
      AND f_spend.ad_network_id = f_kpi_5_value.ad_network_id
      AND f_spend.account_id = f_kpi_5_value.account_id
      AND f_spend.campaign_id = f_kpi_5_value.campaign_id
      AND f_spend.adset_id = f_kpi_5_value.adset_id
      AND f_spend.ad_id = f_kpi_5_value.ad_id
      AND f_spend.forecast_timestamp = f_kpi_5_value.forecast_timestamp


    INNER JOIN f_kpi_6_count
      ON f_spend.organization_id = f_kpi_6_count.organization_id
      AND f_spend.product_id = f_kpi_6_count.product_id
      AND f_spend.ad_network_id = f_kpi_6_count.ad_network_id
      AND f_spend.account_id = f_kpi_6_count.account_id
      AND f_spend.campaign_id = f_kpi_6_count.campaign_id
      AND f_spend.adset_id = f_kpi_6_count.adset_id
      AND f_spend.ad_id = f_kpi_6_count.ad_id
      AND f_spend.forecast_timestamp = f_kpi_6_count.forecast_timestamp

    INNER JOIN f_kpi_6_value
      ON f_spend.organization_id = f_kpi_6_value.organization_id
      AND f_spend.product_id = f_kpi_6_value.product_id
      AND f_spend.ad_network_id = f_kpi_6_value.ad_network_id
      AND f_spend.account_id = f_kpi_6_value.account_id
      AND f_spend.campaign_id = f_kpi_6_value.campaign_id
      AND f_spend.adset_id = f_kpi_6_value.adset_id
      AND f_spend.ad_id = f_kpi_6_value.ad_id
      AND f_spend.forecast_timestamp = f_kpi_6_value.forecast_timestamp


    INNER JOIN f_kpi_7_count
      ON f_spend.organization_id = f_kpi_7_count.organization_id
      AND f_spend.product_id = f_kpi_7_count.product_id
      AND f_spend.ad_network_id = f_kpi_7_count.ad_network_id
      AND f_spend.account_id = f_kpi_7_count.account_id
      AND f_spend.campaign_id = f_kpi_7_count.campaign_id
      AND f_spend.adset_id = f_kpi_7_count.adset_id
      AND f_spend.ad_id = f_kpi_7_count.ad_id
      AND f_spend.forecast_timestamp = f_kpi_7_count.forecast_timestamp

    INNER JOIN f_kpi_7_value
      ON f_spend.organization_id = f_kpi_7_value.organization_id
      AND f_spend.product_id = f_kpi_7_value.product_id
      AND f_spend.ad_network_id = f_kpi_7_value.ad_network_id
      AND f_spend.account_id = f_kpi_7_value.account_id
      AND f_spend.campaign_id = f_kpi_7_value.campaign_id
      AND f_spend.adset_id = f_kpi_7_value.adset_id
      AND f_spend.ad_id = f_kpi_7_value.ad_id
      AND f_spend.forecast_timestamp = f_kpi_7_value.forecast_timestamp


    INNER JOIN f_kpi_8_count
      ON f_spend.organization_id = f_kpi_8_count.organization_id
      AND f_spend.product_id = f_kpi_8_count.product_id
      AND f_spend.ad_network_id = f_kpi_8_count.ad_network_id
      AND f_spend.account_id = f_kpi_8_count.account_id
      AND f_spend.campaign_id = f_kpi_8_count.campaign_id
      AND f_spend.adset_id = f_kpi_8_count.adset_id
      AND f_spend.ad_id = f_kpi_8_count.ad_id
      AND f_spend.forecast_timestamp = f_kpi_8_count.forecast_timestamp

    INNER JOIN f_kpi_8_value
      ON f_spend.organization_id = f_kpi_8_value.organization_id
      AND f_spend.product_id = f_kpi_8_value.product_id
      AND f_spend.ad_network_id = f_kpi_8_value.ad_network_id
      AND f_spend.account_id = f_kpi_8_value.account_id
      AND f_spend.campaign_id = f_kpi_8_value.campaign_id
      AND f_spend.adset_id = f_kpi_8_value.adset_id
      AND f_spend.ad_id = f_kpi_8_value.ad_id
      AND f_spend.forecast_timestamp = f_kpi_8_value.forecast_timestamp


    INNER JOIN f_kpi_9_count
      ON f_spend.organization_id = f_kpi_9_count.organization_id
      AND f_spend.product_id = f_kpi_9_count.product_id
      AND f_spend.ad_network_id = f_kpi_9_count.ad_network_id
      AND f_spend.account_id = f_kpi_9_count.account_id
      AND f_spend.campaign_id = f_kpi_9_count.campaign_id
      AND f_spend.adset_id = f_kpi_9_count.adset_id
      AND f_spend.ad_id = f_kpi_9_count.ad_id
      AND f_spend.forecast_timestamp = f_kpi_9_count.forecast_timestamp

    INNER JOIN f_kpi_9_value
      ON f_spend.organization_id = f_kpi_9_value.organization_id
      AND f_spend.product_id = f_kpi_9_value.product_id
      AND f_spend.ad_network_id = f_kpi_9_value.ad_network_id
      AND f_spend.account_id = f_kpi_9_value.account_id
      AND f_spend.campaign_id = f_kpi_9_value.campaign_id
      AND f_spend.adset_id = f_kpi_9_value.adset_id
      AND f_spend.ad_id = f_kpi_9_value.ad_id
      AND f_spend.forecast_timestamp = f_kpi_9_value.forecast_timestamp


    INNER JOIN f_kpi_10_count
      ON f_spend.organization_id = f_kpi_10_count.organization_id
      AND f_spend.product_id = f_kpi_10_count.product_id
      AND f_spend.ad_network_id = f_kpi_10_count.ad_network_id
      AND f_spend.account_id = f_kpi_10_count.account_id
      AND f_spend.campaign_id = f_kpi_10_count.campaign_id
      AND f_spend.adset_id = f_kpi_10_count.adset_id
      AND f_spend.ad_id = f_kpi_10_count.ad_id
      AND f_spend.forecast_timestamp = f_kpi_10_count.forecast_timestamp

    INNER JOIN f_kpi_10_value
      ON f_spend.organization_id = f_kpi_10_value.organization_id
      AND f_spend.product_id = f_kpi_10_value.product_id
      AND f_spend.ad_network_id = f_kpi_10_value.ad_network_id
      AND f_spend.account_id = f_kpi_10_value.account_id
      AND f_spend.campaign_id = f_kpi_10_value.campaign_id
      AND f_spend.adset_id = f_kpi_10_value.adset_id
      AND f_spend.ad_id = f_kpi_10_value.ad_id
      AND f_spend.forecast_timestamp = f_kpi_10_value.forecast_timestamp

    LEFT JOIN kpi_metadata
      ON f_spend.organization_id = kpi_metadata.organization_id
      AND f_spend.product_id = kpi_metadata.product_id
      AND f_spend.ad_network_id = kpi_metadata.ad_network_id
      AND f_spend.account_id = kpi_metadata.account_id
      AND f_spend.campaign_id = kpi_metadata.campaign_id
      AND f_spend.adset_id = kpi_metadata.adset_id
      AND f_spend.ad_id = kpi_metadata.ad_id
    
    ORDER BY ad_id, date
)

SELECT * FROM joined
    );
  
[0m20:59:59.895553 [debug] [Thread-4 (]: BigQuery adapter: https://console.cloud.google.com/bigquery?project=res-analytics&j=bq:US:cafc88b1-926a-4738-a350-4d196978ec24&page=queryresults
[0m20:59:59.918766 [debug] [Thread-1 (]: BigQuery adapter: https://console.cloud.google.com/bigquery?project=res-analytics&j=bq:US:ff8060ce-5d1c-46e6-8df1-81d3042b8fe3&page=queryresults
[0m21:00:05.284424 [debug] [Thread-3 (]: SQL status: OK in 7.910 seconds
[0m21:00:05.525425 [debug] [Thread-3 (]: Sending event: {'category': 'dbt', 'action': 'run_model', 'label': '04628714-f4bf-4f63-9c60-b5f196a7bf5d', 'context': [<snowplow_tracker.self_describing_json.SelfDescribingJson object at 0x11e4aae50>]}
[0m21:00:05.530854 [info ] [Thread-3 (]: 10 of 12 OK created sql incremental model cortex.kpi_keyword_daily ............. [[32mCREATE TABLE (3.0k rows, 16.9 MiB processed)[0m in 8.79s]
[0m21:00:05.538314 [debug] [Thread-3 (]: Finished running node model.analytics.kpi_keyword_daily
[0m21:00:08.902072 [debug] [Thread-1 (]: SQL status: OK in 8.983 seconds
[0m21:00:09.077457 [debug] [Thread-1 (]: Sending event: {'category': 'dbt', 'action': 'run_model', 'label': '04628714-f4bf-4f63-9c60-b5f196a7bf5d', 'context': [<snowplow_tracker.self_describing_json.SelfDescribingJson object at 0x11e71ea10>]}
[0m21:00:09.077921 [info ] [Thread-1 (]: 12 of 12 OK created sql table model cortex.forecast_creative_daily ............. [[32mCREATE TABLE (0.0 rows, 0 processed)[0m in 9.87s]
[0m21:00:09.078253 [debug] [Thread-1 (]: Finished running node model.analytics.forecast_creative_daily
[0m21:00:09.213027 [debug] [Thread-4 (]: SQL status: OK in 9.317 seconds
[0m21:00:09.416625 [debug] [Thread-4 (]: Sending event: {'category': 'dbt', 'action': 'run_model', 'label': '04628714-f4bf-4f63-9c60-b5f196a7bf5d', 'context': [<snowplow_tracker.self_describing_json.SelfDescribingJson object at 0x11e168890>]}
[0m21:00:09.417340 [info ] [Thread-4 (]: 11 of 12 OK created sql table model cortex.forecast_accounts_daily ............. [[32mCREATE TABLE (0.0 rows, 0 processed)[0m in 10.20s]
[0m21:00:09.418093 [debug] [Thread-4 (]: Finished running node model.analytics.forecast_accounts_daily
[0m21:00:09.419310 [debug] [MainThread]: Opening a new connection, currently in state closed
[0m21:00:09.419758 [debug] [MainThread]: Connection 'master' was properly closed.
[0m21:00:09.419919 [debug] [MainThread]: Connection 'model.analytics.forecast_creative_daily' was properly closed.
[0m21:00:09.420054 [debug] [MainThread]: Connection 'model.analytics.kpi_creative_daily' was properly closed.
[0m21:00:09.420179 [debug] [MainThread]: Connection 'model.analytics.kpi_keyword_daily' was properly closed.
[0m21:00:09.420300 [debug] [MainThread]: Connection 'model.analytics.forecast_accounts_daily' was properly closed.
[0m21:00:09.420518 [info ] [MainThread]: 
[0m21:00:09.420682 [info ] [MainThread]: Finished running 7 incremental models, 5 table models in 0 hours 0 minutes and 39.43 seconds (39.43s).
[0m21:00:09.421650 [debug] [MainThread]: Command end result
[0m21:00:09.464155 [debug] [MainThread]: Wrote artifact WritableManifest to /Users/riley/Documents/GitHub/dbt-lattara-cortex/target/manifest.json
[0m21:00:09.465907 [debug] [MainThread]: Wrote artifact SemanticManifest to /Users/riley/Documents/GitHub/dbt-lattara-cortex/target/semantic_manifest.json
[0m21:00:09.469555 [debug] [MainThread]: Wrote artifact RunExecutionResult to /Users/riley/Documents/GitHub/dbt-lattara-cortex/target/run_results.json
[0m21:00:09.469726 [info ] [MainThread]: 
[0m21:00:09.469915 [info ] [MainThread]: [32mCompleted successfully[0m
[0m21:00:09.470055 [info ] [MainThread]: 
[0m21:00:09.470199 [info ] [MainThread]: Done. PASS=12 WARN=0 ERROR=0 SKIP=0 NO-OP=0 TOTAL=12
[0m21:00:09.470527 [warn ] [MainThread]: [[33mWARNING[0m][DeprecationsSummary]: Deprecated functionality
Summary of encountered deprecations:
- CustomKeyInConfigDeprecation: 4 occurrences
- MissingArgumentsPropertyInGenericTestDeprecation: 51 occurrences
To see all deprecation instances instead of just the first occurrence of each,
run command again with the `--show-all-deprecations` flag. You may also need to
run with `--no-partial-parse` as some deprecations are only encountered during
parsing.
[0m21:00:09.473351 [debug] [MainThread]: Resource report: {"command_name": "run", "command_success": true, "command_wall_clock_time": 45.48518, "process_in_blocks": "0", "process_kernel_time": 2.067809, "process_mem_max_rss": "428523520", "process_out_blocks": "0", "process_user_time": 5.488874}
[0m21:00:09.473618 [debug] [MainThread]: Command `dbt run` succeeded at 21:00:09.473568 after 45.49 seconds
[0m21:00:09.473812 [debug] [MainThread]: Sending event: {'category': 'dbt', 'action': 'invocation', 'label': 'end', 'context': [<snowplow_tracker.self_describing_json.SelfDescribingJson object at 0x105161950>, <snowplow_tracker.self_describing_json.SelfDescribingJson object at 0x10e2408d0>, <snowplow_tracker.self_describing_json.SelfDescribingJson object at 0x1051b5a90>]}
[0m21:00:09.473997 [debug] [MainThread]: Flushing usage events
[0m21:00:10.055423 [debug] [MainThread]: An error was encountered while trying to flush usage events
[0m21:00:22.362023 [debug] [MainThread]: Sending event: {'category': 'dbt', 'action': 'invocation', 'label': 'start', 'context': [<snowplow_tracker.self_describing_json.SelfDescribingJson object at 0x109536dd0>, <snowplow_tracker.self_describing_json.SelfDescribingJson object at 0x109537690>, <snowplow_tracker.self_describing_json.SelfDescribingJson object at 0x109537210>]}


============================== 21:00:22.365296 | cc830cf2-6b12-4adc-b42d-cb5bfd521df8 ==============================
[0m21:00:22.365296 [info ] [MainThread]: Running with dbt=1.11.2
[0m21:00:22.365642 [debug] [MainThread]: running dbt with arguments {'fail_fast': 'False', 'warn_error_options': 'WarnErrorOptionsV2(error=[], warn=[], silence=[])', 'printer_width': '80', 'introspect': 'True', 'log_format': 'default', 'log_path': '/Users/riley/Documents/GitHub/dbt-lattara-cortex/logs', 'target_path': 'None', 'profiles_dir': '/Users/riley/.dbt', 'no_print': 'None', 'write_json': 'True', 'static_parser': 'True', 'debug': 'False', 'warn_error': 'None', 'use_colors': 'True', 'send_anonymous_usage_stats': 'True', 'empty': 'None', 'cache_selected_only': 'False', 'log_cache_events': 'False', 'version_check': 'True', 'invocation_command': 'dbt test --select nexus.*', 'use_experimental_parser': 'False', 'quiet': 'False', 'partial_parse': 'True', 'indirect_selection': 'eager'}
[0m21:00:26.535613 [debug] [MainThread]: Sending event: {'category': 'dbt', 'action': 'project_id', 'label': 'cc830cf2-6b12-4adc-b42d-cb5bfd521df8', 'context': [<snowplow_tracker.self_describing_json.SelfDescribingJson object at 0x10910b350>]}
[0m21:00:26.566703 [debug] [MainThread]: Sending event: {'category': 'dbt', 'action': 'adapter_info', 'label': 'cc830cf2-6b12-4adc-b42d-cb5bfd521df8', 'context': [<snowplow_tracker.self_describing_json.SelfDescribingJson object at 0x106c48e10>]}
[0m21:00:26.567157 [info ] [MainThread]: Registered adapter: bigquery=1.11.0
[0m21:00:26.721805 [debug] [MainThread]: checksum: 3d40d8bbe1bef07db1c24822f2dbfff8bc07f2a48ed4fe2658a40653aec0b54b, vars: {}, profile: , target: , version: 1.11.2
[0m21:00:26.890408 [info ] [MainThread]: Unable to do partial parsing because config vars, config profile, or config target have changed
[0m21:00:26.890720 [debug] [MainThread]: previous checksum: 3d40d8bbe1bef07db1c24822f2dbfff8bc07f2a48ed4fe2658a40653aec0b54b, current checksum: 9bf2a722941e6393109389c4ae69c56a27b5469e287ad40650e7b8ec78c7d612
[0m21:00:26.890899 [debug] [MainThread]: Sending event: {'category': 'dbt', 'action': 'partial_parser', 'label': 'cc830cf2-6b12-4adc-b42d-cb5bfd521df8', 'context': [<snowplow_tracker.self_describing_json.SelfDescribingJson object at 0x11985a9d0>]}
[0m21:00:26.927619 [warn ] [MainThread]: [[33mWARNING[0m][CustomKeyInConfigDeprecation]: Deprecated functionality
Custom key `+schema` found in `config` at path `seeds[0].config` in file
`seeds/schema.yml`. Custom config keys should move into the `config.meta`.
[0m21:00:26.928009 [debug] [MainThread]: Sending event: {'category': 'dbt', 'action': 'deprecation', 'label': 'cc830cf2-6b12-4adc-b42d-cb5bfd521df8', 'property_': 'warn', 'context': [<snowplow_tracker.self_describing_json.SelfDescribingJson object at 0x11935b390>]}
[0m21:00:27.619208 [warn ] [MainThread]: [[33mWARNING[0m]: Did not find matching node for patch with name 'stg_fivetran_meta__campaigns' in the 'models' section of file 'models/cortex_v2/staging/_fivetran_staging_models.yml'
[0m21:00:27.620351 [warn ] [MainThread]: [[33mWARNING[0m]: Did not find matching node for patch with name 'stg_fivetran_meta__conversions' in the 'models' section of file 'models/cortex_v2/staging/_fivetran_staging_models.yml'
[0m21:00:27.620958 [warn ] [MainThread]: [[33mWARNING[0m]: Did not find matching node for patch with name 'stg_fivetran_google__campaigns' in the 'models' section of file 'models/cortex_v2/staging/_fivetran_staging_models.yml'
[0m21:00:27.621468 [warn ] [MainThread]: [[33mWARNING[0m]: Did not find matching node for patch with name 'stg_fivetran_google__conversions' in the 'models' section of file 'models/cortex_v2/staging/_fivetran_staging_models.yml'
[0m21:00:27.622044 [warn ] [MainThread]: [[33mWARNING[0m]: Did not find matching node for patch with name 'stg_fivetran_linkedin__campaigns' in the 'models' section of file 'models/cortex_v2/staging/_fivetran_staging_models.yml'
[0m21:00:27.622796 [warn ] [MainThread]: [[33mWARNING[0m]: Did not find matching node for patch with name 'stg_fivetran_tiktok__campaigns' in the 'models' section of file 'models/cortex_v2/staging/_fivetran_staging_models.yml'
[0m21:00:27.674827 [warn ] [MainThread]: [[33mWARNING[0m]: Did not find matching node for patch with name 'campaign_performance' in the 'models' section of file 'models/cortex_v2/marts/_mart_models.yml'
[0m21:00:27.675858 [warn ] [MainThread]: [[33mWARNING[0m]: Did not find matching node for patch with name 'ad_group_performance' in the 'models' section of file 'models/cortex_v2/marts/_mart_models.yml'
[0m21:00:27.676607 [warn ] [MainThread]: [[33mWARNING[0m]: Did not find matching node for patch with name 'ad_performance' in the 'models' section of file 'models/cortex_v2/marts/_mart_models.yml'
[0m21:00:27.677923 [warn ] [MainThread]: [[33mWARNING[0m]: Did not find matching node for patch with name 'creative_fatigue' in the 'models' section of file 'models/cortex_v2/marts/_mart_models.yml'
[0m21:00:27.679392 [warn ] [MainThread]: [[33mWARNING[0m]: Did not find matching node for patch with name 'creative_performance' in the 'models' section of file 'models/cortex_v2/marts/_mart_models.yml'
[0m21:00:27.680628 [warn ] [MainThread]: [[33mWARNING[0m]: Did not find matching node for patch with name 'audience_performance' in the 'models' section of file 'models/cortex_v2/marts/_mart_models.yml'
[0m21:00:27.696517 [warn ] [MainThread]: [[33mWARNING[0m][MissingArgumentsPropertyInGenericTestDeprecation]: Deprecated
functionality
Found top-level arguments to test `accepted_values` defined on
'campaign_performance' in package 'analytics'
(models/cortex_v2/marts/_mart_models.yml). Arguments to generic tests should be
nested under the `arguments` property.
[0m21:00:27.696925 [debug] [MainThread]: Sending event: {'category': 'dbt', 'action': 'deprecation', 'label': 'cc830cf2-6b12-4adc-b42d-cb5bfd521df8', 'property_': 'warn', 'context': [<snowplow_tracker.self_describing_json.SelfDescribingJson object at 0x119a83890>]}
[0m21:00:27.804266 [warn ] [MainThread]: [[33mWARNING[0m]: Did not find matching node for patch with name 'int_campaigns_unified' in the 'models' section of file 'models/cortex_v2/intermediate/_intermediate_models.yml'
[0m21:00:27.804961 [warn ] [MainThread]: [[33mWARNING[0m]: Did not find matching node for patch with name 'int_ad_groups_unified' in the 'models' section of file 'models/cortex_v2/intermediate/_intermediate_models.yml'
[0m21:00:27.805523 [warn ] [MainThread]: [[33mWARNING[0m]: Did not find matching node for patch with name 'int_ads_unified' in the 'models' section of file 'models/cortex_v2/intermediate/_intermediate_models.yml'
[0m21:00:27.806116 [warn ] [MainThread]: [[33mWARNING[0m]: Did not find matching node for patch with name 'int_fivetran_campaigns_unified' in the 'models' section of file 'models/cortex_v2/intermediate/_intermediate_models.yml'
[0m21:00:27.806644 [warn ] [MainThread]: [[33mWARNING[0m]: Did not find matching node for patch with name 'int_fivetran_conversions' in the 'models' section of file 'models/cortex_v2/intermediate/_intermediate_models.yml'
[0m21:00:27.924673 [warn ] [MainThread]: [[33mWARNING[0m]: Test 'test.analytics.not_null_stg_fivetran_meta__campaigns_account_id.7a730ac599' (models/cortex_v2/staging/_fivetran_staging_models.yml) depends on a node named 'stg_fivetran_meta__campaigns' in package '' which was not found
[0m21:00:27.925011 [warn ] [MainThread]: [[33mWARNING[0m]: Test 'test.analytics.not_null_stg_fivetran_meta__campaigns_campaign_id.76664f170f' (models/cortex_v2/staging/_fivetran_staging_models.yml) depends on a node named 'stg_fivetran_meta__campaigns' in package '' which was not found
[0m21:00:27.925184 [warn ] [MainThread]: [[33mWARNING[0m]: Test 'test.analytics.not_null_stg_fivetran_meta__campaigns_date.d107bad4c1' (models/cortex_v2/staging/_fivetran_staging_models.yml) depends on a node named 'stg_fivetran_meta__campaigns' in package '' which was not found
[0m21:00:27.925337 [warn ] [MainThread]: [[33mWARNING[0m]: Test 'test.analytics.not_null_stg_fivetran_meta__conversions_campaign_id.b52e62dfb7' (models/cortex_v2/staging/_fivetran_staging_models.yml) depends on a node named 'stg_fivetran_meta__conversions' in package '' which was not found
[0m21:00:27.925490 [warn ] [MainThread]: [[33mWARNING[0m]: Test 'test.analytics.not_null_stg_fivetran_meta__conversions_date.939fb3be07' (models/cortex_v2/staging/_fivetran_staging_models.yml) depends on a node named 'stg_fivetran_meta__conversions' in package '' which was not found
[0m21:00:27.925635 [warn ] [MainThread]: [[33mWARNING[0m]: Test 'test.analytics.not_null_stg_fivetran_meta__conversions_event_name.05866163e5' (models/cortex_v2/staging/_fivetran_staging_models.yml) depends on a node named 'stg_fivetran_meta__conversions' in package '' which was not found
[0m21:00:27.925779 [warn ] [MainThread]: [[33mWARNING[0m]: Test 'test.analytics.not_null_stg_fivetran_google__campaigns_account_id.83e94ebf77' (models/cortex_v2/staging/_fivetran_staging_models.yml) depends on a node named 'stg_fivetran_google__campaigns' in package '' which was not found
[0m21:00:27.925923 [warn ] [MainThread]: [[33mWARNING[0m]: Test 'test.analytics.not_null_stg_fivetran_google__campaigns_campaign_id.049fc1c501' (models/cortex_v2/staging/_fivetran_staging_models.yml) depends on a node named 'stg_fivetran_google__campaigns' in package '' which was not found
[0m21:00:27.926069 [warn ] [MainThread]: [[33mWARNING[0m]: Test 'test.analytics.not_null_stg_fivetran_google__campaigns_date.53c117304f' (models/cortex_v2/staging/_fivetran_staging_models.yml) depends on a node named 'stg_fivetran_google__campaigns' in package '' which was not found
[0m21:00:27.926205 [warn ] [MainThread]: [[33mWARNING[0m]: Test 'test.analytics.not_null_stg_fivetran_google__conversions_campaign_id.3d08f914c2' (models/cortex_v2/staging/_fivetran_staging_models.yml) depends on a node named 'stg_fivetran_google__conversions' in package '' which was not found
[0m21:00:27.926341 [warn ] [MainThread]: [[33mWARNING[0m]: Test 'test.analytics.not_null_stg_fivetran_google__conversions_date.36a1bbabe4' (models/cortex_v2/staging/_fivetran_staging_models.yml) depends on a node named 'stg_fivetran_google__conversions' in package '' which was not found
[0m21:00:27.926480 [warn ] [MainThread]: [[33mWARNING[0m]: Test 'test.analytics.not_null_stg_fivetran_google__conversions_event_name.77c79327b2' (models/cortex_v2/staging/_fivetran_staging_models.yml) depends on a node named 'stg_fivetran_google__conversions' in package '' which was not found
[0m21:00:27.926617 [warn ] [MainThread]: [[33mWARNING[0m]: Test 'test.analytics.not_null_stg_fivetran_linkedin__campaigns_account_id.5472043634' (models/cortex_v2/staging/_fivetran_staging_models.yml) depends on a node named 'stg_fivetran_linkedin__campaigns' in package '' which was not found
[0m21:00:27.926750 [warn ] [MainThread]: [[33mWARNING[0m]: Test 'test.analytics.not_null_stg_fivetran_linkedin__campaigns_campaign_id.f906eb9a41' (models/cortex_v2/staging/_fivetran_staging_models.yml) depends on a node named 'stg_fivetran_linkedin__campaigns' in package '' which was not found
[0m21:00:27.926892 [warn ] [MainThread]: [[33mWARNING[0m]: Test 'test.analytics.not_null_stg_fivetran_linkedin__campaigns_date.a9eb0a1fab' (models/cortex_v2/staging/_fivetran_staging_models.yml) depends on a node named 'stg_fivetran_linkedin__campaigns' in package '' which was not found
[0m21:00:27.927026 [warn ] [MainThread]: [[33mWARNING[0m]: Test 'test.analytics.not_null_stg_fivetran_tiktok__campaigns_account_id.0ac458d45f' (models/cortex_v2/staging/_fivetran_staging_models.yml) depends on a node named 'stg_fivetran_tiktok__campaigns' in package '' which was not found
[0m21:00:27.927160 [warn ] [MainThread]: [[33mWARNING[0m]: Test 'test.analytics.not_null_stg_fivetran_tiktok__campaigns_campaign_id.1aea0f2317' (models/cortex_v2/staging/_fivetran_staging_models.yml) depends on a node named 'stg_fivetran_tiktok__campaigns' in package '' which was not found
[0m21:00:27.927294 [warn ] [MainThread]: [[33mWARNING[0m]: Test 'test.analytics.not_null_stg_fivetran_tiktok__campaigns_date.24abfabc59' (models/cortex_v2/staging/_fivetran_staging_models.yml) depends on a node named 'stg_fivetran_tiktok__campaigns' in package '' which was not found
[0m21:00:27.927448 [warn ] [MainThread]: [[33mWARNING[0m]: Test 'test.analytics.not_null_campaign_performance_account_id.012a1ba74b' (models/cortex_v2/marts/_mart_models.yml) depends on a node named 'campaign_performance' in package '' which was not found
[0m21:00:27.927595 [warn ] [MainThread]: [[33mWARNING[0m]: Test 'test.analytics.not_null_campaign_performance_source_platform.1e320588c8' (models/cortex_v2/marts/_mart_models.yml) depends on a node named 'campaign_performance' in package '' which was not found
[0m21:00:27.927736 [warn ] [MainThread]: [[33mWARNING[0m]: Test 'test.analytics.accepted_values_campaign_performance_source_platform__google_ads__meta_ads__linkedin_ads.64338a201c' (models/cortex_v2/marts/_mart_models.yml) depends on a node named 'campaign_performance' in package '' which was not found
[0m21:00:27.927878 [warn ] [MainThread]: [[33mWARNING[0m]: Test 'test.analytics.not_null_campaign_performance_campaign_id.77cfe3848c' (models/cortex_v2/marts/_mart_models.yml) depends on a node named 'campaign_performance' in package '' which was not found
[0m21:00:27.928009 [warn ] [MainThread]: [[33mWARNING[0m]: Test 'test.analytics.not_null_campaign_performance_date.a6d7f3618a' (models/cortex_v2/marts/_mart_models.yml) depends on a node named 'campaign_performance' in package '' which was not found
[0m21:00:27.928142 [warn ] [MainThread]: [[33mWARNING[0m]: Test 'test.analytics.dbt_expectations_expect_column_values_to_be_between_campaign_performance_impressions__0.b744476b6c' (models/cortex_v2/marts/_mart_models.yml) depends on a node named 'campaign_performance' in package '' which was not found
[0m21:00:27.928278 [warn ] [MainThread]: [[33mWARNING[0m]: Test 'test.analytics.dbt_expectations_expect_column_values_to_be_between_campaign_performance_clicks__0.21125e8580' (models/cortex_v2/marts/_mart_models.yml) depends on a node named 'campaign_performance' in package '' which was not found
[0m21:00:27.928468 [warn ] [MainThread]: [[33mWARNING[0m]: Test 'test.analytics.dbt_expectations_expect_column_values_to_be_between_campaign_performance_spend__0.ae1f2a73cb' (models/cortex_v2/marts/_mart_models.yml) depends on a node named 'campaign_performance' in package '' which was not found
[0m21:00:27.928834 [warn ] [MainThread]: [[33mWARNING[0m]: Test 'test.analytics.dbt_expectations_expect_column_values_to_be_between_campaign_performance_ctr__100__0.df9d162c98' (models/cortex_v2/marts/_mart_models.yml) depends on a node named 'campaign_performance' in package '' which was not found
[0m21:00:27.929024 [warn ] [MainThread]: [[33mWARNING[0m]: Test 'test.analytics.dbt_expectations_expect_column_values_to_be_between_campaign_performance_roas__0.982e5dea56' (models/cortex_v2/marts/_mart_models.yml) depends on a node named 'campaign_performance' in package '' which was not found
[0m21:00:27.929190 [warn ] [MainThread]: [[33mWARNING[0m]: Test 'test.analytics.not_null_ad_group_performance_account_id.dac7662915' (models/cortex_v2/marts/_mart_models.yml) depends on a node named 'ad_group_performance' in package '' which was not found
[0m21:00:27.929344 [warn ] [MainThread]: [[33mWARNING[0m]: Test 'test.analytics.not_null_ad_group_performance_source_platform.cbf57569d8' (models/cortex_v2/marts/_mart_models.yml) depends on a node named 'ad_group_performance' in package '' which was not found
[0m21:00:27.929496 [warn ] [MainThread]: [[33mWARNING[0m]: Test 'test.analytics.accepted_values_ad_group_performance_source_platform__google_ads__meta_ads__linkedin_ads.53343107fd' (models/cortex_v2/marts/_mart_models.yml) depends on a node named 'ad_group_performance' in package '' which was not found
[0m21:00:27.929644 [warn ] [MainThread]: [[33mWARNING[0m]: Test 'test.analytics.not_null_ad_group_performance_campaign_id.e3c1e29376' (models/cortex_v2/marts/_mart_models.yml) depends on a node named 'ad_group_performance' in package '' which was not found
[0m21:00:27.929788 [warn ] [MainThread]: [[33mWARNING[0m]: Test 'test.analytics.not_null_ad_group_performance_ad_group_id.f2dc4cc74e' (models/cortex_v2/marts/_mart_models.yml) depends on a node named 'ad_group_performance' in package '' which was not found
[0m21:00:27.929929 [warn ] [MainThread]: [[33mWARNING[0m]: Test 'test.analytics.not_null_ad_group_performance_date.d3d723d869' (models/cortex_v2/marts/_mart_models.yml) depends on a node named 'ad_group_performance' in package '' which was not found
[0m21:00:27.930073 [warn ] [MainThread]: [[33mWARNING[0m]: Test 'test.analytics.dbt_expectations_expect_column_values_to_be_between_ad_group_performance_impressions__0.cd8f51e5e8' (models/cortex_v2/marts/_mart_models.yml) depends on a node named 'ad_group_performance' in package '' which was not found
[0m21:00:27.930216 [warn ] [MainThread]: [[33mWARNING[0m]: Test 'test.analytics.dbt_expectations_expect_column_values_to_be_between_ad_group_performance_spend__0.c9c255489a' (models/cortex_v2/marts/_mart_models.yml) depends on a node named 'ad_group_performance' in package '' which was not found
[0m21:00:27.930356 [warn ] [MainThread]: [[33mWARNING[0m]: Test 'test.analytics.not_null_ad_performance_account_id.37d577f3f3' (models/cortex_v2/marts/_mart_models.yml) depends on a node named 'ad_performance' in package '' which was not found
[0m21:00:27.930494 [warn ] [MainThread]: [[33mWARNING[0m]: Test 'test.analytics.not_null_ad_performance_source_platform.d2469c673c' (models/cortex_v2/marts/_mart_models.yml) depends on a node named 'ad_performance' in package '' which was not found
[0m21:00:27.930635 [warn ] [MainThread]: [[33mWARNING[0m]: Test 'test.analytics.accepted_values_ad_performance_source_platform__google_ads__meta_ads__linkedin_ads.6a6cc44a4c' (models/cortex_v2/marts/_mart_models.yml) depends on a node named 'ad_performance' in package '' which was not found
[0m21:00:27.930779 [warn ] [MainThread]: [[33mWARNING[0m]: Test 'test.analytics.not_null_ad_performance_campaign_id.f00878f642' (models/cortex_v2/marts/_mart_models.yml) depends on a node named 'ad_performance' in package '' which was not found
[0m21:00:27.930915 [warn ] [MainThread]: [[33mWARNING[0m]: Test 'test.analytics.not_null_ad_performance_ad_group_id.328e934d82' (models/cortex_v2/marts/_mart_models.yml) depends on a node named 'ad_performance' in package '' which was not found
[0m21:00:27.931140 [warn ] [MainThread]: [[33mWARNING[0m]: Test 'test.analytics.not_null_ad_performance_ad_id.45b38f8190' (models/cortex_v2/marts/_mart_models.yml) depends on a node named 'ad_performance' in package '' which was not found
[0m21:00:27.931345 [warn ] [MainThread]: [[33mWARNING[0m]: Test 'test.analytics.not_null_ad_performance_date.c55dae1cab' (models/cortex_v2/marts/_mart_models.yml) depends on a node named 'ad_performance' in package '' which was not found
[0m21:00:27.931513 [warn ] [MainThread]: [[33mWARNING[0m]: Test 'test.analytics.dbt_expectations_expect_column_values_to_be_between_ad_performance_impressions__0.6dc4dd13d6' (models/cortex_v2/marts/_mart_models.yml) depends on a node named 'ad_performance' in package '' which was not found
[0m21:00:27.931669 [warn ] [MainThread]: [[33mWARNING[0m]: Test 'test.analytics.dbt_expectations_expect_column_values_to_be_between_ad_performance_spend__0.ce81252396' (models/cortex_v2/marts/_mart_models.yml) depends on a node named 'ad_performance' in package '' which was not found
[0m21:00:27.931906 [warn ] [MainThread]: [[33mWARNING[0m]: Test 'test.analytics.not_null_creative_fatigue_account_id.cdb8690c63' (models/cortex_v2/marts/_mart_models.yml) depends on a node named 'creative_fatigue' in package '' which was not found
[0m21:00:27.932051 [warn ] [MainThread]: [[33mWARNING[0m]: Test 'test.analytics.not_null_creative_fatigue_ad_id.8489735373' (models/cortex_v2/marts/_mart_models.yml) depends on a node named 'creative_fatigue' in package '' which was not found
[0m21:00:27.932186 [warn ] [MainThread]: [[33mWARNING[0m]: Test 'test.analytics.not_null_creative_fatigue_source_platform.66103d2161' (models/cortex_v2/marts/_mart_models.yml) depends on a node named 'creative_fatigue' in package '' which was not found
[0m21:00:27.932332 [warn ] [MainThread]: [[33mWARNING[0m]: Test 'test.analytics.accepted_values_creative_fatigue_source_platform__google_ads__meta_ads__linkedin_ads.780cea669b' (models/cortex_v2/marts/_mart_models.yml) depends on a node named 'creative_fatigue' in package '' which was not found
[0m21:00:27.932578 [warn ] [MainThread]: [[33mWARNING[0m]: Test 'test.analytics.not_null_creative_fatigue_date.99d5ba2540' (models/cortex_v2/marts/_mart_models.yml) depends on a node named 'creative_fatigue' in package '' which was not found
[0m21:00:27.932747 [warn ] [MainThread]: [[33mWARNING[0m]: Test 'test.analytics.dbt_expectations_expect_column_values_to_be_between_creative_fatigue_impressions__100.28fb53b254' (models/cortex_v2/marts/_mart_models.yml) depends on a node named 'creative_fatigue' in package '' which was not found
[0m21:00:27.932897 [warn ] [MainThread]: [[33mWARNING[0m]: Test 'test.analytics.dbt_expectations_expect_column_values_to_be_between_creative_fatigue_clicks__0.5b420934ee' (models/cortex_v2/marts/_mart_models.yml) depends on a node named 'creative_fatigue' in package '' which was not found
[0m21:00:27.933120 [warn ] [MainThread]: [[33mWARNING[0m]: Test 'test.analytics.dbt_expectations_expect_column_values_to_be_between_creative_fatigue_spend__0.ef9503cb4c' (models/cortex_v2/marts/_mart_models.yml) depends on a node named 'creative_fatigue' in package '' which was not found
[0m21:00:27.933412 [warn ] [MainThread]: [[33mWARNING[0m]: Test 'test.analytics.dbt_expectations_expect_column_values_to_be_between_creative_fatigue_ctr__100__0.ac5c1a8023' (models/cortex_v2/marts/_mart_models.yml) depends on a node named 'creative_fatigue' in package '' which was not found
[0m21:00:27.933727 [warn ] [MainThread]: [[33mWARNING[0m]: Test 'test.analytics.dbt_expectations_expect_column_values_to_be_between_creative_fatigue_ctr_7day_avg__100__0.c2acadb6d6' (models/cortex_v2/marts/_mart_models.yml) depends on a node named 'creative_fatigue' in package '' which was not found
[0m21:00:27.933943 [warn ] [MainThread]: [[33mWARNING[0m]: Test 'test.analytics.dbt_expectations_expect_column_values_to_be_between_creative_fatigue_baseline_ctr__100__0.db77b591eb' (models/cortex_v2/marts/_mart_models.yml) depends on a node named 'creative_fatigue' in package '' which was not found
[0m21:00:27.934106 [warn ] [MainThread]: [[33mWARNING[0m]: Test 'test.analytics.dbt_expectations_expect_column_values_to_be_between_creative_fatigue_ctr_change_pct__10___1.c9d997617a' (models/cortex_v2/marts/_mart_models.yml) depends on a node named 'creative_fatigue' in package '' which was not found
[0m21:00:27.934266 [warn ] [MainThread]: [[33mWARNING[0m]: Test 'test.analytics.not_null_creative_fatigue_fatigue_status.aaa694c3b4' (models/cortex_v2/marts/_mart_models.yml) depends on a node named 'creative_fatigue' in package '' which was not found
[0m21:00:27.934413 [warn ] [MainThread]: [[33mWARNING[0m]: Test 'test.analytics.accepted_values_creative_fatigue_fatigue_status__FATIGUED__WARNING__HEALTHY.9a9f068e72' (models/cortex_v2/marts/_mart_models.yml) depends on a node named 'creative_fatigue' in package '' which was not found
[0m21:00:27.934666 [warn ] [MainThread]: [[33mWARNING[0m]: Test 'test.analytics.not_null_creative_performance_account_id.2fd73e70fb' (models/cortex_v2/marts/_mart_models.yml) depends on a node named 'creative_performance' in package '' which was not found
[0m21:00:27.934829 [warn ] [MainThread]: [[33mWARNING[0m]: Test 'test.analytics.not_null_creative_performance_ad_id.8262dca89b' (models/cortex_v2/marts/_mart_models.yml) depends on a node named 'creative_performance' in package '' which was not found
[0m21:00:27.934976 [warn ] [MainThread]: [[33mWARNING[0m]: Test 'test.analytics.not_null_creative_performance_source_platform.970c191c0e' (models/cortex_v2/marts/_mart_models.yml) depends on a node named 'creative_performance' in package '' which was not found
[0m21:00:27.935120 [warn ] [MainThread]: [[33mWARNING[0m]: Test 'test.analytics.accepted_values_creative_performance_source_platform__google_ads__meta_ads__linkedin_ads.daf4217a01' (models/cortex_v2/marts/_mart_models.yml) depends on a node named 'creative_performance' in package '' which was not found
[0m21:00:27.935262 [warn ] [MainThread]: [[33mWARNING[0m]: Test 'test.analytics.dbt_expectations_expect_column_values_to_be_between_creative_performance_total_impressions__0.0f18650691' (models/cortex_v2/marts/_mart_models.yml) depends on a node named 'creative_performance' in package '' which was not found
[0m21:00:27.935400 [warn ] [MainThread]: [[33mWARNING[0m]: Test 'test.analytics.dbt_expectations_expect_column_values_to_be_between_creative_performance_total_clicks__0.8dbe232b9e' (models/cortex_v2/marts/_mart_models.yml) depends on a node named 'creative_performance' in package '' which was not found
[0m21:00:27.935537 [warn ] [MainThread]: [[33mWARNING[0m]: Test 'test.analytics.dbt_expectations_expect_column_values_to_be_between_creative_performance_total_spend__0.8ec34f839c' (models/cortex_v2/marts/_mart_models.yml) depends on a node named 'creative_performance' in package '' which was not found
[0m21:00:27.935673 [warn ] [MainThread]: [[33mWARNING[0m]: Test 'test.analytics.dbt_expectations_expect_column_values_to_be_between_creative_performance_total_conversions__0.77c0038b0f' (models/cortex_v2/marts/_mart_models.yml) depends on a node named 'creative_performance' in package '' which was not found
[0m21:00:27.935812 [warn ] [MainThread]: [[33mWARNING[0m]: Test 'test.analytics.dbt_expectations_expect_column_values_to_be_between_creative_performance_ctr__100__0.6788b246ec' (models/cortex_v2/marts/_mart_models.yml) depends on a node named 'creative_performance' in package '' which was not found
[0m21:00:27.935945 [warn ] [MainThread]: [[33mWARNING[0m]: Test 'test.analytics.dbt_expectations_expect_column_values_to_be_between_creative_performance_roas__0.e3eef45bfb' (models/cortex_v2/marts/_mart_models.yml) depends on a node named 'creative_performance' in package '' which was not found
[0m21:00:27.936082 [warn ] [MainThread]: [[33mWARNING[0m]: Test 'test.analytics.not_null_creative_performance_first_seen_date.1a7661c39a' (models/cortex_v2/marts/_mart_models.yml) depends on a node named 'creative_performance' in package '' which was not found
[0m21:00:27.936213 [warn ] [MainThread]: [[33mWARNING[0m]: Test 'test.analytics.not_null_creative_performance_last_active_date.af004a8cab' (models/cortex_v2/marts/_mart_models.yml) depends on a node named 'creative_performance' in package '' which was not found
[0m21:00:27.936346 [warn ] [MainThread]: [[33mWARNING[0m]: Test 'test.analytics.not_null_creative_performance_fatigue_status.63d52cba4e' (models/cortex_v2/marts/_mart_models.yml) depends on a node named 'creative_performance' in package '' which was not found
[0m21:00:27.936487 [warn ] [MainThread]: [[33mWARNING[0m]: Test 'test.analytics.accepted_values_creative_performance_fatigue_status__FATIGUED__WARNING__HEALTHY__UNKNOWN.9c52b883ed' (models/cortex_v2/marts/_mart_models.yml) depends on a node named 'creative_performance' in package '' which was not found
[0m21:00:27.936627 [warn ] [MainThread]: [[33mWARNING[0m]: Test 'test.analytics.not_null_audience_performance_account_id.f57003994d' (models/cortex_v2/marts/_mart_models.yml) depends on a node named 'audience_performance' in package '' which was not found
[0m21:00:27.936756 [warn ] [MainThread]: [[33mWARNING[0m]: Test 'test.analytics.not_null_audience_performance_source_platform.5160d84e1c' (models/cortex_v2/marts/_mart_models.yml) depends on a node named 'audience_performance' in package '' which was not found
[0m21:00:27.936899 [warn ] [MainThread]: [[33mWARNING[0m]: Test 'test.analytics.accepted_values_audience_performance_source_platform__GOOGLE_ADS__META_ADS__LINKEDIN_ADS.d16505818b' (models/cortex_v2/marts/_mart_models.yml) depends on a node named 'audience_performance' in package '' which was not found
[0m21:00:27.937038 [warn ] [MainThread]: [[33mWARNING[0m]: Test 'test.analytics.not_null_audience_performance_campaign_id.135625fccc' (models/cortex_v2/marts/_mart_models.yml) depends on a node named 'audience_performance' in package '' which was not found
[0m21:00:27.937175 [warn ] [MainThread]: [[33mWARNING[0m]: Test 'test.analytics.not_null_audience_performance_demographic_type.f300e98b6b' (models/cortex_v2/marts/_mart_models.yml) depends on a node named 'audience_performance' in package '' which was not found
[0m21:00:27.937310 [warn ] [MainThread]: [[33mWARNING[0m]: Test 'test.analytics.accepted_values_audience_performance_demographic_type__age__gender__location__device__company_size__seniority__industry.05ef083c21' (models/cortex_v2/marts/_mart_models.yml) depends on a node named 'audience_performance' in package '' which was not found
[0m21:00:27.937444 [warn ] [MainThread]: [[33mWARNING[0m]: Test 'test.analytics.not_null_audience_performance_demographic_value.c303562574' (models/cortex_v2/marts/_mart_models.yml) depends on a node named 'audience_performance' in package '' which was not found
[0m21:00:27.937574 [warn ] [MainThread]: [[33mWARNING[0m]: Test 'test.analytics.not_null_audience_performance_date.881d1babb4' (models/cortex_v2/marts/_mart_models.yml) depends on a node named 'audience_performance' in package '' which was not found
[0m21:00:27.937707 [warn ] [MainThread]: [[33mWARNING[0m]: Test 'test.analytics.dbt_expectations_expect_column_values_to_be_between_audience_performance_impressions__0.7ad963a49c' (models/cortex_v2/marts/_mart_models.yml) depends on a node named 'audience_performance' in package '' which was not found
[0m21:00:27.937842 [warn ] [MainThread]: [[33mWARNING[0m]: Test 'test.analytics.dbt_expectations_expect_column_values_to_be_between_audience_performance_clicks__0.d4ab628b89' (models/cortex_v2/marts/_mart_models.yml) depends on a node named 'audience_performance' in package '' which was not found
[0m21:00:27.937978 [warn ] [MainThread]: [[33mWARNING[0m]: Test 'test.analytics.dbt_expectations_expect_column_values_to_be_between_audience_performance_spend__0.4404a0021f' (models/cortex_v2/marts/_mart_models.yml) depends on a node named 'audience_performance' in package '' which was not found
[0m21:00:27.938122 [warn ] [MainThread]: [[33mWARNING[0m]: Test 'test.analytics.dbt_expectations_expect_column_values_to_be_between_audience_performance_conversions__0.66084d90ad' (models/cortex_v2/marts/_mart_models.yml) depends on a node named 'audience_performance' in package '' which was not found
[0m21:00:27.938258 [warn ] [MainThread]: [[33mWARNING[0m]: Test 'test.analytics.dbt_expectations_expect_column_values_to_be_between_audience_performance_conversion_value__0.29fe78646c' (models/cortex_v2/marts/_mart_models.yml) depends on a node named 'audience_performance' in package '' which was not found
[0m21:00:27.938392 [warn ] [MainThread]: [[33mWARNING[0m]: Test 'test.analytics.dbt_expectations_expect_column_values_to_be_between_audience_performance_ctr__100__0.896529f411' (models/cortex_v2/marts/_mart_models.yml) depends on a node named 'audience_performance' in package '' which was not found
[0m21:00:27.938527 [warn ] [MainThread]: [[33mWARNING[0m]: Test 'test.analytics.dbt_expectations_expect_column_values_to_be_between_audience_performance_cpc__0.1be3b90f80' (models/cortex_v2/marts/_mart_models.yml) depends on a node named 'audience_performance' in package '' which was not found
[0m21:00:27.938739 [warn ] [MainThread]: [[33mWARNING[0m]: Test 'test.analytics.dbt_expectations_expect_column_values_to_be_between_audience_performance_cpa__0.88341c58e3' (models/cortex_v2/marts/_mart_models.yml) depends on a node named 'audience_performance' in package '' which was not found
[0m21:00:27.938875 [warn ] [MainThread]: [[33mWARNING[0m]: Test 'test.analytics.dbt_expectations_expect_column_values_to_be_between_audience_performance_roas__0.7cdb6de017' (models/cortex_v2/marts/_mart_models.yml) depends on a node named 'audience_performance' in package '' which was not found
[0m21:00:27.939049 [warn ] [MainThread]: [[33mWARNING[0m]: Test 'test.analytics.not_null_int_campaigns_unified_account_id.a949359a77' (models/cortex_v2/intermediate/_intermediate_models.yml) depends on a node named 'int_campaigns_unified' in package '' which was not found
[0m21:00:27.939197 [warn ] [MainThread]: [[33mWARNING[0m]: Test 'test.analytics.not_null_int_campaigns_unified_campaign_id.d15fb20e9e' (models/cortex_v2/intermediate/_intermediate_models.yml) depends on a node named 'int_campaigns_unified' in package '' which was not found
[0m21:00:27.939333 [warn ] [MainThread]: [[33mWARNING[0m]: Test 'test.analytics.not_null_int_campaigns_unified_date.066b46a02b' (models/cortex_v2/intermediate/_intermediate_models.yml) depends on a node named 'int_campaigns_unified' in package '' which was not found
[0m21:00:27.939468 [warn ] [MainThread]: [[33mWARNING[0m]: Test 'test.analytics.not_null_int_campaigns_unified_source_platform.98f63da956' (models/cortex_v2/intermediate/_intermediate_models.yml) depends on a node named 'int_campaigns_unified' in package '' which was not found
[0m21:00:27.939605 [warn ] [MainThread]: [[33mWARNING[0m]: Test 'test.analytics.accepted_values_int_campaigns_unified_source_platform__google_ads__meta_ads__linkedin_ads.4e0b7e765d' (models/cortex_v2/intermediate/_intermediate_models.yml) depends on a node named 'int_campaigns_unified' in package '' which was not found
[0m21:00:27.939743 [warn ] [MainThread]: [[33mWARNING[0m]: Test 'test.analytics.not_null_int_ad_groups_unified_account_id.fe5ee808b0' (models/cortex_v2/intermediate/_intermediate_models.yml) depends on a node named 'int_ad_groups_unified' in package '' which was not found
[0m21:00:27.939885 [warn ] [MainThread]: [[33mWARNING[0m]: Test 'test.analytics.not_null_int_ad_groups_unified_campaign_id.a711d0c6ed' (models/cortex_v2/intermediate/_intermediate_models.yml) depends on a node named 'int_ad_groups_unified' in package '' which was not found
[0m21:00:27.940028 [warn ] [MainThread]: [[33mWARNING[0m]: Test 'test.analytics.not_null_int_ad_groups_unified_ad_group_id.dbef03c0d7' (models/cortex_v2/intermediate/_intermediate_models.yml) depends on a node named 'int_ad_groups_unified' in package '' which was not found
[0m21:00:27.940160 [warn ] [MainThread]: [[33mWARNING[0m]: Test 'test.analytics.not_null_int_ad_groups_unified_date.8be5154544' (models/cortex_v2/intermediate/_intermediate_models.yml) depends on a node named 'int_ad_groups_unified' in package '' which was not found
[0m21:00:27.940295 [warn ] [MainThread]: [[33mWARNING[0m]: Test 'test.analytics.not_null_int_ad_groups_unified_source_platform.136e748623' (models/cortex_v2/intermediate/_intermediate_models.yml) depends on a node named 'int_ad_groups_unified' in package '' which was not found
[0m21:00:27.940432 [warn ] [MainThread]: [[33mWARNING[0m]: Test 'test.analytics.accepted_values_int_ad_groups_unified_source_platform__google_ads__meta_ads__linkedin_ads.ead124c9ea' (models/cortex_v2/intermediate/_intermediate_models.yml) depends on a node named 'int_ad_groups_unified' in package '' which was not found
[0m21:00:27.940566 [warn ] [MainThread]: [[33mWARNING[0m]: Test 'test.analytics.not_null_int_ads_unified_account_id.e32fc3cac9' (models/cortex_v2/intermediate/_intermediate_models.yml) depends on a node named 'int_ads_unified' in package '' which was not found
[0m21:00:27.940703 [warn ] [MainThread]: [[33mWARNING[0m]: Test 'test.analytics.not_null_int_ads_unified_campaign_id.6d55b7658f' (models/cortex_v2/intermediate/_intermediate_models.yml) depends on a node named 'int_ads_unified' in package '' which was not found
[0m21:00:27.940844 [warn ] [MainThread]: [[33mWARNING[0m]: Test 'test.analytics.not_null_int_ads_unified_ad_group_id.95b8a97b0e' (models/cortex_v2/intermediate/_intermediate_models.yml) depends on a node named 'int_ads_unified' in package '' which was not found
[0m21:00:27.940977 [warn ] [MainThread]: [[33mWARNING[0m]: Test 'test.analytics.not_null_int_ads_unified_ad_id.fa06b94b63' (models/cortex_v2/intermediate/_intermediate_models.yml) depends on a node named 'int_ads_unified' in package '' which was not found
[0m21:00:27.941115 [warn ] [MainThread]: [[33mWARNING[0m]: Test 'test.analytics.not_null_int_ads_unified_date.653817fd22' (models/cortex_v2/intermediate/_intermediate_models.yml) depends on a node named 'int_ads_unified' in package '' which was not found
[0m21:00:27.941252 [warn ] [MainThread]: [[33mWARNING[0m]: Test 'test.analytics.not_null_int_ads_unified_source_platform.3fee8e953a' (models/cortex_v2/intermediate/_intermediate_models.yml) depends on a node named 'int_ads_unified' in package '' which was not found
[0m21:00:27.941387 [warn ] [MainThread]: [[33mWARNING[0m]: Test 'test.analytics.accepted_values_int_ads_unified_source_platform__google_ads__meta_ads__linkedin_ads.219f8efefe' (models/cortex_v2/intermediate/_intermediate_models.yml) depends on a node named 'int_ads_unified' in package '' which was not found
[0m21:00:27.941522 [warn ] [MainThread]: [[33mWARNING[0m]: Test 'test.analytics.not_null_int_fivetran_campaigns_unified_account_id.1a40965926' (models/cortex_v2/intermediate/_intermediate_models.yml) depends on a node named 'int_fivetran_campaigns_unified' in package '' which was not found
[0m21:00:27.941660 [warn ] [MainThread]: [[33mWARNING[0m]: Test 'test.analytics.not_null_int_fivetran_campaigns_unified_campaign_id.e4262a63ce' (models/cortex_v2/intermediate/_intermediate_models.yml) depends on a node named 'int_fivetran_campaigns_unified' in package '' which was not found
[0m21:00:27.941799 [warn ] [MainThread]: [[33mWARNING[0m]: Test 'test.analytics.not_null_int_fivetran_campaigns_unified_date.72b054b82c' (models/cortex_v2/intermediate/_intermediate_models.yml) depends on a node named 'int_fivetran_campaigns_unified' in package '' which was not found
[0m21:00:27.941935 [warn ] [MainThread]: [[33mWARNING[0m]: Test 'test.analytics.not_null_int_fivetran_campaigns_unified_source_platform.af2767ff61' (models/cortex_v2/intermediate/_intermediate_models.yml) depends on a node named 'int_fivetran_campaigns_unified' in package '' which was not found
[0m21:00:27.942075 [warn ] [MainThread]: [[33mWARNING[0m]: Test 'test.analytics.accepted_values_int_fivetran_campaigns_unified_source_platform__google_ads__meta_ads__linkedin_ads__tiktok_ads.9289bea954' (models/cortex_v2/intermediate/_intermediate_models.yml) depends on a node named 'int_fivetran_campaigns_unified' in package '' which was not found
[0m21:00:27.942214 [warn ] [MainThread]: [[33mWARNING[0m]: Test 'test.analytics.not_null_int_fivetran_conversions_campaign_id.8e50a62a91' (models/cortex_v2/intermediate/_intermediate_models.yml) depends on a node named 'int_fivetran_conversions' in package '' which was not found
[0m21:00:27.942348 [warn ] [MainThread]: [[33mWARNING[0m]: Test 'test.analytics.not_null_int_fivetran_conversions_date.dc1a84c044' (models/cortex_v2/intermediate/_intermediate_models.yml) depends on a node named 'int_fivetran_conversions' in package '' which was not found
[0m21:00:27.942480 [warn ] [MainThread]: [[33mWARNING[0m]: Test 'test.analytics.not_null_int_fivetran_conversions_event_name.acdc8f5f71' (models/cortex_v2/intermediate/_intermediate_models.yml) depends on a node named 'int_fivetran_conversions' in package '' which was not found
[0m21:00:27.942616 [warn ] [MainThread]: [[33mWARNING[0m]: Test 'test.analytics.not_null_int_fivetran_conversions_platform.fd75b41117' (models/cortex_v2/intermediate/_intermediate_models.yml) depends on a node named 'int_fivetran_conversions' in package '' which was not found
[0m21:00:27.942751 [warn ] [MainThread]: [[33mWARNING[0m]: Test 'test.analytics.accepted_values_int_fivetran_conversions_platform__google_ads__meta_ads__linkedin_ads__tiktok_ads.ac6b339e44' (models/cortex_v2/intermediate/_intermediate_models.yml) depends on a node named 'int_fivetran_conversions' in package '' which was not found
[0m21:00:28.017735 [debug] [MainThread]: Sending event: {'category': 'dbt', 'action': 'load_project', 'label': 'cc830cf2-6b12-4adc-b42d-cb5bfd521df8', 'context': [<snowplow_tracker.self_describing_json.SelfDescribingJson object at 0x119e28790>]}
[0m21:00:28.088583 [debug] [MainThread]: Wrote artifact WritableManifest to /Users/riley/Documents/GitHub/dbt-lattara-cortex/target/manifest.json
[0m21:00:28.090369 [debug] [MainThread]: Wrote artifact SemanticManifest to /Users/riley/Documents/GitHub/dbt-lattara-cortex/target/semantic_manifest.json
[0m21:00:28.117825 [debug] [MainThread]: Sending event: {'category': 'dbt', 'action': 'resource_counts', 'label': 'cc830cf2-6b12-4adc-b42d-cb5bfd521df8', 'context': [<snowplow_tracker.self_describing_json.SelfDescribingJson object at 0x119f26cd0>]}
[0m21:00:28.118196 [info ] [MainThread]: Found 50 models, 4 seeds, 20 data tests, 53 sources, 543 macros
[0m21:00:28.118378 [debug] [MainThread]: Sending event: {'category': 'dbt', 'action': 'runnable_timing', 'label': 'cc830cf2-6b12-4adc-b42d-cb5bfd521df8', 'context': [<snowplow_tracker.self_describing_json.SelfDescribingJson object at 0x119adcb90>]}
[0m21:00:28.119873 [warn ] [MainThread]: Nothing to do. Try checking your model configs and model specification args
[0m21:00:28.120149 [debug] [MainThread]: Command end result
[0m21:00:28.261834 [debug] [MainThread]: Wrote artifact WritableManifest to /Users/riley/Documents/GitHub/dbt-lattara-cortex/target/manifest.json
[0m21:00:28.263184 [debug] [MainThread]: Wrote artifact SemanticManifest to /Users/riley/Documents/GitHub/dbt-lattara-cortex/target/semantic_manifest.json
[0m21:00:28.264891 [debug] [MainThread]: Wrote artifact RunExecutionResult to /Users/riley/Documents/GitHub/dbt-lattara-cortex/target/run_results.json
[0m21:00:28.265360 [warn ] [MainThread]: [[33mWARNING[0m][DeprecationsSummary]: Deprecated functionality
Summary of encountered deprecations:
- CustomKeyInConfigDeprecation: 4 occurrences
- MissingArgumentsPropertyInGenericTestDeprecation: 51 occurrences
To see all deprecation instances instead of just the first occurrence of each,
run command again with the `--show-all-deprecations` flag. You may also need to
run with `--no-partial-parse` as some deprecations are only encountered during
parsing.
[0m21:00:28.268430 [debug] [MainThread]: Resource report: {"command_name": "test", "command_success": true, "command_wall_clock_time": 5.9452205, "process_in_blocks": "0", "process_kernel_time": 1.759319, "process_mem_max_rss": "415989760", "process_out_blocks": "0", "process_user_time": 4.650003}
[0m21:00:28.268722 [debug] [MainThread]: Command `dbt test` succeeded at 21:00:28.268675 after 5.95 seconds
[0m21:00:28.269411 [debug] [MainThread]: Sending event: {'category': 'dbt', 'action': 'invocation', 'label': 'end', 'context': [<snowplow_tracker.self_describing_json.SelfDescribingJson object at 0x10952ef50>, <snowplow_tracker.self_describing_json.SelfDescribingJson object at 0x10980f010>, <snowplow_tracker.self_describing_json.SelfDescribingJson object at 0x119df83d0>]}
[0m21:00:28.269727 [debug] [MainThread]: Flushing usage events
[0m21:00:28.617695 [debug] [MainThread]: An error was encountered while trying to flush usage events
[0m21:00:44.479083 [debug] [MainThread]: Sending event: {'category': 'dbt', 'action': 'invocation', 'label': 'start', 'context': [<snowplow_tracker.self_describing_json.SelfDescribingJson object at 0x109907cd0>, <snowplow_tracker.self_describing_json.SelfDescribingJson object at 0x1098f8390>, <snowplow_tracker.self_describing_json.SelfDescribingJson object at 0x1095b1150>]}


============================== 21:00:44.482003 | d0adf958-07ed-4a8b-ad10-870c2f938db4 ==============================
[0m21:00:44.482003 [info ] [MainThread]: Running with dbt=1.11.2
[0m21:00:44.482334 [debug] [MainThread]: running dbt with arguments {'fail_fast': 'False', 'log_format': 'default', 'profiles_dir': '/Users/riley/.dbt', 'debug': 'False', 'use_experimental_parser': 'False', 'introspect': 'True', 'invocation_command': 'dbt run --select nexus.* --full-refresh --vars {\n  "bq_project_id": "res-analytics",\n  "bq_dataset_id": "com_allied",\n  "organization_id": "allied-empty",\n  "source_facebook_enabled": "false",\n  "source_google_enabled": "false",\n  "source_linkedin_enabled": "false",\n  "source_tiktok_enabled": "false",\n  "source_bingads_enabled": "false"\n}', 'no_print': 'None', 'static_parser': 'True', 'target_path': 'None', 'send_anonymous_usage_stats': 'True', 'use_colors': 'True', 'warn_error': 'None', 'quiet': 'False', 'partial_parse': 'True', 'warn_error_options': 'WarnErrorOptionsV2(error=[], warn=[], silence=[])', 'log_cache_events': 'False', 'version_check': 'True', 'indirect_selection': 'eager', 'empty': 'False', 'write_json': 'True', 'cache_selected_only': 'False', 'printer_width': '80', 'log_path': '/Users/riley/Documents/GitHub/dbt-lattara-cortex/logs'}
[0m21:00:48.341913 [debug] [MainThread]: Sending event: {'category': 'dbt', 'action': 'project_id', 'label': 'd0adf958-07ed-4a8b-ad10-870c2f938db4', 'context': [<snowplow_tracker.self_describing_json.SelfDescribingJson object at 0x1193659d0>]}
[0m21:00:48.372792 [debug] [MainThread]: Sending event: {'category': 'dbt', 'action': 'adapter_info', 'label': 'd0adf958-07ed-4a8b-ad10-870c2f938db4', 'context': [<snowplow_tracker.self_describing_json.SelfDescribingJson object at 0x106db1310>]}
[0m21:00:48.373245 [info ] [MainThread]: Registered adapter: bigquery=1.11.0
[0m21:00:48.520876 [debug] [MainThread]: checksum: fc7f33f02c303753beb47305336060d7ab0219b73b097a76d632ccd4234dc072, vars: {'bq_dataset_id': 'com_allied',
 'bq_project_id': 'res-analytics',
 'organization_id': 'allied-empty',
 'source_bingads_enabled': 'false',
 'source_facebook_enabled': 'false',
 'source_google_enabled': 'false',
 'source_linkedin_enabled': 'false',
 'source_tiktok_enabled': 'false'}, profile: , target: , version: 1.11.2
[0m21:00:48.686035 [info ] [MainThread]: Unable to do partial parsing because config vars, config profile, or config target have changed
[0m21:00:48.686379 [debug] [MainThread]: previous checksum: fc7f33f02c303753beb47305336060d7ab0219b73b097a76d632ccd4234dc072, current checksum: 3d40d8bbe1bef07db1c24822f2dbfff8bc07f2a48ed4fe2658a40653aec0b54b
[0m21:00:48.686565 [debug] [MainThread]: Sending event: {'category': 'dbt', 'action': 'partial_parser', 'label': 'd0adf958-07ed-4a8b-ad10-870c2f938db4', 'context': [<snowplow_tracker.self_describing_json.SelfDescribingJson object at 0x1199ef750>]}
[0m21:00:48.694452 [warn ] [MainThread]: [[33mWARNING[0m][CustomKeyInConfigDeprecation]: Deprecated functionality
Custom key `+schema` found in `config` at path `seeds[0].config` in file
`seeds/schema.yml`. Custom config keys should move into the `config.meta`.
[0m21:00:48.694737 [debug] [MainThread]: Sending event: {'category': 'dbt', 'action': 'deprecation', 'label': 'd0adf958-07ed-4a8b-ad10-870c2f938db4', 'property_': 'warn', 'context': [<snowplow_tracker.self_describing_json.SelfDescribingJson object at 0x1164cc610>]}
[0m21:00:49.447671 [warn ] [MainThread]: [[33mWARNING[0m]: Did not find matching node for patch with name 'stg_fivetran_meta__campaigns' in the 'models' section of file 'models/cortex_v2/staging/_fivetran_staging_models.yml'
[0m21:00:49.448756 [warn ] [MainThread]: [[33mWARNING[0m]: Did not find matching node for patch with name 'stg_fivetran_meta__conversions' in the 'models' section of file 'models/cortex_v2/staging/_fivetran_staging_models.yml'
[0m21:00:49.449378 [warn ] [MainThread]: [[33mWARNING[0m]: Did not find matching node for patch with name 'stg_fivetran_google__campaigns' in the 'models' section of file 'models/cortex_v2/staging/_fivetran_staging_models.yml'
[0m21:00:49.449947 [warn ] [MainThread]: [[33mWARNING[0m]: Did not find matching node for patch with name 'stg_fivetran_google__conversions' in the 'models' section of file 'models/cortex_v2/staging/_fivetran_staging_models.yml'
[0m21:00:49.450518 [warn ] [MainThread]: [[33mWARNING[0m]: Did not find matching node for patch with name 'stg_fivetran_linkedin__campaigns' in the 'models' section of file 'models/cortex_v2/staging/_fivetran_staging_models.yml'
[0m21:00:49.451205 [warn ] [MainThread]: [[33mWARNING[0m]: Did not find matching node for patch with name 'stg_fivetran_tiktok__campaigns' in the 'models' section of file 'models/cortex_v2/staging/_fivetran_staging_models.yml'
[0m21:00:49.503373 [warn ] [MainThread]: [[33mWARNING[0m]: Did not find matching node for patch with name 'campaign_performance' in the 'models' section of file 'models/cortex_v2/marts/_mart_models.yml'
[0m21:00:49.504244 [warn ] [MainThread]: [[33mWARNING[0m]: Did not find matching node for patch with name 'ad_group_performance' in the 'models' section of file 'models/cortex_v2/marts/_mart_models.yml'
[0m21:00:49.504943 [warn ] [MainThread]: [[33mWARNING[0m]: Did not find matching node for patch with name 'ad_performance' in the 'models' section of file 'models/cortex_v2/marts/_mart_models.yml'
[0m21:00:49.506674 [warn ] [MainThread]: [[33mWARNING[0m]: Did not find matching node for patch with name 'creative_fatigue' in the 'models' section of file 'models/cortex_v2/marts/_mart_models.yml'
[0m21:00:49.508567 [warn ] [MainThread]: [[33mWARNING[0m]: Did not find matching node for patch with name 'creative_performance' in the 'models' section of file 'models/cortex_v2/marts/_mart_models.yml'
[0m21:00:49.509998 [warn ] [MainThread]: [[33mWARNING[0m]: Did not find matching node for patch with name 'audience_performance' in the 'models' section of file 'models/cortex_v2/marts/_mart_models.yml'
[0m21:00:49.527328 [warn ] [MainThread]: [[33mWARNING[0m][MissingArgumentsPropertyInGenericTestDeprecation]: Deprecated
functionality
Found top-level arguments to test `accepted_values` defined on
'campaign_performance' in package 'analytics'
(models/cortex_v2/marts/_mart_models.yml). Arguments to generic tests should be
nested under the `arguments` property.
[0m21:00:49.527690 [debug] [MainThread]: Sending event: {'category': 'dbt', 'action': 'deprecation', 'label': 'd0adf958-07ed-4a8b-ad10-870c2f938db4', 'property_': 'warn', 'context': [<snowplow_tracker.self_describing_json.SelfDescribingJson object at 0x119de90d0>]}
[0m21:00:49.637431 [warn ] [MainThread]: [[33mWARNING[0m]: Did not find matching node for patch with name 'int_campaigns_unified' in the 'models' section of file 'models/cortex_v2/intermediate/_intermediate_models.yml'
[0m21:00:49.638226 [warn ] [MainThread]: [[33mWARNING[0m]: Did not find matching node for patch with name 'int_ad_groups_unified' in the 'models' section of file 'models/cortex_v2/intermediate/_intermediate_models.yml'
[0m21:00:49.638894 [warn ] [MainThread]: [[33mWARNING[0m]: Did not find matching node for patch with name 'int_ads_unified' in the 'models' section of file 'models/cortex_v2/intermediate/_intermediate_models.yml'
[0m21:00:49.639519 [warn ] [MainThread]: [[33mWARNING[0m]: Did not find matching node for patch with name 'int_fivetran_campaigns_unified' in the 'models' section of file 'models/cortex_v2/intermediate/_intermediate_models.yml'
[0m21:00:49.640070 [warn ] [MainThread]: [[33mWARNING[0m]: Did not find matching node for patch with name 'int_fivetran_conversions' in the 'models' section of file 'models/cortex_v2/intermediate/_intermediate_models.yml'
[0m21:00:49.747774 [warn ] [MainThread]: [[33mWARNING[0m]: Test 'test.analytics.not_null_stg_fivetran_meta__campaigns_account_id.7a730ac599' (models/cortex_v2/staging/_fivetran_staging_models.yml) depends on a node named 'stg_fivetran_meta__campaigns' in package '' which was not found
[0m21:00:49.748114 [warn ] [MainThread]: [[33mWARNING[0m]: Test 'test.analytics.not_null_stg_fivetran_meta__campaigns_campaign_id.76664f170f' (models/cortex_v2/staging/_fivetran_staging_models.yml) depends on a node named 'stg_fivetran_meta__campaigns' in package '' which was not found
[0m21:00:49.748277 [warn ] [MainThread]: [[33mWARNING[0m]: Test 'test.analytics.not_null_stg_fivetran_meta__campaigns_date.d107bad4c1' (models/cortex_v2/staging/_fivetran_staging_models.yml) depends on a node named 'stg_fivetran_meta__campaigns' in package '' which was not found
[0m21:00:49.748431 [warn ] [MainThread]: [[33mWARNING[0m]: Test 'test.analytics.not_null_stg_fivetran_meta__conversions_campaign_id.b52e62dfb7' (models/cortex_v2/staging/_fivetran_staging_models.yml) depends on a node named 'stg_fivetran_meta__conversions' in package '' which was not found
[0m21:00:49.748581 [warn ] [MainThread]: [[33mWARNING[0m]: Test 'test.analytics.not_null_stg_fivetran_meta__conversions_date.939fb3be07' (models/cortex_v2/staging/_fivetran_staging_models.yml) depends on a node named 'stg_fivetran_meta__conversions' in package '' which was not found
[0m21:00:49.748719 [warn ] [MainThread]: [[33mWARNING[0m]: Test 'test.analytics.not_null_stg_fivetran_meta__conversions_event_name.05866163e5' (models/cortex_v2/staging/_fivetran_staging_models.yml) depends on a node named 'stg_fivetran_meta__conversions' in package '' which was not found
[0m21:00:49.748863 [warn ] [MainThread]: [[33mWARNING[0m]: Test 'test.analytics.not_null_stg_fivetran_google__campaigns_account_id.83e94ebf77' (models/cortex_v2/staging/_fivetran_staging_models.yml) depends on a node named 'stg_fivetran_google__campaigns' in package '' which was not found
[0m21:00:49.749001 [warn ] [MainThread]: [[33mWARNING[0m]: Test 'test.analytics.not_null_stg_fivetran_google__campaigns_campaign_id.049fc1c501' (models/cortex_v2/staging/_fivetran_staging_models.yml) depends on a node named 'stg_fivetran_google__campaigns' in package '' which was not found
[0m21:00:49.749139 [warn ] [MainThread]: [[33mWARNING[0m]: Test 'test.analytics.not_null_stg_fivetran_google__campaigns_date.53c117304f' (models/cortex_v2/staging/_fivetran_staging_models.yml) depends on a node named 'stg_fivetran_google__campaigns' in package '' which was not found
[0m21:00:49.749286 [warn ] [MainThread]: [[33mWARNING[0m]: Test 'test.analytics.not_null_stg_fivetran_google__conversions_campaign_id.3d08f914c2' (models/cortex_v2/staging/_fivetran_staging_models.yml) depends on a node named 'stg_fivetran_google__conversions' in package '' which was not found
[0m21:00:49.749431 [warn ] [MainThread]: [[33mWARNING[0m]: Test 'test.analytics.not_null_stg_fivetran_google__conversions_date.36a1bbabe4' (models/cortex_v2/staging/_fivetran_staging_models.yml) depends on a node named 'stg_fivetran_google__conversions' in package '' which was not found
[0m21:00:49.749576 [warn ] [MainThread]: [[33mWARNING[0m]: Test 'test.analytics.not_null_stg_fivetran_google__conversions_event_name.77c79327b2' (models/cortex_v2/staging/_fivetran_staging_models.yml) depends on a node named 'stg_fivetran_google__conversions' in package '' which was not found
[0m21:00:49.749720 [warn ] [MainThread]: [[33mWARNING[0m]: Test 'test.analytics.not_null_stg_fivetran_linkedin__campaigns_account_id.5472043634' (models/cortex_v2/staging/_fivetran_staging_models.yml) depends on a node named 'stg_fivetran_linkedin__campaigns' in package '' which was not found
[0m21:00:49.749865 [warn ] [MainThread]: [[33mWARNING[0m]: Test 'test.analytics.not_null_stg_fivetran_linkedin__campaigns_campaign_id.f906eb9a41' (models/cortex_v2/staging/_fivetran_staging_models.yml) depends on a node named 'stg_fivetran_linkedin__campaigns' in package '' which was not found
[0m21:00:49.750027 [warn ] [MainThread]: [[33mWARNING[0m]: Test 'test.analytics.not_null_stg_fivetran_linkedin__campaigns_date.a9eb0a1fab' (models/cortex_v2/staging/_fivetran_staging_models.yml) depends on a node named 'stg_fivetran_linkedin__campaigns' in package '' which was not found
[0m21:00:49.750174 [warn ] [MainThread]: [[33mWARNING[0m]: Test 'test.analytics.not_null_stg_fivetran_tiktok__campaigns_account_id.0ac458d45f' (models/cortex_v2/staging/_fivetran_staging_models.yml) depends on a node named 'stg_fivetran_tiktok__campaigns' in package '' which was not found
[0m21:00:49.750310 [warn ] [MainThread]: [[33mWARNING[0m]: Test 'test.analytics.not_null_stg_fivetran_tiktok__campaigns_campaign_id.1aea0f2317' (models/cortex_v2/staging/_fivetran_staging_models.yml) depends on a node named 'stg_fivetran_tiktok__campaigns' in package '' which was not found
[0m21:00:49.750450 [warn ] [MainThread]: [[33mWARNING[0m]: Test 'test.analytics.not_null_stg_fivetran_tiktok__campaigns_date.24abfabc59' (models/cortex_v2/staging/_fivetran_staging_models.yml) depends on a node named 'stg_fivetran_tiktok__campaigns' in package '' which was not found
[0m21:00:49.750609 [warn ] [MainThread]: [[33mWARNING[0m]: Test 'test.analytics.not_null_campaign_performance_account_id.012a1ba74b' (models/cortex_v2/marts/_mart_models.yml) depends on a node named 'campaign_performance' in package '' which was not found
[0m21:00:49.750748 [warn ] [MainThread]: [[33mWARNING[0m]: Test 'test.analytics.not_null_campaign_performance_source_platform.1e320588c8' (models/cortex_v2/marts/_mart_models.yml) depends on a node named 'campaign_performance' in package '' which was not found
[0m21:00:49.750891 [warn ] [MainThread]: [[33mWARNING[0m]: Test 'test.analytics.accepted_values_campaign_performance_source_platform__google_ads__meta_ads__linkedin_ads.64338a201c' (models/cortex_v2/marts/_mart_models.yml) depends on a node named 'campaign_performance' in package '' which was not found
[0m21:00:49.751025 [warn ] [MainThread]: [[33mWARNING[0m]: Test 'test.analytics.not_null_campaign_performance_campaign_id.77cfe3848c' (models/cortex_v2/marts/_mart_models.yml) depends on a node named 'campaign_performance' in package '' which was not found
[0m21:00:49.751165 [warn ] [MainThread]: [[33mWARNING[0m]: Test 'test.analytics.not_null_campaign_performance_date.a6d7f3618a' (models/cortex_v2/marts/_mart_models.yml) depends on a node named 'campaign_performance' in package '' which was not found
[0m21:00:49.751297 [warn ] [MainThread]: [[33mWARNING[0m]: Test 'test.analytics.dbt_expectations_expect_column_values_to_be_between_campaign_performance_impressions__0.b744476b6c' (models/cortex_v2/marts/_mart_models.yml) depends on a node named 'campaign_performance' in package '' which was not found
[0m21:00:49.751433 [warn ] [MainThread]: [[33mWARNING[0m]: Test 'test.analytics.dbt_expectations_expect_column_values_to_be_between_campaign_performance_clicks__0.21125e8580' (models/cortex_v2/marts/_mart_models.yml) depends on a node named 'campaign_performance' in package '' which was not found
[0m21:00:49.751575 [warn ] [MainThread]: [[33mWARNING[0m]: Test 'test.analytics.dbt_expectations_expect_column_values_to_be_between_campaign_performance_spend__0.ae1f2a73cb' (models/cortex_v2/marts/_mart_models.yml) depends on a node named 'campaign_performance' in package '' which was not found
[0m21:00:49.751714 [warn ] [MainThread]: [[33mWARNING[0m]: Test 'test.analytics.dbt_expectations_expect_column_values_to_be_between_campaign_performance_ctr__100__0.df9d162c98' (models/cortex_v2/marts/_mart_models.yml) depends on a node named 'campaign_performance' in package '' which was not found
[0m21:00:49.751851 [warn ] [MainThread]: [[33mWARNING[0m]: Test 'test.analytics.dbt_expectations_expect_column_values_to_be_between_campaign_performance_roas__0.982e5dea56' (models/cortex_v2/marts/_mart_models.yml) depends on a node named 'campaign_performance' in package '' which was not found
[0m21:00:49.751987 [warn ] [MainThread]: [[33mWARNING[0m]: Test 'test.analytics.not_null_ad_group_performance_account_id.dac7662915' (models/cortex_v2/marts/_mart_models.yml) depends on a node named 'ad_group_performance' in package '' which was not found
[0m21:00:49.752119 [warn ] [MainThread]: [[33mWARNING[0m]: Test 'test.analytics.not_null_ad_group_performance_source_platform.cbf57569d8' (models/cortex_v2/marts/_mart_models.yml) depends on a node named 'ad_group_performance' in package '' which was not found
[0m21:00:49.752260 [warn ] [MainThread]: [[33mWARNING[0m]: Test 'test.analytics.accepted_values_ad_group_performance_source_platform__google_ads__meta_ads__linkedin_ads.53343107fd' (models/cortex_v2/marts/_mart_models.yml) depends on a node named 'ad_group_performance' in package '' which was not found
[0m21:00:49.752395 [warn ] [MainThread]: [[33mWARNING[0m]: Test 'test.analytics.not_null_ad_group_performance_campaign_id.e3c1e29376' (models/cortex_v2/marts/_mart_models.yml) depends on a node named 'ad_group_performance' in package '' which was not found
[0m21:00:49.752525 [warn ] [MainThread]: [[33mWARNING[0m]: Test 'test.analytics.not_null_ad_group_performance_ad_group_id.f2dc4cc74e' (models/cortex_v2/marts/_mart_models.yml) depends on a node named 'ad_group_performance' in package '' which was not found
[0m21:00:49.752662 [warn ] [MainThread]: [[33mWARNING[0m]: Test 'test.analytics.not_null_ad_group_performance_date.d3d723d869' (models/cortex_v2/marts/_mart_models.yml) depends on a node named 'ad_group_performance' in package '' which was not found
[0m21:00:49.752799 [warn ] [MainThread]: [[33mWARNING[0m]: Test 'test.analytics.dbt_expectations_expect_column_values_to_be_between_ad_group_performance_impressions__0.cd8f51e5e8' (models/cortex_v2/marts/_mart_models.yml) depends on a node named 'ad_group_performance' in package '' which was not found
[0m21:00:49.752960 [warn ] [MainThread]: [[33mWARNING[0m]: Test 'test.analytics.dbt_expectations_expect_column_values_to_be_between_ad_group_performance_spend__0.c9c255489a' (models/cortex_v2/marts/_mart_models.yml) depends on a node named 'ad_group_performance' in package '' which was not found
[0m21:00:49.753107 [warn ] [MainThread]: [[33mWARNING[0m]: Test 'test.analytics.not_null_ad_performance_account_id.37d577f3f3' (models/cortex_v2/marts/_mart_models.yml) depends on a node named 'ad_performance' in package '' which was not found
[0m21:00:49.753240 [warn ] [MainThread]: [[33mWARNING[0m]: Test 'test.analytics.not_null_ad_performance_source_platform.d2469c673c' (models/cortex_v2/marts/_mart_models.yml) depends on a node named 'ad_performance' in package '' which was not found
[0m21:00:49.753406 [warn ] [MainThread]: [[33mWARNING[0m]: Test 'test.analytics.accepted_values_ad_performance_source_platform__google_ads__meta_ads__linkedin_ads.6a6cc44a4c' (models/cortex_v2/marts/_mart_models.yml) depends on a node named 'ad_performance' in package '' which was not found
[0m21:00:49.753553 [warn ] [MainThread]: [[33mWARNING[0m]: Test 'test.analytics.not_null_ad_performance_campaign_id.f00878f642' (models/cortex_v2/marts/_mart_models.yml) depends on a node named 'ad_performance' in package '' which was not found
[0m21:00:49.753691 [warn ] [MainThread]: [[33mWARNING[0m]: Test 'test.analytics.not_null_ad_performance_ad_group_id.328e934d82' (models/cortex_v2/marts/_mart_models.yml) depends on a node named 'ad_performance' in package '' which was not found
[0m21:00:49.753844 [warn ] [MainThread]: [[33mWARNING[0m]: Test 'test.analytics.not_null_ad_performance_ad_id.45b38f8190' (models/cortex_v2/marts/_mart_models.yml) depends on a node named 'ad_performance' in package '' which was not found
[0m21:00:49.753987 [warn ] [MainThread]: [[33mWARNING[0m]: Test 'test.analytics.not_null_ad_performance_date.c55dae1cab' (models/cortex_v2/marts/_mart_models.yml) depends on a node named 'ad_performance' in package '' which was not found
[0m21:00:49.754129 [warn ] [MainThread]: [[33mWARNING[0m]: Test 'test.analytics.dbt_expectations_expect_column_values_to_be_between_ad_performance_impressions__0.6dc4dd13d6' (models/cortex_v2/marts/_mart_models.yml) depends on a node named 'ad_performance' in package '' which was not found
[0m21:00:49.754290 [warn ] [MainThread]: [[33mWARNING[0m]: Test 'test.analytics.dbt_expectations_expect_column_values_to_be_between_ad_performance_spend__0.ce81252396' (models/cortex_v2/marts/_mart_models.yml) depends on a node named 'ad_performance' in package '' which was not found
[0m21:00:49.754432 [warn ] [MainThread]: [[33mWARNING[0m]: Test 'test.analytics.not_null_creative_fatigue_account_id.cdb8690c63' (models/cortex_v2/marts/_mart_models.yml) depends on a node named 'creative_fatigue' in package '' which was not found
[0m21:00:49.754577 [warn ] [MainThread]: [[33mWARNING[0m]: Test 'test.analytics.not_null_creative_fatigue_ad_id.8489735373' (models/cortex_v2/marts/_mart_models.yml) depends on a node named 'creative_fatigue' in package '' which was not found
[0m21:00:49.754710 [warn ] [MainThread]: [[33mWARNING[0m]: Test 'test.analytics.not_null_creative_fatigue_source_platform.66103d2161' (models/cortex_v2/marts/_mart_models.yml) depends on a node named 'creative_fatigue' in package '' which was not found
[0m21:00:49.754844 [warn ] [MainThread]: [[33mWARNING[0m]: Test 'test.analytics.accepted_values_creative_fatigue_source_platform__google_ads__meta_ads__linkedin_ads.780cea669b' (models/cortex_v2/marts/_mart_models.yml) depends on a node named 'creative_fatigue' in package '' which was not found
[0m21:00:49.754985 [warn ] [MainThread]: [[33mWARNING[0m]: Test 'test.analytics.not_null_creative_fatigue_date.99d5ba2540' (models/cortex_v2/marts/_mart_models.yml) depends on a node named 'creative_fatigue' in package '' which was not found
[0m21:00:49.755122 [warn ] [MainThread]: [[33mWARNING[0m]: Test 'test.analytics.dbt_expectations_expect_column_values_to_be_between_creative_fatigue_impressions__100.28fb53b254' (models/cortex_v2/marts/_mart_models.yml) depends on a node named 'creative_fatigue' in package '' which was not found
[0m21:00:49.755259 [warn ] [MainThread]: [[33mWARNING[0m]: Test 'test.analytics.dbt_expectations_expect_column_values_to_be_between_creative_fatigue_clicks__0.5b420934ee' (models/cortex_v2/marts/_mart_models.yml) depends on a node named 'creative_fatigue' in package '' which was not found
[0m21:00:49.755394 [warn ] [MainThread]: [[33mWARNING[0m]: Test 'test.analytics.dbt_expectations_expect_column_values_to_be_between_creative_fatigue_spend__0.ef9503cb4c' (models/cortex_v2/marts/_mart_models.yml) depends on a node named 'creative_fatigue' in package '' which was not found
[0m21:00:49.755533 [warn ] [MainThread]: [[33mWARNING[0m]: Test 'test.analytics.dbt_expectations_expect_column_values_to_be_between_creative_fatigue_ctr__100__0.ac5c1a8023' (models/cortex_v2/marts/_mart_models.yml) depends on a node named 'creative_fatigue' in package '' which was not found
[0m21:00:49.755666 [warn ] [MainThread]: [[33mWARNING[0m]: Test 'test.analytics.dbt_expectations_expect_column_values_to_be_between_creative_fatigue_ctr_7day_avg__100__0.c2acadb6d6' (models/cortex_v2/marts/_mart_models.yml) depends on a node named 'creative_fatigue' in package '' which was not found
[0m21:00:49.755802 [warn ] [MainThread]: [[33mWARNING[0m]: Test 'test.analytics.dbt_expectations_expect_column_values_to_be_between_creative_fatigue_baseline_ctr__100__0.db77b591eb' (models/cortex_v2/marts/_mart_models.yml) depends on a node named 'creative_fatigue' in package '' which was not found
[0m21:00:49.755937 [warn ] [MainThread]: [[33mWARNING[0m]: Test 'test.analytics.dbt_expectations_expect_column_values_to_be_between_creative_fatigue_ctr_change_pct__10___1.c9d997617a' (models/cortex_v2/marts/_mart_models.yml) depends on a node named 'creative_fatigue' in package '' which was not found
[0m21:00:49.756069 [warn ] [MainThread]: [[33mWARNING[0m]: Test 'test.analytics.not_null_creative_fatigue_fatigue_status.aaa694c3b4' (models/cortex_v2/marts/_mart_models.yml) depends on a node named 'creative_fatigue' in package '' which was not found
[0m21:00:49.756200 [warn ] [MainThread]: [[33mWARNING[0m]: Test 'test.analytics.accepted_values_creative_fatigue_fatigue_status__FATIGUED__WARNING__HEALTHY.9a9f068e72' (models/cortex_v2/marts/_mart_models.yml) depends on a node named 'creative_fatigue' in package '' which was not found
[0m21:00:49.756340 [warn ] [MainThread]: [[33mWARNING[0m]: Test 'test.analytics.not_null_creative_performance_account_id.2fd73e70fb' (models/cortex_v2/marts/_mart_models.yml) depends on a node named 'creative_performance' in package '' which was not found
[0m21:00:49.756473 [warn ] [MainThread]: [[33mWARNING[0m]: Test 'test.analytics.not_null_creative_performance_ad_id.8262dca89b' (models/cortex_v2/marts/_mart_models.yml) depends on a node named 'creative_performance' in package '' which was not found
[0m21:00:49.756602 [warn ] [MainThread]: [[33mWARNING[0m]: Test 'test.analytics.not_null_creative_performance_source_platform.970c191c0e' (models/cortex_v2/marts/_mart_models.yml) depends on a node named 'creative_performance' in package '' which was not found
[0m21:00:49.756790 [warn ] [MainThread]: [[33mWARNING[0m]: Test 'test.analytics.accepted_values_creative_performance_source_platform__google_ads__meta_ads__linkedin_ads.daf4217a01' (models/cortex_v2/marts/_mart_models.yml) depends on a node named 'creative_performance' in package '' which was not found
[0m21:00:49.757112 [warn ] [MainThread]: [[33mWARNING[0m]: Test 'test.analytics.dbt_expectations_expect_column_values_to_be_between_creative_performance_total_impressions__0.0f18650691' (models/cortex_v2/marts/_mart_models.yml) depends on a node named 'creative_performance' in package '' which was not found
[0m21:00:49.757290 [warn ] [MainThread]: [[33mWARNING[0m]: Test 'test.analytics.dbt_expectations_expect_column_values_to_be_between_creative_performance_total_clicks__0.8dbe232b9e' (models/cortex_v2/marts/_mart_models.yml) depends on a node named 'creative_performance' in package '' which was not found
[0m21:00:49.757452 [warn ] [MainThread]: [[33mWARNING[0m]: Test 'test.analytics.dbt_expectations_expect_column_values_to_be_between_creative_performance_total_spend__0.8ec34f839c' (models/cortex_v2/marts/_mart_models.yml) depends on a node named 'creative_performance' in package '' which was not found
[0m21:00:49.757606 [warn ] [MainThread]: [[33mWARNING[0m]: Test 'test.analytics.dbt_expectations_expect_column_values_to_be_between_creative_performance_total_conversions__0.77c0038b0f' (models/cortex_v2/marts/_mart_models.yml) depends on a node named 'creative_performance' in package '' which was not found
[0m21:00:49.757768 [warn ] [MainThread]: [[33mWARNING[0m]: Test 'test.analytics.dbt_expectations_expect_column_values_to_be_between_creative_performance_ctr__100__0.6788b246ec' (models/cortex_v2/marts/_mart_models.yml) depends on a node named 'creative_performance' in package '' which was not found
[0m21:00:49.757937 [warn ] [MainThread]: [[33mWARNING[0m]: Test 'test.analytics.dbt_expectations_expect_column_values_to_be_between_creative_performance_roas__0.e3eef45bfb' (models/cortex_v2/marts/_mart_models.yml) depends on a node named 'creative_performance' in package '' which was not found
[0m21:00:49.758089 [warn ] [MainThread]: [[33mWARNING[0m]: Test 'test.analytics.not_null_creative_performance_first_seen_date.1a7661c39a' (models/cortex_v2/marts/_mart_models.yml) depends on a node named 'creative_performance' in package '' which was not found
[0m21:00:49.758232 [warn ] [MainThread]: [[33mWARNING[0m]: Test 'test.analytics.not_null_creative_performance_last_active_date.af004a8cab' (models/cortex_v2/marts/_mart_models.yml) depends on a node named 'creative_performance' in package '' which was not found
[0m21:00:49.758372 [warn ] [MainThread]: [[33mWARNING[0m]: Test 'test.analytics.not_null_creative_performance_fatigue_status.63d52cba4e' (models/cortex_v2/marts/_mart_models.yml) depends on a node named 'creative_performance' in package '' which was not found
[0m21:00:49.758510 [warn ] [MainThread]: [[33mWARNING[0m]: Test 'test.analytics.accepted_values_creative_performance_fatigue_status__FATIGUED__WARNING__HEALTHY__UNKNOWN.9c52b883ed' (models/cortex_v2/marts/_mart_models.yml) depends on a node named 'creative_performance' in package '' which was not found
[0m21:00:49.758652 [warn ] [MainThread]: [[33mWARNING[0m]: Test 'test.analytics.not_null_audience_performance_account_id.f57003994d' (models/cortex_v2/marts/_mart_models.yml) depends on a node named 'audience_performance' in package '' which was not found
[0m21:00:49.758793 [warn ] [MainThread]: [[33mWARNING[0m]: Test 'test.analytics.not_null_audience_performance_source_platform.5160d84e1c' (models/cortex_v2/marts/_mart_models.yml) depends on a node named 'audience_performance' in package '' which was not found
[0m21:00:49.758978 [warn ] [MainThread]: [[33mWARNING[0m]: Test 'test.analytics.accepted_values_audience_performance_source_platform__GOOGLE_ADS__META_ADS__LINKEDIN_ADS.d16505818b' (models/cortex_v2/marts/_mart_models.yml) depends on a node named 'audience_performance' in package '' which was not found
[0m21:00:49.759207 [warn ] [MainThread]: [[33mWARNING[0m]: Test 'test.analytics.not_null_audience_performance_campaign_id.135625fccc' (models/cortex_v2/marts/_mart_models.yml) depends on a node named 'audience_performance' in package '' which was not found
[0m21:00:49.759375 [warn ] [MainThread]: [[33mWARNING[0m]: Test 'test.analytics.not_null_audience_performance_demographic_type.f300e98b6b' (models/cortex_v2/marts/_mart_models.yml) depends on a node named 'audience_performance' in package '' which was not found
[0m21:00:49.759547 [warn ] [MainThread]: [[33mWARNING[0m]: Test 'test.analytics.accepted_values_audience_performance_demographic_type__age__gender__location__device__company_size__seniority__industry.05ef083c21' (models/cortex_v2/marts/_mart_models.yml) depends on a node named 'audience_performance' in package '' which was not found
[0m21:00:49.759713 [warn ] [MainThread]: [[33mWARNING[0m]: Test 'test.analytics.not_null_audience_performance_demographic_value.c303562574' (models/cortex_v2/marts/_mart_models.yml) depends on a node named 'audience_performance' in package '' which was not found
[0m21:00:49.759858 [warn ] [MainThread]: [[33mWARNING[0m]: Test 'test.analytics.not_null_audience_performance_date.881d1babb4' (models/cortex_v2/marts/_mart_models.yml) depends on a node named 'audience_performance' in package '' which was not found
[0m21:00:49.760002 [warn ] [MainThread]: [[33mWARNING[0m]: Test 'test.analytics.dbt_expectations_expect_column_values_to_be_between_audience_performance_impressions__0.7ad963a49c' (models/cortex_v2/marts/_mart_models.yml) depends on a node named 'audience_performance' in package '' which was not found
[0m21:00:49.760142 [warn ] [MainThread]: [[33mWARNING[0m]: Test 'test.analytics.dbt_expectations_expect_column_values_to_be_between_audience_performance_clicks__0.d4ab628b89' (models/cortex_v2/marts/_mart_models.yml) depends on a node named 'audience_performance' in package '' which was not found
[0m21:00:49.760284 [warn ] [MainThread]: [[33mWARNING[0m]: Test 'test.analytics.dbt_expectations_expect_column_values_to_be_between_audience_performance_spend__0.4404a0021f' (models/cortex_v2/marts/_mart_models.yml) depends on a node named 'audience_performance' in package '' which was not found
[0m21:00:49.760424 [warn ] [MainThread]: [[33mWARNING[0m]: Test 'test.analytics.dbt_expectations_expect_column_values_to_be_between_audience_performance_conversions__0.66084d90ad' (models/cortex_v2/marts/_mart_models.yml) depends on a node named 'audience_performance' in package '' which was not found
[0m21:00:49.760563 [warn ] [MainThread]: [[33mWARNING[0m]: Test 'test.analytics.dbt_expectations_expect_column_values_to_be_between_audience_performance_conversion_value__0.29fe78646c' (models/cortex_v2/marts/_mart_models.yml) depends on a node named 'audience_performance' in package '' which was not found
[0m21:00:49.760705 [warn ] [MainThread]: [[33mWARNING[0m]: Test 'test.analytics.dbt_expectations_expect_column_values_to_be_between_audience_performance_ctr__100__0.896529f411' (models/cortex_v2/marts/_mart_models.yml) depends on a node named 'audience_performance' in package '' which was not found
[0m21:00:49.760848 [warn ] [MainThread]: [[33mWARNING[0m]: Test 'test.analytics.dbt_expectations_expect_column_values_to_be_between_audience_performance_cpc__0.1be3b90f80' (models/cortex_v2/marts/_mart_models.yml) depends on a node named 'audience_performance' in package '' which was not found
[0m21:00:49.760990 [warn ] [MainThread]: [[33mWARNING[0m]: Test 'test.analytics.dbt_expectations_expect_column_values_to_be_between_audience_performance_cpa__0.88341c58e3' (models/cortex_v2/marts/_mart_models.yml) depends on a node named 'audience_performance' in package '' which was not found
[0m21:00:49.761134 [warn ] [MainThread]: [[33mWARNING[0m]: Test 'test.analytics.dbt_expectations_expect_column_values_to_be_between_audience_performance_roas__0.7cdb6de017' (models/cortex_v2/marts/_mart_models.yml) depends on a node named 'audience_performance' in package '' which was not found
[0m21:00:49.761332 [warn ] [MainThread]: [[33mWARNING[0m]: Test 'test.analytics.not_null_int_campaigns_unified_account_id.a949359a77' (models/cortex_v2/intermediate/_intermediate_models.yml) depends on a node named 'int_campaigns_unified' in package '' which was not found
[0m21:00:49.761480 [warn ] [MainThread]: [[33mWARNING[0m]: Test 'test.analytics.not_null_int_campaigns_unified_campaign_id.d15fb20e9e' (models/cortex_v2/intermediate/_intermediate_models.yml) depends on a node named 'int_campaigns_unified' in package '' which was not found
[0m21:00:49.761624 [warn ] [MainThread]: [[33mWARNING[0m]: Test 'test.analytics.not_null_int_campaigns_unified_date.066b46a02b' (models/cortex_v2/intermediate/_intermediate_models.yml) depends on a node named 'int_campaigns_unified' in package '' which was not found
[0m21:00:49.761769 [warn ] [MainThread]: [[33mWARNING[0m]: Test 'test.analytics.not_null_int_campaigns_unified_source_platform.98f63da956' (models/cortex_v2/intermediate/_intermediate_models.yml) depends on a node named 'int_campaigns_unified' in package '' which was not found
[0m21:00:49.761921 [warn ] [MainThread]: [[33mWARNING[0m]: Test 'test.analytics.accepted_values_int_campaigns_unified_source_platform__google_ads__meta_ads__linkedin_ads.4e0b7e765d' (models/cortex_v2/intermediate/_intermediate_models.yml) depends on a node named 'int_campaigns_unified' in package '' which was not found
[0m21:00:49.762071 [warn ] [MainThread]: [[33mWARNING[0m]: Test 'test.analytics.not_null_int_ad_groups_unified_account_id.fe5ee808b0' (models/cortex_v2/intermediate/_intermediate_models.yml) depends on a node named 'int_ad_groups_unified' in package '' which was not found
[0m21:00:49.762229 [warn ] [MainThread]: [[33mWARNING[0m]: Test 'test.analytics.not_null_int_ad_groups_unified_campaign_id.a711d0c6ed' (models/cortex_v2/intermediate/_intermediate_models.yml) depends on a node named 'int_ad_groups_unified' in package '' which was not found
[0m21:00:49.762384 [warn ] [MainThread]: [[33mWARNING[0m]: Test 'test.analytics.not_null_int_ad_groups_unified_ad_group_id.dbef03c0d7' (models/cortex_v2/intermediate/_intermediate_models.yml) depends on a node named 'int_ad_groups_unified' in package '' which was not found
[0m21:00:49.762529 [warn ] [MainThread]: [[33mWARNING[0m]: Test 'test.analytics.not_null_int_ad_groups_unified_date.8be5154544' (models/cortex_v2/intermediate/_intermediate_models.yml) depends on a node named 'int_ad_groups_unified' in package '' which was not found
[0m21:00:49.762679 [warn ] [MainThread]: [[33mWARNING[0m]: Test 'test.analytics.not_null_int_ad_groups_unified_source_platform.136e748623' (models/cortex_v2/intermediate/_intermediate_models.yml) depends on a node named 'int_ad_groups_unified' in package '' which was not found
[0m21:00:49.762829 [warn ] [MainThread]: [[33mWARNING[0m]: Test 'test.analytics.accepted_values_int_ad_groups_unified_source_platform__google_ads__meta_ads__linkedin_ads.ead124c9ea' (models/cortex_v2/intermediate/_intermediate_models.yml) depends on a node named 'int_ad_groups_unified' in package '' which was not found
[0m21:00:49.762986 [warn ] [MainThread]: [[33mWARNING[0m]: Test 'test.analytics.not_null_int_ads_unified_account_id.e32fc3cac9' (models/cortex_v2/intermediate/_intermediate_models.yml) depends on a node named 'int_ads_unified' in package '' which was not found
[0m21:00:49.763135 [warn ] [MainThread]: [[33mWARNING[0m]: Test 'test.analytics.not_null_int_ads_unified_campaign_id.6d55b7658f' (models/cortex_v2/intermediate/_intermediate_models.yml) depends on a node named 'int_ads_unified' in package '' which was not found
[0m21:00:49.763284 [warn ] [MainThread]: [[33mWARNING[0m]: Test 'test.analytics.not_null_int_ads_unified_ad_group_id.95b8a97b0e' (models/cortex_v2/intermediate/_intermediate_models.yml) depends on a node named 'int_ads_unified' in package '' which was not found
[0m21:00:49.763422 [warn ] [MainThread]: [[33mWARNING[0m]: Test 'test.analytics.not_null_int_ads_unified_ad_id.fa06b94b63' (models/cortex_v2/intermediate/_intermediate_models.yml) depends on a node named 'int_ads_unified' in package '' which was not found
[0m21:00:49.763557 [warn ] [MainThread]: [[33mWARNING[0m]: Test 'test.analytics.not_null_int_ads_unified_date.653817fd22' (models/cortex_v2/intermediate/_intermediate_models.yml) depends on a node named 'int_ads_unified' in package '' which was not found
[0m21:00:49.763703 [warn ] [MainThread]: [[33mWARNING[0m]: Test 'test.analytics.not_null_int_ads_unified_source_platform.3fee8e953a' (models/cortex_v2/intermediate/_intermediate_models.yml) depends on a node named 'int_ads_unified' in package '' which was not found
[0m21:00:49.763838 [warn ] [MainThread]: [[33mWARNING[0m]: Test 'test.analytics.accepted_values_int_ads_unified_source_platform__google_ads__meta_ads__linkedin_ads.219f8efefe' (models/cortex_v2/intermediate/_intermediate_models.yml) depends on a node named 'int_ads_unified' in package '' which was not found
[0m21:00:49.763982 [warn ] [MainThread]: [[33mWARNING[0m]: Test 'test.analytics.not_null_int_fivetran_campaigns_unified_account_id.1a40965926' (models/cortex_v2/intermediate/_intermediate_models.yml) depends on a node named 'int_fivetran_campaigns_unified' in package '' which was not found
[0m21:00:49.764121 [warn ] [MainThread]: [[33mWARNING[0m]: Test 'test.analytics.not_null_int_fivetran_campaigns_unified_campaign_id.e4262a63ce' (models/cortex_v2/intermediate/_intermediate_models.yml) depends on a node named 'int_fivetran_campaigns_unified' in package '' which was not found
[0m21:00:49.764265 [warn ] [MainThread]: [[33mWARNING[0m]: Test 'test.analytics.not_null_int_fivetran_campaigns_unified_date.72b054b82c' (models/cortex_v2/intermediate/_intermediate_models.yml) depends on a node named 'int_fivetran_campaigns_unified' in package '' which was not found
[0m21:00:49.764403 [warn ] [MainThread]: [[33mWARNING[0m]: Test 'test.analytics.not_null_int_fivetran_campaigns_unified_source_platform.af2767ff61' (models/cortex_v2/intermediate/_intermediate_models.yml) depends on a node named 'int_fivetran_campaigns_unified' in package '' which was not found
[0m21:00:49.764542 [warn ] [MainThread]: [[33mWARNING[0m]: Test 'test.analytics.accepted_values_int_fivetran_campaigns_unified_source_platform__google_ads__meta_ads__linkedin_ads__tiktok_ads.9289bea954' (models/cortex_v2/intermediate/_intermediate_models.yml) depends on a node named 'int_fivetran_campaigns_unified' in package '' which was not found
[0m21:00:49.764696 [warn ] [MainThread]: [[33mWARNING[0m]: Test 'test.analytics.not_null_int_fivetran_conversions_campaign_id.8e50a62a91' (models/cortex_v2/intermediate/_intermediate_models.yml) depends on a node named 'int_fivetran_conversions' in package '' which was not found
[0m21:00:49.764848 [warn ] [MainThread]: [[33mWARNING[0m]: Test 'test.analytics.not_null_int_fivetran_conversions_date.dc1a84c044' (models/cortex_v2/intermediate/_intermediate_models.yml) depends on a node named 'int_fivetran_conversions' in package '' which was not found
[0m21:00:49.765008 [warn ] [MainThread]: [[33mWARNING[0m]: Test 'test.analytics.not_null_int_fivetran_conversions_event_name.acdc8f5f71' (models/cortex_v2/intermediate/_intermediate_models.yml) depends on a node named 'int_fivetran_conversions' in package '' which was not found
[0m21:00:49.765156 [warn ] [MainThread]: [[33mWARNING[0m]: Test 'test.analytics.not_null_int_fivetran_conversions_platform.fd75b41117' (models/cortex_v2/intermediate/_intermediate_models.yml) depends on a node named 'int_fivetran_conversions' in package '' which was not found
[0m21:00:49.765300 [warn ] [MainThread]: [[33mWARNING[0m]: Test 'test.analytics.accepted_values_int_fivetran_conversions_platform__google_ads__meta_ads__linkedin_ads__tiktok_ads.ac6b339e44' (models/cortex_v2/intermediate/_intermediate_models.yml) depends on a node named 'int_fivetran_conversions' in package '' which was not found
[0m21:00:49.840555 [debug] [MainThread]: Sending event: {'category': 'dbt', 'action': 'load_project', 'label': 'd0adf958-07ed-4a8b-ad10-870c2f938db4', 'context': [<snowplow_tracker.self_describing_json.SelfDescribingJson object at 0x119de6210>]}
[0m21:00:49.915780 [debug] [MainThread]: Wrote artifact WritableManifest to /Users/riley/Documents/GitHub/dbt-lattara-cortex/target/manifest.json
[0m21:00:49.917621 [debug] [MainThread]: Wrote artifact SemanticManifest to /Users/riley/Documents/GitHub/dbt-lattara-cortex/target/semantic_manifest.json
[0m21:00:49.932937 [debug] [MainThread]: Sending event: {'category': 'dbt', 'action': 'resource_counts', 'label': 'd0adf958-07ed-4a8b-ad10-870c2f938db4', 'context': [<snowplow_tracker.self_describing_json.SelfDescribingJson object at 0x119329810>]}
[0m21:00:49.933357 [info ] [MainThread]: Found 50 models, 4 seeds, 20 data tests, 53 sources, 543 macros
[0m21:00:49.933548 [debug] [MainThread]: Sending event: {'category': 'dbt', 'action': 'runnable_timing', 'label': 'd0adf958-07ed-4a8b-ad10-870c2f938db4', 'context': [<snowplow_tracker.self_describing_json.SelfDescribingJson object at 0x108a22690>]}
[0m21:00:49.935496 [info ] [MainThread]: 
[0m21:00:49.935731 [info ] [MainThread]: Concurrency: 4 threads (target='dev')
[0m21:00:49.935865 [info ] [MainThread]: 
[0m21:00:49.936098 [debug] [MainThread]: Acquiring new bigquery connection 'master'
[0m21:00:49.938372 [debug] [ThreadPool]: Acquiring new bigquery connection 'list_res-analytics'
[0m21:00:49.938747 [debug] [ThreadPool]: Acquiring new bigquery connection 'list_res-analytics'
[0m21:00:49.939056 [debug] [ThreadPool]: Opening a new connection, currently in state init
[0m21:00:49.939303 [debug] [ThreadPool]: Opening a new connection, currently in state init
[0m21:00:51.592940 [debug] [ThreadPool]: Re-using an available connection from the pool (formerly list_res-analytics, now list_res-analytics_cortex)
[0m21:00:51.593684 [debug] [ThreadPool]: Re-using an available connection from the pool (formerly list_res-analytics, now list_res-analytics_com_allied)
[0m21:00:51.594150 [debug] [ThreadPool]: Acquiring new bigquery connection 'list_res-analytics_cortex_marts'
[0m21:00:51.594564 [debug] [ThreadPool]: Acquiring new bigquery connection 'list_res-analytics_allied_team'
[0m21:00:51.594831 [debug] [ThreadPool]: Opening a new connection, currently in state closed
[0m21:00:51.595138 [debug] [ThreadPool]: Opening a new connection, currently in state closed
[0m21:00:51.595350 [debug] [ThreadPool]: Opening a new connection, currently in state init
[0m21:00:51.595539 [debug] [ThreadPool]: Opening a new connection, currently in state init
[0m21:00:51.916381 [debug] [MainThread]: Sending event: {'category': 'dbt', 'action': 'runnable_timing', 'label': 'd0adf958-07ed-4a8b-ad10-870c2f938db4', 'context': [<snowplow_tracker.self_describing_json.SelfDescribingJson object at 0x108a33810>]}
[0m21:00:51.916857 [debug] [MainThread]: Opening a new connection, currently in state init
[0m21:00:51.918747 [debug] [Thread-1 (]: Began running node model.analytics.accounts
[0m21:00:51.918950 [debug] [Thread-2 (]: Began running node model.analytics.ad_networks
[0m21:00:51.919145 [debug] [Thread-3 (]: Began running node model.analytics.conversions
[0m21:00:51.919427 [info ] [Thread-1 (]: 1 of 12 START sql incremental model com_allied.accounts ........................ [RUN]
[0m21:00:51.919683 [info ] [Thread-2 (]: 2 of 12 START sql table model cortex.ad_networks ............................... [RUN]
[0m21:00:51.919927 [info ] [Thread-3 (]: 3 of 12 START sql table model com_allied.conversions ........................... [RUN]
[0m21:00:51.920284 [debug] [Thread-1 (]: Re-using an available connection from the pool (formerly list_res-analytics_cortex, now model.analytics.accounts)
[0m21:00:51.920475 [debug] [Thread-2 (]: Re-using an available connection from the pool (formerly list_res-analytics_com_allied, now model.analytics.ad_networks)
[0m21:00:51.920645 [debug] [Thread-3 (]: Re-using an available connection from the pool (formerly list_res-analytics_cortex_marts, now model.analytics.conversions)
[0m21:00:51.920815 [debug] [Thread-1 (]: Began compiling node model.analytics.accounts
[0m21:00:51.920985 [debug] [Thread-2 (]: Began compiling node model.analytics.ad_networks
[0m21:00:51.921180 [debug] [Thread-3 (]: Began compiling node model.analytics.conversions
[0m21:00:51.929110 [debug] [Thread-1 (]: On "model.analytics.accounts": cache miss for schema "res-analytics.com_allied_facebook_ads", this is inefficient
[0m21:00:51.930282 [debug] [Thread-2 (]: Writing injected SQL for node "model.analytics.ad_networks"
[0m21:00:51.936313 [debug] [Thread-3 (]: On "model.analytics.conversions": cache miss for schema "res-analytics.com_allied_google_ads", this is inefficient
[0m21:00:51.936569 [debug] [Thread-1 (]: Opening a new connection, currently in state closed
[0m21:00:51.936843 [debug] [Thread-3 (]: Opening a new connection, currently in state closed
[0m21:00:51.937438 [debug] [Thread-2 (]: Began executing node model.analytics.ad_networks
[0m21:00:51.945003 [debug] [Thread-2 (]: Opening a new connection, currently in state closed
[0m21:00:52.213888 [debug] [Thread-1 (]: On "model.analytics.accounts": cache miss for schema "res-analytics.com_allied_google_ads", this is inefficient
[0m21:00:52.226592 [debug] [Thread-3 (]: On "model.analytics.conversions": cache miss for schema "res-analytics.com_allied_facebook_ads", this is inefficient
[0m21:00:52.230319 [debug] [Thread-2 (]: Writing runtime sql for node "model.analytics.ad_networks"
[0m21:00:52.233033 [debug] [Thread-2 (]: On model.analytics.ad_networks: /* {"app": "dbt", "dbt_version": "1.11.2", "profile_name": "default", "target_name": "dev", "node_id": "model.analytics.ad_networks"} */

  
    

    create or replace table `res-analytics`.`cortex`.`ad_networks`
      
    
    

    
    OPTIONS()
    as (
      SELECT
  id,
  official_connector_name AS name
FROM `fivetran_metadata.connector_type`
WHERE deleted = FALSE
  AND type = 'Marketing'

UNION ALL

-- Manual additions not in Fivetran
SELECT 'bingads' AS id, 'Bing/Microsoft Ads' AS name
    );
  
[0m21:00:52.418781 [debug] [Thread-1 (]: On "model.analytics.accounts": cache miss for schema "res-analytics.com_allied_linkedin_ads", this is inefficient
[0m21:00:52.424307 [debug] [Thread-3 (]: On "model.analytics.conversions": cache miss for schema "res-analytics.com_allied_facebook_ads", this is inefficient
[0m21:00:52.665857 [debug] [Thread-3 (]: On "model.analytics.conversions": cache miss for schema "res-analytics.com_allied_linkedin_ads", this is inefficient
[0m21:00:52.669914 [debug] [Thread-1 (]: On "model.analytics.accounts": cache miss for schema "res-analytics.com_allied_tiktok_ads", this is inefficient
[0m21:00:52.810228 [debug] [Thread-2 (]: BigQuery adapter: https://console.cloud.google.com/bigquery?project=res-analytics&j=bq:US:f6bd6925-7f02-4a4b-a23d-08976e3e0283&page=queryresults
[0m21:00:52.859138 [debug] [Thread-3 (]: On "model.analytics.conversions": cache miss for schema "res-analytics.com_allied_tiktok_ads", this is inefficient
[0m21:00:52.859539 [debug] [Thread-1 (]: Writing injected SQL for node "model.analytics.accounts"
[0m21:00:52.860559 [debug] [Thread-1 (]: Began executing node model.analytics.accounts
[0m21:00:53.062165 [debug] [Thread-1 (]: On model.analytics.accounts: /* {"app": "dbt", "dbt_version": "1.11.2", "profile_name": "default", "target_name": "dev", "node_id": "model.analytics.accounts"} */
select * from (
        


WITH facebook_latest AS (
  
  SELECT
    CAST(NULL AS STRING) as id,
    CAST(NULL AS STRING) as name,
    CAST(NULL AS INT64) as rn
  FROM (SELECT 1) WHERE FALSE
  
),


google_latest AS (
  
  SELECT
    CAST(NULL AS STRING) as id,
    CAST(NULL AS STRING) as name,
    CAST(NULL AS INT64) as rn
  FROM (SELECT 1) WHERE FALSE
  
),



linkedin_latest AS (
  
  SELECT
    CAST(NULL AS STRING) as id,
    CAST(NULL AS STRING) as name,
    CAST(NULL AS INT64) as rn
  FROM (SELECT 1) WHERE FALSE
  
),



tiktok_latest AS (
  
  SELECT
    CAST(NULL AS STRING) as id,
    CAST(NULL AS STRING) as name,
    CAST(NULL AS INT64) as rn
  FROM (SELECT 1) WHERE FALSE
  
),

all_accounts AS (
  SELECT
    CONCAT('facebook_ads_', id) AS id,
    name AS name,
    'facebook_ads' AS ad_network_id,
    CAST(NULL AS STRING) AS product_id,
    CAST('allied-empty' AS STRING) AS organization_id,
    CAST(NULL AS STRING) AS kpi_1,
    CAST(NULL AS STRING) AS kpi_2,
    CAST(NULL AS STRING) AS kpi_3,
    CAST(NULL AS STRING) AS kpi_4,
    CAST(NULL AS STRING) AS kpi_5,
    CAST(NULL AS STRING) AS kpi_6,
    CAST(NULL AS STRING) AS kpi_7,
    CAST(NULL AS STRING) AS kpi_8,
    CAST(NULL AS STRING) AS kpi_9,
    CAST(NULL AS STRING) AS kpi_10
  FROM facebook_latest
  WHERE rn = 1

  UNION ALL

  SELECT
    CONCAT('google_ads_', id) AS id,
    name AS name,
    'google_ads' AS ad_network_id,
    CAST(NULL AS STRING) AS product_id,
    CAST('allied-empty' AS STRING) AS organization_id,
    CAST(NULL AS STRING) AS kpi_1,
    CAST(NULL AS STRING) AS kpi_2,
    CAST(NULL AS STRING) AS kpi_3,
    CAST(NULL AS STRING) AS kpi_4,
    CAST(NULL AS STRING) AS kpi_5,
    CAST(NULL AS STRING) AS kpi_6,
    CAST(NULL AS STRING) AS kpi_7,
    CAST(NULL AS STRING) AS kpi_8,
    CAST(NULL AS STRING) AS kpi_9,
    CAST(NULL AS STRING) AS kpi_10
  FROM google_latest
  WHERE rn = 1

  UNION ALL

  SELECT
    CONCAT('linkedin_ads_', id) AS id,
    name AS name,
    'linkedin_ads' AS ad_network_id,
    CAST(NULL AS STRING) AS product_id,
    CAST('allied-empty' AS STRING) AS organization_id,
    CAST(NULL AS STRING) AS kpi_1,
    CAST(NULL AS STRING) AS kpi_2,
    CAST(NULL AS STRING) AS kpi_3,
    CAST(NULL AS STRING) AS kpi_4,
    CAST(NULL AS STRING) AS kpi_5,
    CAST(NULL AS STRING) AS kpi_6,
    CAST(NULL AS STRING) AS kpi_7,
    CAST(NULL AS STRING) AS kpi_8,
    CAST(NULL AS STRING) AS kpi_9,
    CAST(NULL AS STRING) AS kpi_10
  FROM linkedin_latest
  WHERE rn = 1

  UNION ALL

  SELECT
    CONCAT('tiktok_ads_', id) AS id,
    name AS name,
    'tiktok_ads' AS ad_network_id,
    CAST(NULL AS STRING) AS product_id,
    CAST('allied-empty' AS STRING) AS organization_id,
    CAST(NULL AS STRING) AS kpi_1,
    CAST(NULL AS STRING) AS kpi_2,
    CAST(NULL AS STRING) AS kpi_3,
    CAST(NULL AS STRING) AS kpi_4,
    CAST(NULL AS STRING) AS kpi_5,
    CAST(NULL AS STRING) AS kpi_6,
    CAST(NULL AS STRING) AS kpi_7,
    CAST(NULL AS STRING) AS kpi_8,
    CAST(NULL AS STRING) AS kpi_9,
    CAST(NULL AS STRING) AS kpi_10
  FROM tiktok_latest
  WHERE rn = 1
)

SELECT * FROM all_accounts
    ) as __dbt_sbq
    where false and current_timestamp() = current_timestamp()
    limit 0

[0m21:00:53.083192 [debug] [Thread-3 (]: On "model.analytics.conversions": cache miss for schema "res-analytics.com_allied_tiktok_ads", this is inefficient
[0m21:00:53.317453 [debug] [Thread-3 (]: On "model.analytics.conversions": cache miss for schema "res-analytics.com_allied_bing_ads", this is inefficient
[0m21:00:53.441263 [debug] [Thread-1 (]: BigQuery adapter: https://console.cloud.google.com/bigquery?project=res-analytics&j=bq:US:4620e06d-989e-43d0-875e-39e6e072eac6&page=queryresults
[0m21:00:53.505004 [debug] [Thread-3 (]: Writing injected SQL for node "model.analytics.conversions"
[0m21:00:53.505696 [debug] [Thread-3 (]: Began executing node model.analytics.conversions
[0m21:00:53.620778 [debug] [Thread-1 (]: SQL status: OK in 0.178 seconds
[0m21:00:53.638872 [debug] [Thread-1 (]: On model.analytics.accounts: /* {"app": "dbt", "dbt_version": "1.11.2", "profile_name": "default", "target_name": "dev", "node_id": "model.analytics.accounts"} */
select * from (
        select
    
      
    cast(null as STRING)
 as id, 
      
    cast(null as STRING)
 as name, 
      
    cast(null as STRING)
 as ad_network_id, 
      
    cast(null as STRING)
 as product_id, 
      
    cast(null as STRING)
 as organization_id, 
      
    cast(null as STRING)
 as kpi_1, 
      
    cast(null as STRING)
 as kpi_2, 
      
    cast(null as STRING)
 as kpi_3, 
      
    cast(null as STRING)
 as kpi_4, 
      
    cast(null as STRING)
 as kpi_5, 
      
    cast(null as STRING)
 as kpi_6, 
      
    cast(null as STRING)
 as kpi_7, 
      
    cast(null as STRING)
 as kpi_8, 
      
    cast(null as STRING)
 as kpi_9, 
      
    cast(null as STRING)
 as kpi_10
    ) as __dbt_sbq
    where false and current_timestamp() = current_timestamp()
    limit 0

[0m21:00:53.698705 [debug] [Thread-3 (]: Writing runtime sql for node "model.analytics.conversions"
[0m21:00:53.699353 [debug] [Thread-3 (]: On model.analytics.conversions: /* {"app": "dbt", "dbt_version": "1.11.2", "profile_name": "default", "target_name": "dev", "node_id": "model.analytics.conversions"} */

  
    

    create or replace table `res-analytics`.`com_allied`.`conversions`
      
    
    

    
    OPTIONS()
    as (
      

WITH



google_conv AS (
     
     SELECT
          CAST(NULL AS STRING) as ad_network_id,
          CAST(NULL AS STRING) as account_id,
          CAST(NULL AS STRING) as conversion_name,
          CAST(NULL AS INTEGER) as count
     FROM (SELECT 1) WHERE FALSE
     
),





facebook_conv AS (
     
     SELECT
          CAST(NULL AS STRING) as ad_network_id,
          CAST(NULL AS STRING) as account_id,
          CAST(NULL AS STRING) as conversion_name,
          CAST(NULL AS INTEGER) as count
     FROM (SELECT 1) WHERE FALSE
     
),



linkedin_conv as (
     
     SELECT
          CAST(NULL AS STRING) as ad_network_id,
          CAST(NULL AS STRING) as account_id,
          CAST(NULL AS STRING) as conversion_name,
          CAST(NULL AS INTEGER) as count
     FROM (SELECT 1) WHERE FALSE
     
),



tiktok_conv as (

SELECT
     CAST(NULL AS STRING) as ad_network_id,
     CAST(NULL AS STRING) as account_id,
     CAST(NULL AS STRING) as conversion_name,
     CAST(NULL AS INTEGER) as count
FROM (SELECT 1) WHERE FALSE

),



bing_conv as (

SELECT
     CAST(NULL AS STRING) as ad_network_id,
     CAST(NULL AS STRING) as account_id,
     CAST(NULL AS STRING) as conversion_name,
     CAST(NULL AS INTEGER) as count
FROM (SELECT 1) WHERE FALSE

)

select * from google_conv

union all

select * from facebook_conv

union all

select * from linkedin_conv

union all

select * from tiktok_conv

union all

select * from bing_conv
    );
  
[0m21:00:53.974067 [debug] [Thread-3 (]: BigQuery adapter: https://console.cloud.google.com/bigquery?project=res-analytics&j=bq:US:6a2799a3-3a74-49f6-a228-a82a5a67ba9b&page=queryresults
[0m21:00:53.975611 [debug] [Thread-1 (]: BigQuery adapter: https://console.cloud.google.com/bigquery?project=res-analytics&j=bq:US:e4ebe449-772a-47bc-b05b-929d536295fb&page=queryresults
[0m21:00:54.166493 [debug] [Thread-1 (]: SQL status: OK in 0.190 seconds
[0m21:00:54.191522 [debug] [Thread-1 (]: Writing runtime sql for node "model.analytics.accounts"
[0m21:00:54.192861 [debug] [Thread-1 (]: On model.analytics.accounts: /* {"app": "dbt", "dbt_version": "1.11.2", "profile_name": "default", "target_name": "dev", "node_id": "model.analytics.accounts"} */

  
    

    create or replace table `res-analytics`.`com_allied`.`accounts`
        
  (
    id STRING,
    name STRING,
    ad_network_id STRING,
    product_id STRING,
    organization_id STRING,
    kpi_1 STRING,
    kpi_2 STRING,
    kpi_3 STRING,
    kpi_4 STRING,
    kpi_5 STRING,
    kpi_6 STRING,
    kpi_7 STRING,
    kpi_8 STRING,
    kpi_9 STRING,
    kpi_10 STRING
    
    )

      
    
    

    
    OPTIONS()
    as (
      
    select id, name, ad_network_id, product_id, organization_id, kpi_1, kpi_2, kpi_3, kpi_4, kpi_5, kpi_6, kpi_7, kpi_8, kpi_9, kpi_10
    from (
        


WITH facebook_latest AS (
  
  SELECT
    CAST(NULL AS STRING) as id,
    CAST(NULL AS STRING) as name,
    CAST(NULL AS INT64) as rn
  FROM (SELECT 1) WHERE FALSE
  
),


google_latest AS (
  
  SELECT
    CAST(NULL AS STRING) as id,
    CAST(NULL AS STRING) as name,
    CAST(NULL AS INT64) as rn
  FROM (SELECT 1) WHERE FALSE
  
),



linkedin_latest AS (
  
  SELECT
    CAST(NULL AS STRING) as id,
    CAST(NULL AS STRING) as name,
    CAST(NULL AS INT64) as rn
  FROM (SELECT 1) WHERE FALSE
  
),



tiktok_latest AS (
  
  SELECT
    CAST(NULL AS STRING) as id,
    CAST(NULL AS STRING) as name,
    CAST(NULL AS INT64) as rn
  FROM (SELECT 1) WHERE FALSE
  
),

all_accounts AS (
  SELECT
    CONCAT('facebook_ads_', id) AS id,
    name AS name,
    'facebook_ads' AS ad_network_id,
    CAST(NULL AS STRING) AS product_id,
    CAST('allied-empty' AS STRING) AS organization_id,
    CAST(NULL AS STRING) AS kpi_1,
    CAST(NULL AS STRING) AS kpi_2,
    CAST(NULL AS STRING) AS kpi_3,
    CAST(NULL AS STRING) AS kpi_4,
    CAST(NULL AS STRING) AS kpi_5,
    CAST(NULL AS STRING) AS kpi_6,
    CAST(NULL AS STRING) AS kpi_7,
    CAST(NULL AS STRING) AS kpi_8,
    CAST(NULL AS STRING) AS kpi_9,
    CAST(NULL AS STRING) AS kpi_10
  FROM facebook_latest
  WHERE rn = 1

  UNION ALL

  SELECT
    CONCAT('google_ads_', id) AS id,
    name AS name,
    'google_ads' AS ad_network_id,
    CAST(NULL AS STRING) AS product_id,
    CAST('allied-empty' AS STRING) AS organization_id,
    CAST(NULL AS STRING) AS kpi_1,
    CAST(NULL AS STRING) AS kpi_2,
    CAST(NULL AS STRING) AS kpi_3,
    CAST(NULL AS STRING) AS kpi_4,
    CAST(NULL AS STRING) AS kpi_5,
    CAST(NULL AS STRING) AS kpi_6,
    CAST(NULL AS STRING) AS kpi_7,
    CAST(NULL AS STRING) AS kpi_8,
    CAST(NULL AS STRING) AS kpi_9,
    CAST(NULL AS STRING) AS kpi_10
  FROM google_latest
  WHERE rn = 1

  UNION ALL

  SELECT
    CONCAT('linkedin_ads_', id) AS id,
    name AS name,
    'linkedin_ads' AS ad_network_id,
    CAST(NULL AS STRING) AS product_id,
    CAST('allied-empty' AS STRING) AS organization_id,
    CAST(NULL AS STRING) AS kpi_1,
    CAST(NULL AS STRING) AS kpi_2,
    CAST(NULL AS STRING) AS kpi_3,
    CAST(NULL AS STRING) AS kpi_4,
    CAST(NULL AS STRING) AS kpi_5,
    CAST(NULL AS STRING) AS kpi_6,
    CAST(NULL AS STRING) AS kpi_7,
    CAST(NULL AS STRING) AS kpi_8,
    CAST(NULL AS STRING) AS kpi_9,
    CAST(NULL AS STRING) AS kpi_10
  FROM linkedin_latest
  WHERE rn = 1

  UNION ALL

  SELECT
    CONCAT('tiktok_ads_', id) AS id,
    name AS name,
    'tiktok_ads' AS ad_network_id,
    CAST(NULL AS STRING) AS product_id,
    CAST('allied-empty' AS STRING) AS organization_id,
    CAST(NULL AS STRING) AS kpi_1,
    CAST(NULL AS STRING) AS kpi_2,
    CAST(NULL AS STRING) AS kpi_3,
    CAST(NULL AS STRING) AS kpi_4,
    CAST(NULL AS STRING) AS kpi_5,
    CAST(NULL AS STRING) AS kpi_6,
    CAST(NULL AS STRING) AS kpi_7,
    CAST(NULL AS STRING) AS kpi_8,
    CAST(NULL AS STRING) AS kpi_9,
    CAST(NULL AS STRING) AS kpi_10
  FROM tiktok_latest
  WHERE rn = 1
)

SELECT * FROM all_accounts
    ) as model_subq
    );
  
[0m21:00:54.527501 [debug] [Thread-1 (]: BigQuery adapter: https://console.cloud.google.com/bigquery?project=res-analytics&j=bq:US:eb0f2a1e-b01a-466f-904f-e70578f367a0&page=queryresults
[0m21:00:54.613197 [debug] [Thread-2 (]: SQL status: OK in 1.802 seconds
[0m21:00:54.876616 [debug] [Thread-2 (]: Sending event: {'category': 'dbt', 'action': 'run_model', 'label': 'd0adf958-07ed-4a8b-ad10-870c2f938db4', 'context': [<snowplow_tracker.self_describing_json.SelfDescribingJson object at 0x119e50410>]}
[0m21:00:54.877054 [info ] [Thread-2 (]: 2 of 12 OK created sql table model cortex.ad_networks .......................... [[32mCREATE TABLE (5.0 rows, 344.0 Bytes processed)[0m in 2.96s]
[0m21:00:54.877344 [debug] [Thread-2 (]: Finished running node model.analytics.ad_networks
[0m21:00:55.530435 [debug] [Thread-3 (]: SQL status: OK in 1.556 seconds
[0m21:00:55.722155 [debug] [Thread-3 (]: Sending event: {'category': 'dbt', 'action': 'run_model', 'label': 'd0adf958-07ed-4a8b-ad10-870c2f938db4', 'context': [<snowplow_tracker.self_describing_json.SelfDescribingJson object at 0x11a26a750>]}
[0m21:00:55.724002 [info ] [Thread-3 (]: 3 of 12 OK created sql table model com_allied.conversions ...................... [[32mCREATE TABLE (0.0 rows, 0 processed)[0m in 3.80s]
[0m21:00:55.724394 [debug] [Thread-3 (]: Finished running node model.analytics.conversions
[0m21:00:56.270634 [debug] [Thread-1 (]: SQL status: OK in 1.741 seconds
[0m21:00:56.481498 [debug] [Thread-1 (]: Sending event: {'category': 'dbt', 'action': 'run_model', 'label': 'd0adf958-07ed-4a8b-ad10-870c2f938db4', 'context': [<snowplow_tracker.self_describing_json.SelfDescribingJson object at 0x11a07e5d0>]}
[0m21:00:56.482197 [info ] [Thread-1 (]: 1 of 12 OK created sql incremental model com_allied.accounts ................... [[32mCREATE TABLE (0.0 rows, 0 processed)[0m in 4.56s]
[0m21:00:56.482543 [debug] [Thread-1 (]: Finished running node model.analytics.accounts
[0m21:00:56.483285 [debug] [Thread-4 (]: Began running node model.analytics.campaigns
[0m21:00:56.483543 [info ] [Thread-4 (]: 4 of 12 START sql incremental model com_allied.campaigns ....................... [RUN]
[0m21:00:56.483773 [debug] [Thread-4 (]: Re-using an available connection from the pool (formerly list_res-analytics_allied_team, now model.analytics.campaigns)
[0m21:00:56.483957 [debug] [Thread-4 (]: Began compiling node model.analytics.campaigns
[0m21:00:56.491146 [debug] [Thread-4 (]: On "model.analytics.campaigns": cache miss for schema "res-analytics.com_allied_facebook_ads", this is inefficient
[0m21:00:56.491367 [debug] [Thread-4 (]: Opening a new connection, currently in state closed
[0m21:00:56.698022 [debug] [Thread-4 (]: On "model.analytics.campaigns": cache miss for schema "res-analytics.com_allied_facebook_ads", this is inefficient
[0m21:00:56.901391 [debug] [Thread-4 (]: On "model.analytics.campaigns": cache miss for schema "res-analytics.com_allied_google_ads", this is inefficient
[0m21:00:57.056065 [debug] [Thread-4 (]: On "model.analytics.campaigns": cache miss for schema "res-analytics.com_allied_google_ads", this is inefficient
[0m21:00:57.227601 [debug] [Thread-4 (]: On "model.analytics.campaigns": cache miss for schema "res-analytics.com_allied_linkedin_ads", this is inefficient
[0m21:00:57.480197 [debug] [Thread-4 (]: On "model.analytics.campaigns": cache miss for schema "res-analytics.com_allied_linkedin_ads", this is inefficient
[0m21:00:57.648263 [debug] [Thread-4 (]: On "model.analytics.campaigns": cache miss for schema "res-analytics.com_allied_tiktok_ads", this is inefficient
[0m21:00:57.902290 [debug] [Thread-4 (]: On "model.analytics.campaigns": cache miss for schema "res-analytics.com_allied_tiktok_ads", this is inefficient
[0m21:00:58.381711 [debug] [Thread-4 (]: Writing injected SQL for node "model.analytics.campaigns"
[0m21:00:58.383424 [debug] [Thread-4 (]: Began executing node model.analytics.campaigns
[0m21:00:58.539481 [debug] [Thread-4 (]: On model.analytics.campaigns: /* {"app": "dbt", "dbt_version": "1.11.2", "profile_name": "default", "target_name": "dev", "node_id": "model.analytics.campaigns"} */
select * from (
        


WITH facebook_campaign_latest AS (
  
  SELECT
    CAST(NULL AS STRING) as id,
    CAST(NULL AS STRING) as name,
    CAST(NULL AS STRING) as account_id,
    CAST(NULL AS INT64) as rn
  FROM (SELECT 1) WHERE FALSE
  
),


facebook_account_latest AS (
  
  SELECT
    CAST(NULL AS STRING) as id,
    CAST(NULL AS STRING) as name,
    CAST(NULL AS INT64) as rn
  FROM (SELECT 1) WHERE FALSE
  
),

facebook_campaigns AS (
  SELECT
    c.id,
    c.name,
    a.id AS account_id
  FROM facebook_campaign_latest c
  INNER JOIN facebook_account_latest a
    ON c.account_id = a.id
    AND a.rn = 1
  WHERE c.rn = 1
),


google_campaign_latest AS (
  
  SELECT
    CAST(NULL AS STRING) as id,
    CAST(NULL AS STRING) as name,
    CAST(NULL AS STRING) as account_id,
    CAST(NULL AS INT64) as rn
  FROM (SELECT 1) WHERE FALSE
  
),


google_account_latest AS (
  
  SELECT
    CAST(NULL AS STRING) as id,
    CAST(NULL AS STRING) as name,
    CAST(NULL AS INT64) as rn
  FROM (SELECT 1) WHERE FALSE
  
),

google_campaigns AS (
  SELECT
    c.id,
    c.name,
    a.id AS account_id
  FROM google_campaign_latest c
  INNER JOIN google_account_latest a
    ON c.account_id = a.id
    AND a.rn = 1
  WHERE c.rn = 1
),

-- LinkedIn hierarchy: Campaign Group = Nexus Campaign, Campaign = Nexus AdSet
-- Using campaign_group_history as the source for campaigns (not campaign_history)


linkedin_campaign_group_latest AS (
  
  SELECT
    CAST(NULL AS STRING) as id,
    CAST(NULL AS STRING) as name,
    CAST(NULL AS STRING) as account_id,
    CAST(NULL AS INT64) as rn
  FROM (SELECT 1) WHERE FALSE
  
),


linkedin_account_latest AS (
  
  SELECT
    CAST(NULL AS STRING) as id,
    CAST(NULL AS STRING) as name,
    CAST(NULL AS INT64) as rn
  FROM (SELECT 1) WHERE FALSE
  
),

linkedin_campaigns AS (
  SELECT
    cg.id,
    cg.name,
    a.id AS account_id
  FROM linkedin_campaign_group_latest cg
  INNER JOIN linkedin_account_latest a
    ON cg.account_id = a.id
    AND a.rn = 1
  WHERE cg.rn = 1
),


tiktok_campaign_latest AS (
  
  SELECT
    CAST(NULL AS STRING) as id,
    CAST(NULL AS STRING) as name,
    CAST(NULL AS STRING) as account_id,
    CAST(NULL AS INT64) as rn
  FROM (SELECT 1) WHERE FALSE
  
),


tiktok_account_latest AS (
  
  SELECT
    CAST(NULL AS STRING) as id,
    CAST(NULL AS STRING) as name,
    CAST(NULL AS INT64) as rn
  FROM (SELECT 1) WHERE FALSE
  
),

tiktok_campaigns AS (
  SELECT
    c.id,
    c.name,
    a.id AS account_id
  FROM tiktok_campaign_latest c
  INNER JOIN tiktok_account_latest a
    ON c.account_id = a.id
    AND a.rn = 1
  WHERE c.rn = 1
),

all_campaigns AS (
  SELECT
    CONCAT('facebook_ads_', CAST(id AS STRING)) AS id,
    name AS campaign_name,
    CONCAT('facebook_ads_', account_id) AS account_id,
    'facebook_ads' AS ad_network_id
  FROM facebook_campaigns

  UNION ALL

  SELECT
    CONCAT('google_ads_', CAST(id AS STRING)) AS id,
    name AS campaign_name,
    CONCAT('google_ads_', account_id) AS account_id,
    'google_ads' AS ad_network_id
  FROM google_campaigns

  UNION ALL

  SELECT
    CONCAT('linkedin_ads_', CAST(id AS STRING)) AS id,
    name AS campaign_name,
    CONCAT('linkedin_ads_', account_id) AS account_id,
    'linkedin_ads' AS ad_network_id
  FROM linkedin_campaigns

  UNION ALL

  SELECT
    CONCAT('tiktok_ads_', CAST(id AS STRING)) AS id,
    name AS campaign_name,
    CONCAT('tiktok_ads_', account_id) AS account_id,
    'tiktok_ads' AS ad_network_id
  FROM tiktok_campaigns
)

SELECT
  c.id,
  c.campaign_name,
  c.account_id,
  c.ad_network_id,
  a.product_id,
  a.organization_id
FROM all_campaigns c
LEFT JOIN `res-analytics`.`com_allied`.`accounts` a
  ON c.account_id = a.id


    ) as __dbt_sbq
    where false and current_timestamp() = current_timestamp()
    limit 0

[0m21:00:58.980279 [debug] [Thread-4 (]: BigQuery adapter: https://console.cloud.google.com/bigquery?project=res-analytics&j=bq:US:af95ce74-941b-4728-a07a-11b3df908aa1&page=queryresults
[0m21:00:59.140919 [debug] [Thread-4 (]: SQL status: OK in 0.160 seconds
[0m21:00:59.143395 [debug] [Thread-4 (]: On model.analytics.campaigns: /* {"app": "dbt", "dbt_version": "1.11.2", "profile_name": "default", "target_name": "dev", "node_id": "model.analytics.campaigns"} */
select * from (
        select
    
      
    cast(null as STRING)
 as id, 
      
    cast(null as STRING)
 as campaign_name, 
      
    cast(null as STRING)
 as account_id, 
      
    cast(null as STRING)
 as ad_network_id, 
      
    cast(null as STRING)
 as product_id, 
      
    cast(null as STRING)
 as organization_id
    ) as __dbt_sbq
    where false and current_timestamp() = current_timestamp()
    limit 0

[0m21:00:59.498506 [debug] [Thread-4 (]: BigQuery adapter: https://console.cloud.google.com/bigquery?project=res-analytics&j=bq:US:2a1e7a55-f4b2-42dd-8327-c1f131eaf156&page=queryresults
[0m21:00:59.664259 [debug] [Thread-4 (]: SQL status: OK in 0.165 seconds
[0m21:00:59.667700 [debug] [Thread-4 (]: Writing runtime sql for node "model.analytics.campaigns"
[0m21:00:59.668617 [debug] [Thread-4 (]: On model.analytics.campaigns: /* {"app": "dbt", "dbt_version": "1.11.2", "profile_name": "default", "target_name": "dev", "node_id": "model.analytics.campaigns"} */

  
    

    create or replace table `res-analytics`.`com_allied`.`campaigns`
        
  (
    id STRING,
    campaign_name STRING,
    account_id STRING,
    ad_network_id STRING,
    product_id STRING,
    organization_id STRING
    
    )

      
    
    

    
    OPTIONS()
    as (
      
    select id, campaign_name, account_id, ad_network_id, product_id, organization_id
    from (
        


WITH facebook_campaign_latest AS (
  
  SELECT
    CAST(NULL AS STRING) as id,
    CAST(NULL AS STRING) as name,
    CAST(NULL AS STRING) as account_id,
    CAST(NULL AS INT64) as rn
  FROM (SELECT 1) WHERE FALSE
  
),


facebook_account_latest AS (
  
  SELECT
    CAST(NULL AS STRING) as id,
    CAST(NULL AS STRING) as name,
    CAST(NULL AS INT64) as rn
  FROM (SELECT 1) WHERE FALSE
  
),

facebook_campaigns AS (
  SELECT
    c.id,
    c.name,
    a.id AS account_id
  FROM facebook_campaign_latest c
  INNER JOIN facebook_account_latest a
    ON c.account_id = a.id
    AND a.rn = 1
  WHERE c.rn = 1
),


google_campaign_latest AS (
  
  SELECT
    CAST(NULL AS STRING) as id,
    CAST(NULL AS STRING) as name,
    CAST(NULL AS STRING) as account_id,
    CAST(NULL AS INT64) as rn
  FROM (SELECT 1) WHERE FALSE
  
),


google_account_latest AS (
  
  SELECT
    CAST(NULL AS STRING) as id,
    CAST(NULL AS STRING) as name,
    CAST(NULL AS INT64) as rn
  FROM (SELECT 1) WHERE FALSE
  
),

google_campaigns AS (
  SELECT
    c.id,
    c.name,
    a.id AS account_id
  FROM google_campaign_latest c
  INNER JOIN google_account_latest a
    ON c.account_id = a.id
    AND a.rn = 1
  WHERE c.rn = 1
),

-- LinkedIn hierarchy: Campaign Group = Nexus Campaign, Campaign = Nexus AdSet
-- Using campaign_group_history as the source for campaigns (not campaign_history)


linkedin_campaign_group_latest AS (
  
  SELECT
    CAST(NULL AS STRING) as id,
    CAST(NULL AS STRING) as name,
    CAST(NULL AS STRING) as account_id,
    CAST(NULL AS INT64) as rn
  FROM (SELECT 1) WHERE FALSE
  
),


linkedin_account_latest AS (
  
  SELECT
    CAST(NULL AS STRING) as id,
    CAST(NULL AS STRING) as name,
    CAST(NULL AS INT64) as rn
  FROM (SELECT 1) WHERE FALSE
  
),

linkedin_campaigns AS (
  SELECT
    cg.id,
    cg.name,
    a.id AS account_id
  FROM linkedin_campaign_group_latest cg
  INNER JOIN linkedin_account_latest a
    ON cg.account_id = a.id
    AND a.rn = 1
  WHERE cg.rn = 1
),


tiktok_campaign_latest AS (
  
  SELECT
    CAST(NULL AS STRING) as id,
    CAST(NULL AS STRING) as name,
    CAST(NULL AS STRING) as account_id,
    CAST(NULL AS INT64) as rn
  FROM (SELECT 1) WHERE FALSE
  
),


tiktok_account_latest AS (
  
  SELECT
    CAST(NULL AS STRING) as id,
    CAST(NULL AS STRING) as name,
    CAST(NULL AS INT64) as rn
  FROM (SELECT 1) WHERE FALSE
  
),

tiktok_campaigns AS (
  SELECT
    c.id,
    c.name,
    a.id AS account_id
  FROM tiktok_campaign_latest c
  INNER JOIN tiktok_account_latest a
    ON c.account_id = a.id
    AND a.rn = 1
  WHERE c.rn = 1
),

all_campaigns AS (
  SELECT
    CONCAT('facebook_ads_', CAST(id AS STRING)) AS id,
    name AS campaign_name,
    CONCAT('facebook_ads_', account_id) AS account_id,
    'facebook_ads' AS ad_network_id
  FROM facebook_campaigns

  UNION ALL

  SELECT
    CONCAT('google_ads_', CAST(id AS STRING)) AS id,
    name AS campaign_name,
    CONCAT('google_ads_', account_id) AS account_id,
    'google_ads' AS ad_network_id
  FROM google_campaigns

  UNION ALL

  SELECT
    CONCAT('linkedin_ads_', CAST(id AS STRING)) AS id,
    name AS campaign_name,
    CONCAT('linkedin_ads_', account_id) AS account_id,
    'linkedin_ads' AS ad_network_id
  FROM linkedin_campaigns

  UNION ALL

  SELECT
    CONCAT('tiktok_ads_', CAST(id AS STRING)) AS id,
    name AS campaign_name,
    CONCAT('tiktok_ads_', account_id) AS account_id,
    'tiktok_ads' AS ad_network_id
  FROM tiktok_campaigns
)

SELECT
  c.id,
  c.campaign_name,
  c.account_id,
  c.ad_network_id,
  a.product_id,
  a.organization_id
FROM all_campaigns c
LEFT JOIN `res-analytics`.`com_allied`.`accounts` a
  ON c.account_id = a.id


    ) as model_subq
    );
  
[0m21:01:00.057007 [debug] [Thread-4 (]: BigQuery adapter: https://console.cloud.google.com/bigquery?project=res-analytics&j=bq:US:ff322424-1eef-4eef-a62a-b393ab926c24&page=queryresults
[0m21:01:01.512635 [debug] [Thread-4 (]: SQL status: OK in 1.455 seconds
[0m21:01:01.698353 [debug] [Thread-4 (]: Sending event: {'category': 'dbt', 'action': 'run_model', 'label': 'd0adf958-07ed-4a8b-ad10-870c2f938db4', 'context': [<snowplow_tracker.self_describing_json.SelfDescribingJson object at 0x11a2a8350>]}
[0m21:01:01.699500 [info ] [Thread-4 (]: 4 of 12 OK created sql incremental model com_allied.campaigns .................. [[32mCREATE TABLE (0.0 rows, 0 processed)[0m in 5.21s]
[0m21:01:01.700193 [debug] [Thread-4 (]: Finished running node model.analytics.campaigns
[0m21:01:01.700985 [debug] [Thread-3 (]: Began running node model.analytics.ads
[0m21:01:01.701381 [debug] [Thread-1 (]: Began running node model.analytics.adsets
[0m21:01:01.701724 [info ] [Thread-3 (]: 5 of 12 START sql incremental model com_allied.ads ............................. [RUN]
[0m21:01:01.702047 [debug] [Thread-2 (]: Began running node model.analytics.geo_campaign_daily
[0m21:01:01.702356 [info ] [Thread-1 (]: 6 of 12 START sql incremental model com_allied.adsets .......................... [RUN]
[0m21:01:01.702692 [debug] [Thread-3 (]: Re-using an available connection from the pool (formerly model.analytics.conversions, now model.analytics.ads)
[0m21:01:01.703009 [info ] [Thread-2 (]: 7 of 12 START sql table model cortex.geo_campaign_daily ........................ [RUN]
[0m21:01:01.703277 [debug] [Thread-1 (]: Re-using an available connection from the pool (formerly model.analytics.accounts, now model.analytics.adsets)
[0m21:01:01.703503 [debug] [Thread-3 (]: Began compiling node model.analytics.ads
[0m21:01:01.703758 [debug] [Thread-2 (]: Re-using an available connection from the pool (formerly model.analytics.ad_networks, now model.analytics.geo_campaign_daily)
[0m21:01:01.704182 [debug] [Thread-1 (]: Began compiling node model.analytics.adsets
[0m21:01:01.715513 [debug] [Thread-3 (]: On "model.analytics.ads": cache miss for schema "res-analytics.com_allied_facebook_ads", this is inefficient
[0m21:01:01.715831 [debug] [Thread-2 (]: Began compiling node model.analytics.geo_campaign_daily
[0m21:01:01.835944 [debug] [Thread-1 (]: On "model.analytics.adsets": cache miss for schema "res-analytics.com_allied_facebook_ads", this is inefficient
[0m21:01:01.836267 [debug] [Thread-3 (]: Opening a new connection, currently in state closed
[0m21:01:01.839445 [debug] [Thread-2 (]: Writing injected SQL for node "model.analytics.geo_campaign_daily"
[0m21:01:01.839675 [debug] [Thread-1 (]: Opening a new connection, currently in state closed
[0m21:01:01.841358 [debug] [Thread-2 (]: Began executing node model.analytics.geo_campaign_daily
[0m21:01:01.842915 [debug] [Thread-2 (]: Opening a new connection, currently in state closed
[0m21:01:02.055195 [debug] [Thread-3 (]: On "model.analytics.ads": cache miss for schema "res-analytics.com_allied_google_ads", this is inefficient
[0m21:01:02.139057 [debug] [Thread-2 (]: Writing runtime sql for node "model.analytics.geo_campaign_daily"
[0m21:01:02.141191 [debug] [Thread-2 (]: On model.analytics.geo_campaign_daily: /* {"app": "dbt", "dbt_version": "1.11.2", "profile_name": "default", "target_name": "dev", "node_id": "model.analytics.geo_campaign_daily"} */

  
    

    create or replace table `res-analytics`.`cortex`.`geo_campaign_daily`
      
    
    

    
    OPTIONS()
    as (
      -- Unified campaign-level geographic performance across all ad networks
-- Phase 1: TikTok + Bing (ready)
-- Phase 2: Facebook + Google (custom reports)
-- Phase 3: LinkedIn (monthly-to-daily WEIGHTED distribution)
--
-- Note: LinkedIn geo data is ESTIMATED using weighted distribution based on actual
-- daily campaign spend patterns. This reduces estimation error by ~69% vs uniform.
-- Check is_estimated column to identify estimated vs actual data

-- WITH tiktok_geo AS (
--     -- TikTok: country_code is ISO format, just needs LOWER()
--     -- Note: Only includes campaigns with explicit geo targeting (~20-100% coverage)
--     SELECT
--         DATE(stat_time_day) AS date,
--         CONCAT('tiktok_ads_', CAST(campaign_id AS STRING)) AS campaign_id,
--         LOWER(country_code) AS country_code,
--         COALESCE(spend, 0) AS spend,
--         COALESCE(impressions, 0) AS impressions,
--         COALESCE(clicks, 0) AS clicks,
--         COALESCE(conversion, 0) AS conversions,
--         FALSE AS is_estimated
--     FROM `res-analytics`.`tiktok_ads`.`campaign_country_report`
--     WHERE country_code IS NOT NULL
--       AND country_code != 'None'
-- ),

-- bing_geo AS (
--     -- Bing: country is full name, needs mapping via seed
--     -- Aggregates away device_type, device_os, network, goal dimensions
--     SELECT
--         date_day AS date,
--         CONCAT('bingads_', CAST(b.campaign_id AS STRING)) AS campaign_id,
--         cc.country_code,
--         SUM(COALESCE(b.spend, 0)) AS spend,
--         SUM(COALESCE(b.impressions, 0)) AS impressions,
--         SUM(COALESCE(b.clicks, 0)) AS clicks,
--         SUM(COALESCE(b.conversions, 0)) AS conversions,
--         FALSE AS is_estimated
--     FROM `res-analytics`.`bingads_microsoft_ads`.`microsoft_ads__campaign_country_report` b
--     LEFT JOIN `res-analytics`.`cortex`.`country_codes` cc
--         ON LOWER(b.country) = LOWER(cc.country_name)
--     WHERE b.country IS NOT NULL
--     GROUP BY 1, 2, 3
-- ),

-- facebook_geo AS (
--     SELECT
--         date AS date,
--         CONCAT('facebook_ads_', CAST(campaign_id AS STRING)) AS campaign_id,
--         LOWER(country) AS country_code,
--         COALESCE(spend, 0) AS spend,
--         COALESCE(impressions, 0) AS impressions,
--         COALESCE(clicks, 0) AS clicks,
--         0 AS conversions,
--         FALSE AS is_estimated
--     FROM `res-analytics`.`facebook_ads_v2`.`campaign_country_daily`
--     WHERE country IS NOT NULL
-- ),

with google_geo AS (
    SELECT
        date AS date,
        CONCAT('google_ads_', CAST(campaign_id AS STRING)) AS campaign_id,
        gt.country_code,
        COALESCE(cost_micros / 1000000.0, 0) AS spend,
        COALESCE(impressions, 0) AS impressions,
        COALESCE(clicks, 0) AS clicks,
        COALESCE(all_conversions, 0) AS conversions,
        FALSE AS is_estimated
    FROM `res-analytics`.`google_ads_v2`.`country_campaign_report` g
    LEFT JOIN `res-analytics`.`cortex`.`google_geo_targets` gt
        ON g.country_criterion_id = gt.criterion_id
    WHERE gt.country_code IS NOT NULL
),

-- -- LinkedIn: Monthly geo data distributed to daily estimates using WEIGHTED distribution
-- -- Weighted by actual daily campaign spend patterns (not uniform)
-- -- This reduces daily estimation error by ~69% compared to uniform distribution
-- -- Note: LinkedIn campaign_id maps to campaign_group_id for nexus.campaigns join
-- linkedin_campaign_to_group AS (
--     SELECT
--         id AS campaign_id,
--         campaign_group_id
--     FROM `res-analytics`.`linkedin_ads`.`campaign_history`
--     QUALIFY ROW_NUMBER() OVER (PARTITION BY id ORDER BY last_modified_time DESC) = 1
-- ),

-- linkedin_monthly_geo AS (
--     SELECT
--         m.campaign_id,
--         cg.campaign_group_id,
--         m.member_country AS geo_urn,
--         m.month,
--         CAST(m.cost_in_local_currency AS FLOAT64) AS monthly_spend,
--         m.impressions AS monthly_impressions,
--         m.clicks AS monthly_clicks,
--         COALESCE(m.external_website_conversions, 0) AS monthly_conversions
--     FROM `res-analytics`.`linkedin_ads`.`monthly_ad_analytics_by_member_country` m
--     LEFT JOIN linkedin_campaign_to_group cg ON m.campaign_id = cg.campaign_id
--     WHERE CAST(m.cost_in_local_currency AS FLOAT64) > 0
-- ),

-- -- Daily campaign spend for weighted distribution
-- linkedin_daily_campaign_spend AS (
--     SELECT
--         campaign_id,
--         DATE(day) AS date,
--         CONCAT(CAST(EXTRACT(YEAR FROM DATE(day)) AS STRING), '-', CAST(EXTRACT(MONTH FROM DATE(day)) AS STRING)) AS month_key,
--         CAST(cost_in_local_currency AS FLOAT64) AS daily_spend,
--         impressions AS daily_impressions,
--         clicks AS daily_clicks,
--         COALESCE(external_website_conversions, 0) AS daily_conversions
--     FROM `res-analytics`.`linkedin_ads`.`ad_analytics_by_campaign`
--     WHERE cost_in_local_currency > 0
-- ),

-- -- Monthly totals from daily campaign data (for calculating weight ratios)
-- linkedin_monthly_campaign_totals AS (
--     SELECT
--         campaign_id,
--         month_key,
--         SUM(daily_spend) AS monthly_campaign_spend,
--         SUM(daily_impressions) AS monthly_campaign_impressions,
--         SUM(daily_clicks) AS monthly_campaign_clicks,
--         SUM(daily_conversions) AS monthly_campaign_conversions
--     FROM linkedin_daily_campaign_spend
--     GROUP BY 1, 2
-- ),

-- -- LinkedIn geo data before aggregation (one row per campaign within group)
-- -- Uses WEIGHTED distribution: monthly_geo × (daily_campaign / monthly_campaign)
-- linkedin_geo_raw AS (
--     SELECT
--         d.date,
--         -- Use campaign_group_id to match nexus.campaigns (LinkedIn hierarchy)
--         CONCAT('linkedin_ads_', CAST(g.campaign_group_id AS STRING)) AS campaign_id,
--         u.country_code,
--         -- Weighted distribution formula: monthly_geo × (daily / monthly)
--         ROUND(g.monthly_spend * SAFE_DIVIDE(d.daily_spend, m.monthly_campaign_spend), 4) AS spend,
--         ROUND(g.monthly_impressions * SAFE_DIVIDE(d.daily_impressions, m.monthly_campaign_impressions), 0) AS impressions,
--         ROUND(g.monthly_clicks * SAFE_DIVIDE(d.daily_clicks, m.monthly_campaign_clicks), 0) AS clicks,
--         ROUND(g.monthly_conversions * SAFE_DIVIDE(d.daily_conversions, m.monthly_campaign_conversions), 0) AS conversions
--     FROM linkedin_monthly_geo g
--     JOIN linkedin_monthly_campaign_totals m
--         ON g.campaign_id = m.campaign_id
--         AND g.month = m.month_key
--     JOIN linkedin_daily_campaign_spend d
--         ON g.campaign_id = d.campaign_id
--         AND m.month_key = d.month_key
--     LEFT JOIN `res-analytics`.`cortex`.`linkedin_geo_urn` u
--         ON g.geo_urn = u.geo_urn
--     WHERE u.country_code IS NOT NULL
--       AND g.campaign_group_id IS NOT NULL
-- ),

-- -- Aggregate to campaign_group level (multiple campaigns roll up to one group)
-- linkedin_geo AS (
--     SELECT
--         date,
--         campaign_id,
--         country_code,
--         SUM(spend) AS spend,
--         SUM(impressions) AS impressions,
--         SUM(clicks) AS clicks,
--         SUM(conversions) AS conversions,
--         TRUE AS is_estimated
--     FROM linkedin_geo_raw
--     GROUP BY date, campaign_id, country_code
-- ),

all_geo AS (
    -- SELECT * FROM tiktok_geo
    -- UNION ALL
    -- SELECT * FROM bing_geo
    -- UNION ALL
    -- SELECT * FROM facebook_geo  -- Uncomment when campaign_country_daily exists
    -- UNION ALL
    SELECT * FROM google_geo
    -- UNION ALL
    -- SELECT * FROM linkedin_geo
)

SELECT
    g.date,
    c.organization_id,
    c.product_id,
    c.ad_network_id,
    c.account_id,
    g.campaign_id,
    c.campaign_name,
    g.country_code,
    g.spend,
    g.impressions,
    g.clicks,
    g.conversions,
    g.is_estimated
FROM all_geo g
LEFT JOIN `res-analytics`.`com_allied`.`campaigns` c
    ON g.campaign_id = c.id
WHERE g.country_code IS NOT NULL
    );
  
[0m21:01:02.156578 [debug] [Thread-1 (]: On "model.analytics.adsets": cache miss for schema "res-analytics.com_allied_google_ads", this is inefficient
[0m21:01:02.263034 [debug] [Thread-3 (]: On "model.analytics.ads": cache miss for schema "res-analytics.com_allied_google_ads", this is inefficient
[0m21:01:02.353597 [debug] [Thread-1 (]: On "model.analytics.adsets": cache miss for schema "res-analytics.com_allied_linkedin_ads", this is inefficient
[0m21:01:02.415859 [debug] [Thread-3 (]: On "model.analytics.ads": cache miss for schema "res-analytics.com_allied_linkedin_ads", this is inefficient
[0m21:01:02.530212 [debug] [Thread-1 (]: On "model.analytics.adsets": cache miss for schema "res-analytics.com_allied_tiktok_ads", this is inefficient
[0m21:01:02.555028 [debug] [Thread-2 (]: BigQuery adapter: https://console.cloud.google.com/bigquery?project=res-analytics&j=bq:US:e0eed395-d644-4dc5-b5bc-e464ea40a416&page=queryresults
[0m21:01:02.599859 [debug] [Thread-3 (]: On "model.analytics.ads": cache miss for schema "res-analytics.com_allied_linkedin_ads", this is inefficient
[0m21:01:02.722919 [debug] [Thread-1 (]: On "model.analytics.adsets": cache miss for schema "res-analytics.com_allied_bing_ads", this is inefficient
[0m21:01:02.803502 [debug] [Thread-3 (]: On "model.analytics.ads": cache miss for schema "res-analytics.com_allied_tiktok_ads", this is inefficient
[0m21:01:02.948812 [debug] [Thread-1 (]: On "model.analytics.adsets": cache miss for schema "res-analytics.com_allied_google_ads", this is inefficient
[0m21:01:02.994752 [debug] [Thread-3 (]: On "model.analytics.ads": cache miss for schema "res-analytics.com_allied_bing_ads", this is inefficient
[0m21:01:03.111813 [debug] [Thread-1 (]: Writing injected SQL for node "model.analytics.adsets"
[0m21:01:03.112385 [debug] [Thread-1 (]: Began executing node model.analytics.adsets
[0m21:01:03.182843 [debug] [Thread-3 (]: On "model.analytics.ads": cache miss for schema "res-analytics.com_allied_bing_ads", this is inefficient
[0m21:01:03.288421 [debug] [Thread-1 (]: On model.analytics.adsets: /* {"app": "dbt", "dbt_version": "1.11.2", "profile_name": "default", "target_name": "dev", "node_id": "model.analytics.adsets"} */
select * from (
        


WITH facebook_adset_latest AS (
  
  SELECT
    CAST(NULL AS STRING) as id,
    CAST(NULL AS STRING) as name,
    CAST(NULL AS STRING) as campaign_id,
    CAST(NULL AS INT64) as rn
  FROM (SELECT 1) WHERE FALSE
  
),

facebook_adsets AS (
  SELECT
    id,
    name,
    campaign_id
  FROM facebook_adset_latest
  WHERE rn = 1
),



google_adgroup_latest AS (
  
  SELECT
    CAST(NULL AS STRING) as id,
    CAST(NULL AS STRING) as name,
    CAST(NULL AS STRING) as campaign_id,
    CAST(NULL AS INT64) as rn
  FROM (SELECT 1) WHERE FALSE
  
),

google_adsets AS (
  SELECT
    id,
    name,
    campaign_id
  FROM google_adgroup_latest
  WHERE rn = 1
),


linkedin_campaign_latest AS (
  
  SELECT
    CAST(NULL AS STRING) as id,
    CAST(NULL AS STRING) as name,
    CAST(NULL AS STRING) as campaign_id,
    CAST(NULL AS INT64) as rn
  FROM (SELECT 1) WHERE FALSE
  
),

linkedin_adsets AS (
  SELECT
    id,
    name,
    campaign_id
  FROM linkedin_campaign_latest
  WHERE rn = 1
),


tiktok_adgroup_latest AS (
  
  SELECT
    CAST(NULL AS STRING) as id,
    CAST(NULL AS STRING) as name,
    CAST(NULL AS STRING) as campaign_id,
    CAST(NULL AS INT64) as rn
  FROM (SELECT 1) WHERE FALSE
  
),

tiktok_adsets AS (
  SELECT
    id,
    name,
    campaign_id
  FROM tiktok_adgroup_latest
  WHERE rn = 1
),


bing_adgroup_latest AS (
  
  SELECT
    CAST(NULL AS STRING) as id,
    CAST(NULL AS STRING) as name,
    CAST(NULL AS STRING) as campaign_id,
    CAST(NULL AS INT64) as rn
  FROM (SELECT 1) WHERE FALSE
  
),

bing_adsets AS (
  SELECT
    id,
    name,
    campaign_id
  FROM bing_adgroup_latest
  WHERE rn = 1
),

-- Google Performance Max synthetic adsets (PMax has no adset-level data, only campaign-level)


google_pmax_campaigns AS (
  
  SELECT
    CAST(NULL AS STRING) as id,
    CAST(NULL AS STRING) as name,
    CAST(NULL AS STRING) as account_id
  FROM (SELECT 1) WHERE FALSE
  
),

google_pmax_adsets AS (
  SELECT
    id,
    name,
    id AS campaign_id  -- For PMax, adset = campaign (synthetic)
  FROM google_pmax_campaigns
),

all_adsets AS (
  SELECT
    CONCAT('facebook_ads_', CAST(id AS STRING)) AS id,
    name AS adset_name,
    CONCAT('facebook_ads_', CAST(campaign_id AS STRING)) AS campaign_id,
    'facebook_ads' AS ad_network_id
  FROM facebook_adsets

  UNION ALL

  SELECT
    CONCAT('google_ads_', CAST(id AS STRING)) AS id,
    name AS adset_name,
    CONCAT('google_ads_', CAST(campaign_id AS STRING)) AS campaign_id,
    'google_ads' AS ad_network_id
  FROM google_adsets

  UNION ALL

  SELECT
    CONCAT('linkedin_ads_', CAST(id AS STRING)) AS id,
    name AS adset_name,
    CONCAT('linkedin_ads_', CAST(campaign_id AS STRING)) AS campaign_id,
    'linkedin_ads' AS ad_network_id
  FROM linkedin_adsets

  UNION ALL

  SELECT
    CONCAT('tiktok_ads_', CAST(id AS STRING)) AS id,
    name AS adset_name,
    CONCAT('tiktok_ads_', CAST(campaign_id AS STRING)) AS campaign_id,
    'tiktok_ads' AS ad_network_id
  FROM tiktok_adsets

  UNION ALL

  SELECT
    CONCAT('bingads_', CAST(id AS STRING)) AS id,
    name AS adset_name,
    CONCAT('bingads_', CAST(campaign_id AS STRING)) AS campaign_id,
    'bingads' AS ad_network_id
  FROM bing_adsets

  UNION ALL

  -- Google Performance Max synthetic adsets (campaign-level)
  SELECT
    CONCAT('google_ads_', CAST(id AS STRING), '_pmax') AS id,
    CONCAT(name, ' (PMax)') AS adset_name,
    CONCAT('google_ads_', CAST(campaign_id AS STRING)) AS campaign_id,
    'google_ads' AS ad_network_id
  FROM google_pmax_adsets
)

SELECT
  a.id,
  a.adset_name,
  a.campaign_id,
  a.ad_network_id,
  c.account_id,
  c.organization_id,
  c.product_id
FROM all_adsets a
LEFT JOIN `res-analytics`.`com_allied`.`campaigns` c
  ON a.campaign_id = c.id


    ) as __dbt_sbq
    where false and current_timestamp() = current_timestamp()
    limit 0

[0m21:01:03.316026 [debug] [Thread-3 (]: On "model.analytics.ads": cache miss for schema "res-analytics.com_allied_google_ads", this is inefficient
[0m21:01:03.515170 [debug] [Thread-3 (]: Writing injected SQL for node "model.analytics.ads"
[0m21:01:03.516598 [debug] [Thread-3 (]: Began executing node model.analytics.ads
[0m21:01:03.694857 [debug] [Thread-1 (]: BigQuery adapter: https://console.cloud.google.com/bigquery?project=res-analytics&j=bq:US:3fc7ca18-c0ec-44ee-b1f4-166e41530563&page=queryresults
[0m21:01:03.706963 [debug] [Thread-3 (]: On model.analytics.ads: /* {"app": "dbt", "dbt_version": "1.11.2", "profile_name": "default", "target_name": "dev", "node_id": "model.analytics.ads"} */
select * from (
        



WITH facebook_ad_latest AS (
  
  SELECT
    CAST(NULL AS STRING) as id,
    CAST(NULL AS STRING) as name,
    CAST(NULL AS STRING) as adset_id,
    CAST(NULL AS STRING) as campaign_id,
    CAST(NULL AS STRING) as creative_id,
    CAST(NULL AS INT64) as rn
  FROM (SELECT 1) WHERE FALSE
  
),

facebook_ads AS (
  SELECT
    id,
    name,
    adset_id,
    campaign_id,
    creative_id
  FROM facebook_ad_latest
  WHERE rn = 1
),



google_ad_latest AS (
  
  SELECT
    CAST(NULL AS STRING) as id,
    CAST(NULL AS STRING) as name,
    CAST(NULL AS STRING) as adset_id,
    CAST(NULL AS STRING) as campaign_id,
    CAST(NULL AS INT64) as rn
  FROM (SELECT 1) WHERE FALSE
  
),

google_ads AS (
  SELECT
    id,
    name,
    adset_id,
    campaign_id
  FROM google_ad_latest
  WHERE rn = 1
),




linkedin_creative_latest AS (
  
  SELECT
    CAST(NULL AS STRING) as id,
    CAST(NULL AS STRING) as name,
    CAST(NULL AS STRING) as adset_id,
    CAST(NULL AS STRING) as campaign_id,
    CAST(NULL AS INT64) as rn
  FROM (SELECT 1) WHERE FALSE
  
),

linkedin_ads AS (
  SELECT
    id,
    name,
    adset_id,
    campaign_id
  FROM linkedin_creative_latest
  WHERE rn = 1
),



tiktok_ad_latest AS (
  
  SELECT
    CAST(NULL AS STRING) as id,
    CAST(NULL AS STRING) as name,
    CAST(NULL AS STRING) as adset_id,
    CAST(NULL AS STRING) as campaign_id,
    CAST(NULL AS INT64) as rn
  FROM (SELECT 1) WHERE FALSE
  
),

tiktok_ads AS (
  SELECT
    id,
    name,
    adset_id,
    campaign_id
  FROM tiktok_ad_latest
  WHERE rn = 1
),



bing_ad_latest AS (
  
  SELECT
    CAST(NULL AS STRING) as id,
    CAST(NULL AS STRING) as name,
    CAST(NULL AS STRING) as adset_id,
    CAST(NULL AS STRING) as campaign_id,
    CAST(NULL AS INT64) as rn
  FROM (SELECT 1) WHERE FALSE
  
),

bing_ads AS (
  SELECT
    id,
    name,
    adset_id,
    campaign_id
  FROM bing_ad_latest
  WHERE rn = 1
),

-- Google Performance Max synthetic ads (PMax has no ad-level data, only campaign-level)


google_pmax_campaigns AS (
  
  SELECT
    CAST(NULL AS STRING) as id,
    CAST(NULL AS STRING) as name,
    CAST(NULL AS STRING) as account_id
  FROM (SELECT 1) WHERE FALSE
  
),

google_pmax_ads AS (
  SELECT
    id,
    name,
    id AS adset_id,  -- For PMax, adset = campaign (synthetic)
    id AS campaign_id
  FROM google_pmax_campaigns
),

all_ads AS (
  SELECT
    CONCAT('facebook_ads_', CAST(id AS STRING)) AS id,
    name AS ad_name,
    CONCAT('facebook_ads_', CAST(adset_id AS STRING)) AS adset_id,
    CONCAT('facebook_ads_', CAST(campaign_id AS STRING)) AS campaign_id,
    CONCAT('facebook_ads_', CAST(creative_id AS STRING)) AS creative_id,
    'facebook_ads' AS ad_network_id
  FROM facebook_ads

  UNION ALL

  SELECT
    CONCAT('google_ads_', CAST(id AS STRING)) AS id,
    name AS ad_name,
    CONCAT('google_ads_', CAST(adset_id AS STRING)) AS adset_id,
    CONCAT('google_ads_', CAST(campaign_id AS STRING)) AS campaign_id,
    CAST(NULL AS STRING) AS creative_id,
    'google_ads' AS ad_network_id
  FROM google_ads

  UNION ALL

  SELECT
    CONCAT('linkedin_ads_', CAST(id AS STRING)) AS id,
    name AS ad_name,
    CONCAT('linkedin_ads_', CAST(adset_id AS STRING)) AS adset_id,
    CONCAT('linkedin_ads_', CAST(campaign_id AS STRING)) AS campaign_id,
    CAST(NULL AS STRING) AS creative_id,
    'linkedin_ads' AS ad_network_id
  FROM linkedin_ads

  UNION ALL

  SELECT
    CONCAT('tiktok_ads_', CAST(id AS STRING)) AS id,
    name AS ad_name,
    CONCAT('tiktok_ads_', CAST(adset_id AS STRING)) AS adset_id,
    CONCAT('tiktok_ads_', CAST(campaign_id AS STRING)) AS campaign_id,
    CAST(NULL AS STRING) AS creative_id,
    'tiktok_ads' AS ad_network_id
  FROM tiktok_ads

  UNION ALL

  SELECT
    CONCAT('bingads_', CAST(id AS STRING)) AS id,
    name AS ad_name,
    CONCAT('bingads_', CAST(adset_id AS STRING)) AS adset_id,
    CONCAT('bingads_', CAST(campaign_id AS STRING)) AS campaign_id,
    CAST(NULL AS STRING) AS creative_id,
    'bingads' AS ad_network_id
  FROM bing_ads

  UNION ALL

  -- Google Performance Max synthetic ads (campaign-level)
  SELECT
    CONCAT('google_ads_', CAST(id AS STRING), '_pmax') AS id,
    CONCAT(name, ' (PMax)') AS ad_name,
    CONCAT('google_ads_', CAST(adset_id AS STRING), '_pmax') AS adset_id,
    CONCAT('google_ads_', CAST(campaign_id AS STRING)) AS campaign_id,
    CAST(NULL AS STRING) AS creative_id,
    'google_ads' AS ad_network_id
  FROM google_pmax_ads
)

SELECT
  a.id,
  a.ad_name,
  a.adset_id,
  a.campaign_id,
  a.creative_id,
  a.ad_network_id,
  c.account_id,
  c.organization_id,
  c.product_id
FROM all_ads a
LEFT JOIN `res-analytics`.`com_allied`.`campaigns` c
  ON a.campaign_id = c.id


    ) as __dbt_sbq
    where false and current_timestamp() = current_timestamp()
    limit 0

[0m21:01:03.906562 [debug] [Thread-1 (]: SQL status: OK in 0.211 seconds
[0m21:01:03.910388 [debug] [Thread-1 (]: On model.analytics.adsets: /* {"app": "dbt", "dbt_version": "1.11.2", "profile_name": "default", "target_name": "dev", "node_id": "model.analytics.adsets"} */
select * from (
        select
    
      
    cast(null as STRING)
 as id, 
      
    cast(null as STRING)
 as adset_name, 
      
    cast(null as STRING)
 as campaign_id, 
      
    cast(null as STRING)
 as ad_network_id, 
      
    cast(null as STRING)
 as account_id, 
      
    cast(null as STRING)
 as organization_id, 
      
    cast(null as STRING)
 as product_id
    ) as __dbt_sbq
    where false and current_timestamp() = current_timestamp()
    limit 0

[0m21:01:04.096384 [debug] [Thread-3 (]: BigQuery adapter: https://console.cloud.google.com/bigquery?project=res-analytics&j=bq:US:ce618715-0f39-49e8-8c30-cc0f5d899a43&page=queryresults
[0m21:01:04.286233 [debug] [Thread-1 (]: BigQuery adapter: https://console.cloud.google.com/bigquery?project=res-analytics&j=bq:US:00707402-79fb-4dd0-82d0-57cceb3ddf24&page=queryresults
[0m21:01:04.303801 [debug] [Thread-3 (]: SQL status: OK in 0.199 seconds
[0m21:01:04.305551 [debug] [Thread-3 (]: On model.analytics.ads: /* {"app": "dbt", "dbt_version": "1.11.2", "profile_name": "default", "target_name": "dev", "node_id": "model.analytics.ads"} */
select * from (
        select
    
      
    cast(null as STRING)
 as id, 
      
    cast(null as STRING)
 as ad_name, 
      
    cast(null as STRING)
 as adset_id, 
      
    cast(null as STRING)
 as campaign_id, 
      
    cast(null as STRING)
 as creative_id, 
      
    cast(null as STRING)
 as ad_network_id, 
      
    cast(null as STRING)
 as account_id, 
      
    cast(null as STRING)
 as organization_id, 
      
    cast(null as STRING)
 as product_id
    ) as __dbt_sbq
    where false and current_timestamp() = current_timestamp()
    limit 0

[0m21:01:04.455958 [debug] [Thread-1 (]: SQL status: OK in 0.168 seconds
[0m21:01:04.457786 [debug] [Thread-1 (]: Writing runtime sql for node "model.analytics.adsets"
[0m21:01:04.458570 [debug] [Thread-1 (]: On model.analytics.adsets: /* {"app": "dbt", "dbt_version": "1.11.2", "profile_name": "default", "target_name": "dev", "node_id": "model.analytics.adsets"} */

  
    

    create or replace table `res-analytics`.`com_allied`.`adsets`
        
  (
    id STRING,
    adset_name STRING,
    campaign_id STRING,
    ad_network_id STRING,
    account_id STRING,
    organization_id STRING,
    product_id STRING
    
    )

      
    
    

    
    OPTIONS()
    as (
      
    select id, adset_name, campaign_id, ad_network_id, account_id, organization_id, product_id
    from (
        


WITH facebook_adset_latest AS (
  
  SELECT
    CAST(NULL AS STRING) as id,
    CAST(NULL AS STRING) as name,
    CAST(NULL AS STRING) as campaign_id,
    CAST(NULL AS INT64) as rn
  FROM (SELECT 1) WHERE FALSE
  
),

facebook_adsets AS (
  SELECT
    id,
    name,
    campaign_id
  FROM facebook_adset_latest
  WHERE rn = 1
),



google_adgroup_latest AS (
  
  SELECT
    CAST(NULL AS STRING) as id,
    CAST(NULL AS STRING) as name,
    CAST(NULL AS STRING) as campaign_id,
    CAST(NULL AS INT64) as rn
  FROM (SELECT 1) WHERE FALSE
  
),

google_adsets AS (
  SELECT
    id,
    name,
    campaign_id
  FROM google_adgroup_latest
  WHERE rn = 1
),


linkedin_campaign_latest AS (
  
  SELECT
    CAST(NULL AS STRING) as id,
    CAST(NULL AS STRING) as name,
    CAST(NULL AS STRING) as campaign_id,
    CAST(NULL AS INT64) as rn
  FROM (SELECT 1) WHERE FALSE
  
),

linkedin_adsets AS (
  SELECT
    id,
    name,
    campaign_id
  FROM linkedin_campaign_latest
  WHERE rn = 1
),


tiktok_adgroup_latest AS (
  
  SELECT
    CAST(NULL AS STRING) as id,
    CAST(NULL AS STRING) as name,
    CAST(NULL AS STRING) as campaign_id,
    CAST(NULL AS INT64) as rn
  FROM (SELECT 1) WHERE FALSE
  
),

tiktok_adsets AS (
  SELECT
    id,
    name,
    campaign_id
  FROM tiktok_adgroup_latest
  WHERE rn = 1
),


bing_adgroup_latest AS (
  
  SELECT
    CAST(NULL AS STRING) as id,
    CAST(NULL AS STRING) as name,
    CAST(NULL AS STRING) as campaign_id,
    CAST(NULL AS INT64) as rn
  FROM (SELECT 1) WHERE FALSE
  
),

bing_adsets AS (
  SELECT
    id,
    name,
    campaign_id
  FROM bing_adgroup_latest
  WHERE rn = 1
),

-- Google Performance Max synthetic adsets (PMax has no adset-level data, only campaign-level)


google_pmax_campaigns AS (
  
  SELECT
    CAST(NULL AS STRING) as id,
    CAST(NULL AS STRING) as name,
    CAST(NULL AS STRING) as account_id
  FROM (SELECT 1) WHERE FALSE
  
),

google_pmax_adsets AS (
  SELECT
    id,
    name,
    id AS campaign_id  -- For PMax, adset = campaign (synthetic)
  FROM google_pmax_campaigns
),

all_adsets AS (
  SELECT
    CONCAT('facebook_ads_', CAST(id AS STRING)) AS id,
    name AS adset_name,
    CONCAT('facebook_ads_', CAST(campaign_id AS STRING)) AS campaign_id,
    'facebook_ads' AS ad_network_id
  FROM facebook_adsets

  UNION ALL

  SELECT
    CONCAT('google_ads_', CAST(id AS STRING)) AS id,
    name AS adset_name,
    CONCAT('google_ads_', CAST(campaign_id AS STRING)) AS campaign_id,
    'google_ads' AS ad_network_id
  FROM google_adsets

  UNION ALL

  SELECT
    CONCAT('linkedin_ads_', CAST(id AS STRING)) AS id,
    name AS adset_name,
    CONCAT('linkedin_ads_', CAST(campaign_id AS STRING)) AS campaign_id,
    'linkedin_ads' AS ad_network_id
  FROM linkedin_adsets

  UNION ALL

  SELECT
    CONCAT('tiktok_ads_', CAST(id AS STRING)) AS id,
    name AS adset_name,
    CONCAT('tiktok_ads_', CAST(campaign_id AS STRING)) AS campaign_id,
    'tiktok_ads' AS ad_network_id
  FROM tiktok_adsets

  UNION ALL

  SELECT
    CONCAT('bingads_', CAST(id AS STRING)) AS id,
    name AS adset_name,
    CONCAT('bingads_', CAST(campaign_id AS STRING)) AS campaign_id,
    'bingads' AS ad_network_id
  FROM bing_adsets

  UNION ALL

  -- Google Performance Max synthetic adsets (campaign-level)
  SELECT
    CONCAT('google_ads_', CAST(id AS STRING), '_pmax') AS id,
    CONCAT(name, ' (PMax)') AS adset_name,
    CONCAT('google_ads_', CAST(campaign_id AS STRING)) AS campaign_id,
    'google_ads' AS ad_network_id
  FROM google_pmax_adsets
)

SELECT
  a.id,
  a.adset_name,
  a.campaign_id,
  a.ad_network_id,
  c.account_id,
  c.organization_id,
  c.product_id
FROM all_adsets a
LEFT JOIN `res-analytics`.`com_allied`.`campaigns` c
  ON a.campaign_id = c.id


    ) as model_subq
    );
  
[0m21:01:04.654869 [debug] [Thread-2 (]: SQL status: OK in 2.099 seconds
[0m21:01:04.674855 [debug] [Thread-3 (]: BigQuery adapter: https://console.cloud.google.com/bigquery?project=res-analytics&j=bq:US:2623fa9b-2e19-41f2-9329-43f4d98cd3a3&page=queryresults
[0m21:01:04.817215 [debug] [Thread-1 (]: BigQuery adapter: https://console.cloud.google.com/bigquery?project=res-analytics&j=bq:US:b0ce8635-ba40-401d-a6cd-eba3a2c5b111&page=queryresults
[0m21:01:04.844953 [debug] [Thread-2 (]: Sending event: {'category': 'dbt', 'action': 'run_model', 'label': 'd0adf958-07ed-4a8b-ad10-870c2f938db4', 'context': [<snowplow_tracker.self_describing_json.SelfDescribingJson object at 0x11a1f3d10>]}
[0m21:01:04.845994 [info ] [Thread-2 (]: 7 of 12 OK created sql table model cortex.geo_campaign_daily ................... [[32mCREATE TABLE (34.5k rows, 1.8 MiB processed)[0m in 3.14s]
[0m21:01:04.846767 [debug] [Thread-2 (]: Finished running node model.analytics.geo_campaign_daily
[0m21:01:04.855664 [debug] [Thread-3 (]: SQL status: OK in 0.180 seconds
[0m21:01:04.858827 [debug] [Thread-3 (]: Writing runtime sql for node "model.analytics.ads"
[0m21:01:04.859630 [debug] [Thread-3 (]: On model.analytics.ads: /* {"app": "dbt", "dbt_version": "1.11.2", "profile_name": "default", "target_name": "dev", "node_id": "model.analytics.ads"} */

  
    

    create or replace table `res-analytics`.`com_allied`.`ads`
        
  (
    id STRING,
    ad_name STRING,
    adset_id STRING,
    campaign_id STRING,
    creative_id STRING,
    ad_network_id STRING,
    account_id STRING,
    organization_id STRING,
    product_id STRING
    
    )

      
    
    

    
    OPTIONS()
    as (
      
    select id, ad_name, adset_id, campaign_id, creative_id, ad_network_id, account_id, organization_id, product_id
    from (
        



WITH facebook_ad_latest AS (
  
  SELECT
    CAST(NULL AS STRING) as id,
    CAST(NULL AS STRING) as name,
    CAST(NULL AS STRING) as adset_id,
    CAST(NULL AS STRING) as campaign_id,
    CAST(NULL AS STRING) as creative_id,
    CAST(NULL AS INT64) as rn
  FROM (SELECT 1) WHERE FALSE
  
),

facebook_ads AS (
  SELECT
    id,
    name,
    adset_id,
    campaign_id,
    creative_id
  FROM facebook_ad_latest
  WHERE rn = 1
),



google_ad_latest AS (
  
  SELECT
    CAST(NULL AS STRING) as id,
    CAST(NULL AS STRING) as name,
    CAST(NULL AS STRING) as adset_id,
    CAST(NULL AS STRING) as campaign_id,
    CAST(NULL AS INT64) as rn
  FROM (SELECT 1) WHERE FALSE
  
),

google_ads AS (
  SELECT
    id,
    name,
    adset_id,
    campaign_id
  FROM google_ad_latest
  WHERE rn = 1
),




linkedin_creative_latest AS (
  
  SELECT
    CAST(NULL AS STRING) as id,
    CAST(NULL AS STRING) as name,
    CAST(NULL AS STRING) as adset_id,
    CAST(NULL AS STRING) as campaign_id,
    CAST(NULL AS INT64) as rn
  FROM (SELECT 1) WHERE FALSE
  
),

linkedin_ads AS (
  SELECT
    id,
    name,
    adset_id,
    campaign_id
  FROM linkedin_creative_latest
  WHERE rn = 1
),



tiktok_ad_latest AS (
  
  SELECT
    CAST(NULL AS STRING) as id,
    CAST(NULL AS STRING) as name,
    CAST(NULL AS STRING) as adset_id,
    CAST(NULL AS STRING) as campaign_id,
    CAST(NULL AS INT64) as rn
  FROM (SELECT 1) WHERE FALSE
  
),

tiktok_ads AS (
  SELECT
    id,
    name,
    adset_id,
    campaign_id
  FROM tiktok_ad_latest
  WHERE rn = 1
),



bing_ad_latest AS (
  
  SELECT
    CAST(NULL AS STRING) as id,
    CAST(NULL AS STRING) as name,
    CAST(NULL AS STRING) as adset_id,
    CAST(NULL AS STRING) as campaign_id,
    CAST(NULL AS INT64) as rn
  FROM (SELECT 1) WHERE FALSE
  
),

bing_ads AS (
  SELECT
    id,
    name,
    adset_id,
    campaign_id
  FROM bing_ad_latest
  WHERE rn = 1
),

-- Google Performance Max synthetic ads (PMax has no ad-level data, only campaign-level)


google_pmax_campaigns AS (
  
  SELECT
    CAST(NULL AS STRING) as id,
    CAST(NULL AS STRING) as name,
    CAST(NULL AS STRING) as account_id
  FROM (SELECT 1) WHERE FALSE
  
),

google_pmax_ads AS (
  SELECT
    id,
    name,
    id AS adset_id,  -- For PMax, adset = campaign (synthetic)
    id AS campaign_id
  FROM google_pmax_campaigns
),

all_ads AS (
  SELECT
    CONCAT('facebook_ads_', CAST(id AS STRING)) AS id,
    name AS ad_name,
    CONCAT('facebook_ads_', CAST(adset_id AS STRING)) AS adset_id,
    CONCAT('facebook_ads_', CAST(campaign_id AS STRING)) AS campaign_id,
    CONCAT('facebook_ads_', CAST(creative_id AS STRING)) AS creative_id,
    'facebook_ads' AS ad_network_id
  FROM facebook_ads

  UNION ALL

  SELECT
    CONCAT('google_ads_', CAST(id AS STRING)) AS id,
    name AS ad_name,
    CONCAT('google_ads_', CAST(adset_id AS STRING)) AS adset_id,
    CONCAT('google_ads_', CAST(campaign_id AS STRING)) AS campaign_id,
    CAST(NULL AS STRING) AS creative_id,
    'google_ads' AS ad_network_id
  FROM google_ads

  UNION ALL

  SELECT
    CONCAT('linkedin_ads_', CAST(id AS STRING)) AS id,
    name AS ad_name,
    CONCAT('linkedin_ads_', CAST(adset_id AS STRING)) AS adset_id,
    CONCAT('linkedin_ads_', CAST(campaign_id AS STRING)) AS campaign_id,
    CAST(NULL AS STRING) AS creative_id,
    'linkedin_ads' AS ad_network_id
  FROM linkedin_ads

  UNION ALL

  SELECT
    CONCAT('tiktok_ads_', CAST(id AS STRING)) AS id,
    name AS ad_name,
    CONCAT('tiktok_ads_', CAST(adset_id AS STRING)) AS adset_id,
    CONCAT('tiktok_ads_', CAST(campaign_id AS STRING)) AS campaign_id,
    CAST(NULL AS STRING) AS creative_id,
    'tiktok_ads' AS ad_network_id
  FROM tiktok_ads

  UNION ALL

  SELECT
    CONCAT('bingads_', CAST(id AS STRING)) AS id,
    name AS ad_name,
    CONCAT('bingads_', CAST(adset_id AS STRING)) AS adset_id,
    CONCAT('bingads_', CAST(campaign_id AS STRING)) AS campaign_id,
    CAST(NULL AS STRING) AS creative_id,
    'bingads' AS ad_network_id
  FROM bing_ads

  UNION ALL

  -- Google Performance Max synthetic ads (campaign-level)
  SELECT
    CONCAT('google_ads_', CAST(id AS STRING), '_pmax') AS id,
    CONCAT(name, ' (PMax)') AS ad_name,
    CONCAT('google_ads_', CAST(adset_id AS STRING), '_pmax') AS adset_id,
    CONCAT('google_ads_', CAST(campaign_id AS STRING)) AS campaign_id,
    CAST(NULL AS STRING) AS creative_id,
    'google_ads' AS ad_network_id
  FROM google_pmax_ads
)

SELECT
  a.id,
  a.ad_name,
  a.adset_id,
  a.campaign_id,
  a.creative_id,
  a.ad_network_id,
  c.account_id,
  c.organization_id,
  c.product_id
FROM all_ads a
LEFT JOIN `res-analytics`.`com_allied`.`campaigns` c
  ON a.campaign_id = c.id


    ) as model_subq
    );
  
[0m21:01:05.286298 [debug] [Thread-3 (]: BigQuery adapter: https://console.cloud.google.com/bigquery?project=res-analytics&j=bq:US:d9603919-85ce-43d8-b85a-3ce92593ba09&page=queryresults
[0m21:01:06.556496 [debug] [Thread-1 (]: SQL status: OK in 1.739 seconds
[0m21:01:06.691024 [debug] [Thread-1 (]: Sending event: {'category': 'dbt', 'action': 'run_model', 'label': 'd0adf958-07ed-4a8b-ad10-870c2f938db4', 'context': [<snowplow_tracker.self_describing_json.SelfDescribingJson object at 0x1198a4ed0>]}
[0m21:01:06.691443 [info ] [Thread-1 (]: 6 of 12 OK created sql incremental model com_allied.adsets ..................... [[32mCREATE TABLE (0.0 rows, 0 processed)[0m in 4.99s]
[0m21:01:06.692056 [debug] [Thread-1 (]: Finished running node model.analytics.adsets
[0m21:01:06.692454 [debug] [Thread-4 (]: Began running node model.analytics.keywords
[0m21:01:06.692765 [info ] [Thread-4 (]: 8 of 12 START sql incremental model cortex.keywords ............................ [RUN]
[0m21:01:06.693176 [debug] [Thread-4 (]: Re-using an available connection from the pool (formerly model.analytics.campaigns, now model.analytics.keywords)
[0m21:01:06.693412 [debug] [Thread-4 (]: Began compiling node model.analytics.keywords
[0m21:01:06.696541 [debug] [Thread-4 (]: Writing injected SQL for node "model.analytics.keywords"
[0m21:01:06.697369 [debug] [Thread-4 (]: Began executing node model.analytics.keywords
[0m21:01:06.699062 [debug] [Thread-4 (]: Opening a new connection, currently in state closed
[0m21:01:06.953692 [debug] [Thread-4 (]: Writing runtime sql for node "model.analytics.keywords"
[0m21:01:06.954856 [debug] [Thread-4 (]: On model.analytics.keywords: /* {"app": "dbt", "dbt_version": "1.11.2", "profile_name": "default", "target_name": "dev", "node_id": "model.analytics.keywords"} */

  
    

    create or replace table `res-analytics`.`cortex`.`keywords`
      
    
    

    
    OPTIONS()
    as (
      

-- Keywords dimension table (Google Ads only for now)
-- Keywords are stored in ad_group_criterion_history with type = 'KEYWORD'

WITH google_keyword_latest AS (
  SELECT
    id AS criterion_id,
    ad_group_id,
    keyword_text,
    keyword_match_type,
    ROW_NUMBER() OVER (PARTITION BY id ORDER BY updated_at DESC) AS rn
  FROM `res-analytics`.`google_ads_v2`.`ad_group_criterion_history`
  WHERE type = 'KEYWORD'
),

google_keywords AS (
  SELECT
    criterion_id,
    ad_group_id,
    keyword_text,
    keyword_match_type
  FROM google_keyword_latest
  WHERE rn = 1
),

all_keywords AS (
  SELECT
    CONCAT('google_ads_', CAST(criterion_id AS STRING)) AS id,
    keyword_text AS keyword_name,
    keyword_match_type AS match_type,
    CONCAT('google_ads_', CAST(ad_group_id AS STRING)) AS adset_id,
    'google_ads' AS ad_network_id
  FROM google_keywords
)

SELECT
  k.id,
  k.keyword_name,
  k.match_type,
  k.adset_id,
  adset.adset_name,
  adset.campaign_id,
  c.campaign_name,
  k.ad_network_id,
  c.account_id,
  c.organization_id,
  c.product_id
FROM all_keywords k
LEFT JOIN `res-analytics`.`com_allied`.`adsets` adset
  ON k.adset_id = adset.id
LEFT JOIN `res-analytics`.`com_allied`.`campaigns` c
  ON adset.campaign_id = c.id


    );
  
[0m21:01:07.397186 [debug] [Thread-4 (]: BigQuery adapter: https://console.cloud.google.com/bigquery?project=res-analytics&j=bq:US:614ee734-0b36-4f62-9ef2-43b559ed0b66&page=queryresults
[0m21:01:10.406099 [debug] [Thread-4 (]: SQL status: OK in 3.008 seconds
[0m21:01:10.555356 [debug] [Thread-4 (]: Sending event: {'category': 'dbt', 'action': 'run_model', 'label': 'd0adf958-07ed-4a8b-ad10-870c2f938db4', 'context': [<snowplow_tracker.self_describing_json.SelfDescribingJson object at 0x119c12d50>]}
[0m21:01:10.556395 [info ] [Thread-4 (]: 8 of 12 OK created sql incremental model cortex.keywords ....................... [[32mCREATE TABLE (14.1k rows, 7.4 MiB processed)[0m in 3.86s]
[0m21:01:10.557182 [debug] [Thread-4 (]: Finished running node model.analytics.keywords
[0m21:01:10.557782 [debug] [Thread-1 (]: Began running node model.analytics.kpi_keyword_daily
[0m21:01:10.558142 [info ] [Thread-1 (]: 9 of 12 START sql incremental model cortex.kpi_keyword_daily ................... [RUN]
[0m21:01:10.558404 [debug] [Thread-1 (]: Re-using an available connection from the pool (formerly model.analytics.adsets, now model.analytics.kpi_keyword_daily)
[0m21:01:10.558574 [debug] [Thread-1 (]: Began compiling node model.analytics.kpi_keyword_daily
[0m21:01:10.562610 [debug] [Thread-1 (]: Writing injected SQL for node "model.analytics.kpi_keyword_daily"
[0m21:01:10.563145 [debug] [Thread-1 (]: Began executing node model.analytics.kpi_keyword_daily
[0m21:01:10.568680 [debug] [Thread-1 (]: Opening a new connection, currently in state closed
[0m21:01:10.808510 [debug] [Thread-3 (]: SQL status: OK in 5.521 seconds
[0m21:01:10.828753 [debug] [Thread-1 (]: Writing runtime sql for node "model.analytics.kpi_keyword_daily"
[0m21:01:10.829845 [debug] [Thread-1 (]: On model.analytics.kpi_keyword_daily: /* {"app": "dbt", "dbt_version": "1.11.2", "profile_name": "default", "target_name": "dev", "node_id": "model.analytics.kpi_keyword_daily"} */

  
    

    create or replace table `res-analytics`.`cortex`.`kpi_keyword_daily`
      
    partition by date
    

    
    OPTIONS()
    as (
      

-- KPI Keyword Daily: Daily keyword-level performance metrics with KPI mapping
-- Currently Google Ads only (keywords are specific to search campaigns)

WITH
inputs AS (
  SELECT at_date
  FROM UNNEST(
    GENERATE_DATE_ARRAY(
      DATE('2026-01-25'),
      DATE('2026-02-01'),
      INTERVAL 1 DAY
    )
  ) AS at_date
),

--------------------------------------------------------------------
-- Google Keyword Performance
--------------------------------------------------------------------
google_keyword_dates AS (
  SELECT
    inputs.at_date,
    ad_group_criterion_criterion_id AS keyword_id,
    MIN(date) AS earliest_date,
    LEAST(MAX(date), inputs.at_date) AS latest_date
  FROM `res-analytics`.`google_ads_v2`.`keyword_stats`
  CROSS JOIN inputs
  GROUP BY ad_group_criterion_criterion_id, inputs.at_date
),

google_keyword_conversions AS (
  SELECT
    date,
    CONCAT('google_ads_', CAST(ad_group_criterion_criterion_id AS STRING)) AS keyword_id,
    conversion_action_name AS conversion_name,
    SUM(all_conversions) AS conversion_count,
    SUM(all_conversions_value) AS conversion_value
  FROM `res-analytics`.`google_ads_v2`.`keyword_conversions`
  WHERE conversion_action_name IS NOT NULL
  GROUP BY date, ad_group_criterion_criterion_id, conversion_action_name
),

google_keyword_base AS (
  SELECT
    ks.date,
    gd.earliest_date,
    gd.latest_date,
    CONCAT('google_ads_', CAST(ks.ad_group_criterion_criterion_id AS STRING)) AS keyword_id,
    CONCAT('google_ads_', CAST(ks.ad_group_id AS STRING)) AS adset_id,
    CONCAT('google_ads_', CAST(ks.campaign_id AS STRING)) AS campaign_id,
    CONCAT('google_ads_', CAST(ks.customer_id AS STRING)) AS account_id,
    SUM(COALESCE(ks.cost_micros, 0)) / 1000000.0 AS spend,
    SUM(COALESCE(ks.impressions, 0)) AS impressions,
    SUM(COALESCE(ks.clicks, 0)) AS clicks
  FROM `res-analytics`.`google_ads_v2`.`keyword_stats` ks
  CROSS JOIN inputs
  INNER JOIN google_keyword_dates gd
    ON ks.ad_group_criterion_criterion_id = gd.keyword_id
    AND gd.at_date = inputs.at_date
  WHERE ks.date = inputs.at_date
  GROUP BY ks.date, gd.earliest_date, gd.latest_date, ks.ad_group_criterion_criterion_id, ks.ad_group_id, ks.campaign_id, ks.customer_id
),

google_keyword_performance AS (
  SELECT
    gb.date,
    gb.earliest_date,
    gb.latest_date,
    gb.keyword_id,
    gb.adset_id,
    gb.campaign_id,
    gb.account_id,
    MAX(gb.spend) AS spend,
    MAX(gb.impressions) AS impressions,
    MAX(gb.clicks) AS clicks,

    MAX(a.kpi_1) AS kpi_1_name,
    SUM(CASE WHEN gc.conversion_name = a.kpi_1 THEN gc.conversion_count ELSE 0 END) AS kpi_1_count,
    SUM(CASE WHEN gc.conversion_name = a.kpi_1 THEN gc.conversion_value ELSE 0 END) AS kpi_1_value,
    MAX(a.kpi_2) AS kpi_2_name,
    SUM(CASE WHEN gc.conversion_name = a.kpi_2 THEN gc.conversion_count ELSE 0 END) AS kpi_2_count,
    SUM(CASE WHEN gc.conversion_name = a.kpi_2 THEN gc.conversion_value ELSE 0 END) AS kpi_2_value,
    MAX(a.kpi_3) AS kpi_3_name,
    SUM(CASE WHEN gc.conversion_name = a.kpi_3 THEN gc.conversion_count ELSE 0 END) AS kpi_3_count,
    SUM(CASE WHEN gc.conversion_name = a.kpi_3 THEN gc.conversion_value ELSE 0 END) AS kpi_3_value,
    MAX(a.kpi_4) AS kpi_4_name,
    SUM(CASE WHEN gc.conversion_name = a.kpi_4 THEN gc.conversion_count ELSE 0 END) AS kpi_4_count,
    SUM(CASE WHEN gc.conversion_name = a.kpi_4 THEN gc.conversion_value ELSE 0 END) AS kpi_4_value,
    MAX(a.kpi_5) AS kpi_5_name,
    SUM(CASE WHEN gc.conversion_name = a.kpi_5 THEN gc.conversion_count ELSE 0 END) AS kpi_5_count,
    SUM(CASE WHEN gc.conversion_name = a.kpi_5 THEN gc.conversion_value ELSE 0 END) AS kpi_5_value,
    MAX(a.kpi_6) AS kpi_6_name,
    SUM(CASE WHEN gc.conversion_name = a.kpi_6 THEN gc.conversion_count ELSE 0 END) AS kpi_6_count,
    SUM(CASE WHEN gc.conversion_name = a.kpi_6 THEN gc.conversion_value ELSE 0 END) AS kpi_6_value,
    MAX(a.kpi_7) AS kpi_7_name,
    SUM(CASE WHEN gc.conversion_name = a.kpi_7 THEN gc.conversion_count ELSE 0 END) AS kpi_7_count,
    SUM(CASE WHEN gc.conversion_name = a.kpi_7 THEN gc.conversion_value ELSE 0 END) AS kpi_7_value,
    MAX(a.kpi_8) AS kpi_8_name,
    SUM(CASE WHEN gc.conversion_name = a.kpi_8 THEN gc.conversion_count ELSE 0 END) AS kpi_8_count,
    SUM(CASE WHEN gc.conversion_name = a.kpi_8 THEN gc.conversion_value ELSE 0 END) AS kpi_8_value,
    MAX(a.kpi_9) AS kpi_9_name,
    SUM(CASE WHEN gc.conversion_name = a.kpi_9 THEN gc.conversion_count ELSE 0 END) AS kpi_9_count,
    SUM(CASE WHEN gc.conversion_name = a.kpi_9 THEN gc.conversion_value ELSE 0 END) AS kpi_9_value,
    MAX(a.kpi_10) AS kpi_10_name,
    SUM(CASE WHEN gc.conversion_name = a.kpi_10 THEN gc.conversion_count ELSE 0 END) AS kpi_10_count,
    SUM(CASE WHEN gc.conversion_name = a.kpi_10 THEN gc.conversion_value ELSE 0 END) AS kpi_10_value

  FROM google_keyword_base gb
  LEFT JOIN google_keyword_conversions gc
    ON gb.date = gc.date
    AND gb.keyword_id = gc.keyword_id
  LEFT JOIN `res-analytics`.`com_allied`.`accounts` a
    ON gb.account_id = a.id
  GROUP BY gb.date, gb.earliest_date, gb.latest_date, gb.keyword_id, gb.adset_id, gb.campaign_id, gb.account_id
),

--------------------------------------------------------------------
-- All Keyword Performance
--------------------------------------------------------------------
all_performance AS (
  SELECT * FROM google_keyword_performance
),

--------------------------------------------------------------------
-- Join with dimension tables
--------------------------------------------------------------------
joined_data AS (
  SELECT
    p.date,
    p.earliest_date,
    p.latest_date,
    DATE_DIFF(p.date, p.earliest_date, DAY) AS age_days,

    p.keyword_id,
    kw.keyword_name,
    kw.match_type,
    p.adset_id,
    adset.adset_name,
    p.campaign_id,
    c.campaign_name,
    p.account_id,
    c.ad_network_id,
    c.organization_id,
    c.product_id,

    p.spend,
    p.impressions,
    p.clicks,

    p.kpi_1_name,
    p.kpi_1_count,
    p.kpi_1_value,

    p.kpi_2_name,
    p.kpi_2_count,
    p.kpi_2_value,

    p.kpi_3_name,
    p.kpi_3_count,
    p.kpi_3_value,

    p.kpi_4_name,
    p.kpi_4_count,
    p.kpi_4_value,

    p.kpi_5_name,
    p.kpi_5_count,
    p.kpi_5_value,

    p.kpi_6_name,
    p.kpi_6_count,
    p.kpi_6_value,

    p.kpi_7_name,
    p.kpi_7_count,
    p.kpi_7_value,

    p.kpi_8_name,
    p.kpi_8_count,
    p.kpi_8_value,

    p.kpi_9_name,
    p.kpi_9_count,
    p.kpi_9_value,

    p.kpi_10_name,
    p.kpi_10_count,
    p.kpi_10_value

  FROM all_performance p
  LEFT JOIN `res-analytics`.`cortex`.`keywords` kw
    ON p.keyword_id = kw.id
  LEFT JOIN `res-analytics`.`com_allied`.`adsets` adset
    ON p.adset_id = adset.id
  LEFT JOIN `res-analytics`.`com_allied`.`campaigns` c
    ON p.campaign_id = c.id
),

final AS (
  SELECT
    date,
    earliest_date,
    latest_date,
    organization_id,
    product_id,
    ad_network_id,
    account_id,
    campaign_id,
    campaign_name,
    adset_id,
    adset_name,
    keyword_id,
    keyword_name,
    match_type,
    spend,
    impressions,
    clicks,

    kpi_1_name,
    kpi_1_count,
    kpi_1_value,

    kpi_2_name,
    kpi_2_count,
    kpi_2_value,

    kpi_3_name,
    kpi_3_count,
    kpi_3_value,

    kpi_4_name,
    kpi_4_count,
    kpi_4_value,

    kpi_5_name,
    kpi_5_count,
    kpi_5_value,

    kpi_6_name,
    kpi_6_count,
    kpi_6_value,

    kpi_7_name,
    kpi_7_count,
    kpi_7_value,

    kpi_8_name,
    kpi_8_count,
    kpi_8_value,

    kpi_9_name,
    kpi_9_count,
    kpi_9_value,

    kpi_10_name,
    kpi_10_count,
    kpi_10_value

  FROM joined_data

  GROUP BY
    date,
    earliest_date,
    latest_date,
    organization_id,
    product_id,
    ad_network_id,
    account_id,
    campaign_id,
    campaign_name,
    adset_id,
    adset_name,
    keyword_id,
    keyword_name,
    match_type,
    spend,
    impressions,
    clicks,
    kpi_1_name,
    kpi_1_count,
    kpi_1_value,
    kpi_2_name,
    kpi_2_count,
    kpi_2_value,
    kpi_3_name,
    kpi_3_count,
    kpi_3_value,
    kpi_4_name,
    kpi_4_count,
    kpi_4_value,
    kpi_5_name,
    kpi_5_count,
    kpi_5_value,
    kpi_6_name,
    kpi_6_count,
    kpi_6_value,
    kpi_7_name,
    kpi_7_count,
    kpi_7_value,
    kpi_8_name,
    kpi_8_count,
    kpi_8_value,
    kpi_9_name,
    kpi_9_count,
    kpi_9_value,
    kpi_10_name,
    kpi_10_count,
    kpi_10_value
)

SELECT *
FROM final
    );
  
[0m21:01:10.988661 [debug] [Thread-3 (]: Sending event: {'category': 'dbt', 'action': 'run_model', 'label': 'd0adf958-07ed-4a8b-ad10-870c2f938db4', 'context': [<snowplow_tracker.self_describing_json.SelfDescribingJson object at 0x1198a60d0>]}
[0m21:01:10.990161 [info ] [Thread-3 (]: 5 of 12 OK created sql incremental model com_allied.ads ........................ [[32mCREATE TABLE (0.0 rows, 0 processed)[0m in 9.29s]
[0m21:01:10.990567 [debug] [Thread-3 (]: Finished running node model.analytics.ads
[0m21:01:10.990880 [debug] [Thread-4 (]: Began running node model.analytics.kpi_creative_daily
[0m21:01:10.991182 [info ] [Thread-4 (]: 10 of 12 START sql incremental model com_allied.kpi_creative_daily ............. [RUN]
[0m21:01:10.991400 [debug] [Thread-4 (]: Re-using an available connection from the pool (formerly model.analytics.keywords, now model.analytics.kpi_creative_daily)
[0m21:01:10.991587 [debug] [Thread-4 (]: Began compiling node model.analytics.kpi_creative_daily
[0m21:01:11.011605 [debug] [Thread-4 (]: On "model.analytics.kpi_creative_daily": cache miss for schema "res-analytics.com_allied_facebook_ads", this is inefficient
[0m21:01:11.011923 [debug] [Thread-4 (]: Opening a new connection, currently in state closed
[0m21:01:11.253348 [debug] [Thread-4 (]: On "model.analytics.kpi_creative_daily": cache miss for schema "res-analytics.com_allied_facebook_ads", this is inefficient
[0m21:01:11.266266 [debug] [Thread-1 (]: BigQuery adapter: https://console.cloud.google.com/bigquery?project=res-analytics&j=bq:US:854b0249-c1c2-4ce4-9d50-9b70bc1d7585&page=queryresults
[0m21:01:11.442006 [debug] [Thread-4 (]: On "model.analytics.kpi_creative_daily": cache miss for schema "res-analytics.com_allied_facebook_ads", this is inefficient
[0m21:01:11.762535 [debug] [Thread-4 (]: On "model.analytics.kpi_creative_daily": cache miss for schema "res-analytics.com_allied_facebook_ads", this is inefficient
[0m21:01:11.946756 [debug] [Thread-4 (]: On "model.analytics.kpi_creative_daily": cache miss for schema "res-analytics.com_allied_google_ads", this is inefficient
[0m21:01:12.196044 [debug] [Thread-4 (]: On "model.analytics.kpi_creative_daily": cache miss for schema "res-analytics.com_allied_google_ads", this is inefficient
[0m21:01:12.442099 [debug] [Thread-4 (]: On "model.analytics.kpi_creative_daily": cache miss for schema "res-analytics.com_allied_linkedin_ads", this is inefficient
[0m21:01:12.645654 [debug] [Thread-4 (]: On "model.analytics.kpi_creative_daily": cache miss for schema "res-analytics.com_allied_linkedin_ads", this is inefficient
[0m21:01:12.841412 [debug] [Thread-4 (]: On "model.analytics.kpi_creative_daily": cache miss for schema "res-analytics.com_allied_linkedin_ads", this is inefficient
[0m21:01:13.071616 [debug] [Thread-4 (]: On "model.analytics.kpi_creative_daily": cache miss for schema "res-analytics.com_allied_linkedin_ads", this is inefficient
[0m21:01:13.256414 [debug] [Thread-4 (]: On "model.analytics.kpi_creative_daily": cache miss for schema "res-analytics.com_allied_linkedin_ads", this is inefficient
[0m21:01:13.459922 [debug] [Thread-4 (]: On "model.analytics.kpi_creative_daily": cache miss for schema "res-analytics.com_allied_tiktok_ads", this is inefficient
[0m21:01:13.653612 [debug] [Thread-4 (]: On "model.analytics.kpi_creative_daily": cache miss for schema "res-analytics.com_allied_tiktok_ads", this is inefficient
[0m21:01:13.816067 [debug] [Thread-4 (]: On "model.analytics.kpi_creative_daily": cache miss for schema "res-analytics.com_allied_bing_ads", this is inefficient
[0m21:01:14.030071 [debug] [Thread-4 (]: On "model.analytics.kpi_creative_daily": cache miss for schema "res-analytics.com_allied_bing_ads", this is inefficient
[0m21:01:14.218741 [debug] [Thread-4 (]: Writing injected SQL for node "model.analytics.kpi_creative_daily"
[0m21:01:14.222028 [debug] [Thread-4 (]: Began executing node model.analytics.kpi_creative_daily
[0m21:01:14.468308 [debug] [Thread-4 (]: Writing runtime sql for node "model.analytics.kpi_creative_daily"
[0m21:01:14.470224 [debug] [Thread-4 (]: On model.analytics.kpi_creative_daily: /* {"app": "dbt", "dbt_version": "1.11.2", "profile_name": "default", "target_name": "dev", "node_id": "model.analytics.kpi_creative_daily"} */

  
    

    create or replace table `res-analytics`.`com_allied`.`kpi_creative_daily`
      
    partition by date
    

    
    OPTIONS()
    as (
      

WITH
inputs AS (
  SELECT at_date
  FROM UNNEST(
    GENERATE_DATE_ARRAY(
      -- Default to 7 days lookback to catch retroactive API corrections from ad networks
      -- DATE('2026-01-25'),
      DATE('2022-01-01'),
      DATE('2026-02-01'),
      INTERVAL 1 DAY
    )
  ) AS at_date
),

--------------------------------------------------------------------
-- Facebook Performance
--------------------------------------------------------------------


facebook_dates AS (
  
  SELECT
    CAST(NULL AS DATE) as at_date,
    CAST(NULL AS STRING) as ad_id,
    CAST(NULL AS DATE) as earliest_date,
    CAST(NULL AS DATE) as latest_date
  FROM (SELECT 1) WHERE FALSE
  
),


facebook_conversion_names AS (
  
  SELECT
    CAST(NULL AS DATE) as date,
    CAST(NULL AS STRING) as ad_id,
    CAST(NULL AS STRING) as conversion_name,
    CAST(NULL AS FLOAT64) as conversion_count
  FROM (SELECT 1) WHERE FALSE
  
),


facebook_conversion_values AS (
  
  SELECT
    CAST(NULL AS DATE) as date,
    CAST(NULL AS STRING) as ad_id,
    CAST(NULL AS STRING) as conversion_name,
    CAST(NULL AS FLOAT64) as conversion_value
  FROM (SELECT 1) WHERE FALSE
  
),

facebook_conversions AS (
  SELECT
    fcn.date AS date,
    fcn.ad_id AS ad_id,
    fcn.conversion_name AS conversion_name,
    fcn.conversion_count AS conversion_count,
    fcv.conversion_value AS conversion_value
  FROM facebook_conversion_names fcn
  LEFT JOIN facebook_conversion_values fcv
  ON fcn.ad_id = fcv.ad_id
    AND fcn.date = fcv.date
    AND fcn.conversion_name = fcv.conversion_name
),



facebook_base AS (
  
  SELECT
    CAST(NULL AS DATE) as date,
    CAST(NULL AS DATE) as earliest_date,
    CAST(NULL AS DATE) as latest_date,
    CAST(NULL AS STRING) as ad_id,
    CAST(NULL AS STRING) as adset_id,
    CAST(NULL AS STRING) as campaign_id,
    CAST(NULL AS STRING) as account_id,
    CAST(NULL AS FLOAT64) as spend,
    CAST(NULL AS INTEGER) as impressions,
    CAST(NULL AS INTEGER) as clicks
  FROM (SELECT 1) WHERE FALSE
  
),

facebook_performance AS (
  SELECT
    fb.date,
    fb.earliest_date,
    fb.latest_date,
    fb.ad_id,
    fb.adset_id,
    fb.campaign_id,
    fb.account_id as account_id,
    MAX(fb.spend) as spend,
    MAX(fb.impressions) as impressions,
    MAX(fb.clicks) as clicks,

    MAX(a.kpi_1) AS kpi_1_name,
    SUM(CASE WHEN fc.conversion_name = a.kpi_1 THEN fc.conversion_count ELSE 0 END) AS kpi_1_count,
    SUM(CASE WHEN fc.conversion_name = a.kpi_1 THEN fc.conversion_value ELSE 0 END) AS kpi_1_value,
    MAX(a.kpi_2) AS kpi_2_name,
    SUM(CASE WHEN fc.conversion_name = a.kpi_2 THEN fc.conversion_count ELSE 0 END) AS kpi_2_count,
    SUM(CASE WHEN fc.conversion_name = a.kpi_2 THEN fc.conversion_value ELSE 0 END) AS kpi_2_value,
    MAX(a.kpi_3) AS kpi_3_name,
    SUM(CASE WHEN fc.conversion_name = a.kpi_3 THEN fc.conversion_count ELSE 0 END) AS kpi_3_count,
    SUM(CASE WHEN fc.conversion_name = a.kpi_3 THEN fc.conversion_value ELSE 0 END) AS kpi_3_value,
    MAX(a.kpi_4) AS kpi_4_name,
    SUM(CASE WHEN fc.conversion_name = a.kpi_4 THEN fc.conversion_count ELSE 0 END) AS kpi_4_count,
    SUM(CASE WHEN fc.conversion_name = a.kpi_4 THEN fc.conversion_value ELSE 0 END) AS kpi_4_value,
    MAX(a.kpi_5) AS kpi_5_name,
    SUM(CASE WHEN fc.conversion_name = a.kpi_5 THEN fc.conversion_count ELSE 0 END) AS kpi_5_count,
    SUM(CASE WHEN fc.conversion_name = a.kpi_5 THEN fc.conversion_value ELSE 0 END) AS kpi_5_value,
    MAX(a.kpi_6) AS kpi_6_name,
    SUM(CASE WHEN fc.conversion_name = a.kpi_6 THEN fc.conversion_count ELSE 0 END) AS kpi_6_count,
    SUM(CASE WHEN fc.conversion_name = a.kpi_6 THEN fc.conversion_value ELSE 0 END) AS kpi_6_value,
    MAX(a.kpi_7) AS kpi_7_name,
    SUM(CASE WHEN fc.conversion_name = a.kpi_7 THEN fc.conversion_count ELSE 0 END) AS kpi_7_count,
    SUM(CASE WHEN fc.conversion_name = a.kpi_7 THEN fc.conversion_value ELSE 0 END) AS kpi_7_value,
    MAX(a.kpi_8) AS kpi_8_name,
    SUM(CASE WHEN fc.conversion_name = a.kpi_8 THEN fc.conversion_count ELSE 0 END) AS kpi_8_count,
    SUM(CASE WHEN fc.conversion_name = a.kpi_8 THEN fc.conversion_value ELSE 0 END) AS kpi_8_value,
    MAX(a.kpi_9) AS kpi_9_name,
    SUM(CASE WHEN fc.conversion_name = a.kpi_9 THEN fc.conversion_count ELSE 0 END) AS kpi_9_count,
    SUM(CASE WHEN fc.conversion_name = a.kpi_9 THEN fc.conversion_value ELSE 0 END) AS kpi_9_value,
    MAX(a.kpi_10) AS kpi_10_name,
    SUM(CASE WHEN fc.conversion_name = a.kpi_10 THEN fc.conversion_count ELSE 0 END) AS kpi_10_count,
    SUM(CASE WHEN fc.conversion_name = a.kpi_10 THEN fc.conversion_value ELSE 0 END) AS kpi_10_value

  FROM facebook_base fb
  LEFT JOIN facebook_conversions fc
    ON fb.date = fc.date
    AND fb.ad_id = fc.ad_id
  LEFT JOIN `res-analytics.com_allied.accounts` a

    ON fb.account_id = a.id
  GROUP BY fb.date, fb.earliest_date, fb.latest_date, fb.ad_id, fb.adset_id, fb.campaign_id, fb.account_id
),

-- SELECT * from facebook_performance
-- ORDER BY ad_id;

--------------------------------------------------------------------
-- Google Performance
--------------------------------------------------------------------



google_dates AS (
  
  SELECT
    CAST(NULL AS DATE) as at_date,
    CAST(NULL AS STRING) as ad_id,
    CAST(NULL AS DATE) as earliest_date,
    CAST(NULL AS DATE) as latest_date
  FROM (SELECT 1) WHERE FALSE
  
),


google_conversions AS (
  
  SELECT
    CAST(NULL AS DATE) as date,
    CAST(NULL AS STRING) as ad_id,
    CAST(NULL AS STRING) as conversion_name,
    CAST(NULL AS FLOAT64) as conversion_count,
    CAST(NULL AS FLOAT64) as conversion_value
  FROM (SELECT 1) WHERE FALSE
  

),

google_base AS (
  
  SELECT
    CAST(NULL AS DATE) as date,
    CAST(NULL AS DATE) as earliest_date,
    CAST(NULL AS DATE) as latest_date,
    CAST(NULL AS STRING) as ad_id,
    CAST(NULL AS STRING) as adset_id,
    CAST(NULL AS STRING) as campaign_id,
    CAST(NULL AS STRING) as account_id,
    CAST(NULL AS FLOAT64) as spend,
    CAST(NULL AS INTEGER) as impressions,
    CAST(NULL AS INTEGER) as clicks
  FROM (SELECT 1) WHERE FALSE
  
),

google_performance AS (
  SELECT
    gb.date,
    gb.earliest_date,
    gb.latest_date,
    gb.ad_id,
    gb.adset_id,
    gb.campaign_id,
    gb.account_id AS account_id,
    MAX(gb.spend) AS spend,
    MAX(gb.impressions) as impressions,
    MAX(gb.clicks) as clicks,

    MAX(a.kpi_1) AS kpi_1_name,
    SUM(CASE WHEN gc.conversion_name = a.kpi_1 THEN gc.conversion_count ELSE 0 END) AS kpi_1_count,
    SUM(CASE WHEN gc.conversion_name = a.kpi_1 THEN gc.conversion_value ELSE 0 END) AS kpi_1_value,
    MAX(a.kpi_2) AS kpi_2_name,
    SUM(CASE WHEN gc.conversion_name = a.kpi_2 THEN gc.conversion_count ELSE 0 END) AS kpi_2_count,
    SUM(CASE WHEN gc.conversion_name = a.kpi_2 THEN gc.conversion_value ELSE 0 END) AS kpi_2_value,
    MAX(a.kpi_3) AS kpi_3_name,
    SUM(CASE WHEN gc.conversion_name = a.kpi_3 THEN gc.conversion_count ELSE 0 END) AS kpi_3_count,
    SUM(CASE WHEN gc.conversion_name = a.kpi_3 THEN gc.conversion_value ELSE 0 END) AS kpi_3_value,
    MAX(a.kpi_4) AS kpi_4_name,
    SUM(CASE WHEN gc.conversion_name = a.kpi_4 THEN gc.conversion_count ELSE 0 END) AS kpi_4_count,
    SUM(CASE WHEN gc.conversion_name = a.kpi_4 THEN gc.conversion_value ELSE 0 END) AS kpi_4_value,
    MAX(a.kpi_5) AS kpi_5_name,
    SUM(CASE WHEN gc.conversion_name = a.kpi_5 THEN gc.conversion_count ELSE 0 END) AS kpi_5_count,
    SUM(CASE WHEN gc.conversion_name = a.kpi_5 THEN gc.conversion_value ELSE 0 END) AS kpi_5_value,
    MAX(a.kpi_6) AS kpi_6_name,
    SUM(CASE WHEN gc.conversion_name = a.kpi_6 THEN gc.conversion_count ELSE 0 END) AS kpi_6_count,
    SUM(CASE WHEN gc.conversion_name = a.kpi_6 THEN gc.conversion_value ELSE 0 END) AS kpi_6_value,
    MAX(a.kpi_7) AS kpi_7_name,
    SUM(CASE WHEN gc.conversion_name = a.kpi_7 THEN gc.conversion_count ELSE 0 END) AS kpi_7_count,
    SUM(CASE WHEN gc.conversion_name = a.kpi_7 THEN gc.conversion_value ELSE 0 END) AS kpi_7_value,
    MAX(a.kpi_8) AS kpi_8_name,
    SUM(CASE WHEN gc.conversion_name = a.kpi_8 THEN gc.conversion_count ELSE 0 END) AS kpi_8_count,
    SUM(CASE WHEN gc.conversion_name = a.kpi_8 THEN gc.conversion_value ELSE 0 END) AS kpi_8_value,
    MAX(a.kpi_9) AS kpi_9_name,
    SUM(CASE WHEN gc.conversion_name = a.kpi_9 THEN gc.conversion_count ELSE 0 END) AS kpi_9_count,
    SUM(CASE WHEN gc.conversion_name = a.kpi_9 THEN gc.conversion_value ELSE 0 END) AS kpi_9_value,
    MAX(a.kpi_10) AS kpi_10_name,
    SUM(CASE WHEN gc.conversion_name = a.kpi_10 THEN gc.conversion_count ELSE 0 END) AS kpi_10_count,
    SUM(CASE WHEN gc.conversion_name = a.kpi_10 THEN gc.conversion_value ELSE 0 END) AS kpi_10_value



  FROM google_base gb
  LEFT JOIN google_conversions gc
    ON gb.date = gc.date
    AND gb.ad_id = gc.ad_id
  LEFT JOIN `res-analytics.com_allied.accounts` a
    ON gb.account_id = a.id
  GROUP BY gb.date, gb.earliest_date, gb.latest_date, gb.ad_id, gb.adset_id, gb.campaign_id, gb.account_id
),

-- TEMP DISABLE Google PMax See Note Below


--------------------------------------------------------------------
-- Linkedin Performance
-- NOTE: LinkedIn hierarchy: Account -> Campaign Group (=Nexus Campaign) -> Campaign (=Nexus AdSet) -> Creative (=Nexus Ad)
-- Conversion data comes from ad_analytics_by_creative_with_conversion_breakdown joined with conversion_history
--------------------------------------------------------------------


linkedin_dates AS (
  
  SELECT
    CAST(NULL AS DATE) as at_date,
    CAST(NULL AS STRING) as ad_id,
    CAST(NULL AS DATE) as earliest_date,
    CAST(NULL AS DATE) as latest_date
  FROM (SELECT 1) WHERE FALSE
  
),

-- Conversion data from breakdown table joined with conversion_history for names


linkedin_conversions AS (
  
  SELECT
    CAST(NULL AS DATE) as date,
    CAST(NULL AS STRING) as ad_id,
    CAST(NULL AS STRING) as conversion_name,
    CAST(NULL AS FLOAT64) as conversion_count,
    CAST(NULL AS FLOAT64) as conversion_value
  FROM (SELECT 1) WHERE FALSE
  
),

-- Base metrics with hierarchy from creative_history and campaign_history




linkedin_base AS (
  
  SELECT
    CAST(NULL AS DATE) as date,
    CAST(NULL AS DATE) as earliest_date,
    CAST(NULL AS DATE) as latest_date,
    CAST(NULL AS STRING) as ad_id,
    CAST(NULL AS STRING) as adset_id,
    CAST(NULL AS STRING) as campaign_id,
    CAST(NULL AS STRING) as account_id,
    CAST(NULL AS FLOAT64) as spend,
    CAST(NULL AS INTEGER) as impressions,
    CAST(NULL AS INTEGER) as clicks
  FROM (SELECT 1) WHERE FALSE
  
),

linkedin_performance AS (
  SELECT
    lb.date,
    lb.earliest_date,
    lb.latest_date,
    lb.ad_id,
    lb.adset_id,
    lb.campaign_id,
    lb.account_id,
    MAX(lb.spend) as spend,
    MAX(lb.impressions) as impressions,
    MAX(lb.clicks) as clicks,

    MAX(a.kpi_1) AS kpi_1_name,
    SUM(CASE WHEN lc.conversion_name = a.kpi_1 THEN lc.conversion_count ELSE 0 END) AS kpi_1_count,
    SUM(CASE WHEN lc.conversion_name = a.kpi_1 THEN lc.conversion_value ELSE 0 END) AS kpi_1_value,
    MAX(a.kpi_2) AS kpi_2_name,
    SUM(CASE WHEN lc.conversion_name = a.kpi_2 THEN lc.conversion_count ELSE 0 END) AS kpi_2_count,
    SUM(CASE WHEN lc.conversion_name = a.kpi_2 THEN lc.conversion_value ELSE 0 END) AS kpi_2_value,
    MAX(a.kpi_3) AS kpi_3_name,
    SUM(CASE WHEN lc.conversion_name = a.kpi_3 THEN lc.conversion_count ELSE 0 END) AS kpi_3_count,
    SUM(CASE WHEN lc.conversion_name = a.kpi_3 THEN lc.conversion_value ELSE 0 END) AS kpi_3_value,
    MAX(a.kpi_4) AS kpi_4_name,
    SUM(CASE WHEN lc.conversion_name = a.kpi_4 THEN lc.conversion_count ELSE 0 END) AS kpi_4_count,
    SUM(CASE WHEN lc.conversion_name = a.kpi_4 THEN lc.conversion_value ELSE 0 END) AS kpi_4_value,
    MAX(a.kpi_5) AS kpi_5_name,
    SUM(CASE WHEN lc.conversion_name = a.kpi_5 THEN lc.conversion_count ELSE 0 END) AS kpi_5_count,
    SUM(CASE WHEN lc.conversion_name = a.kpi_5 THEN lc.conversion_value ELSE 0 END) AS kpi_5_value,
    MAX(a.kpi_6) AS kpi_6_name,
    SUM(CASE WHEN lc.conversion_name = a.kpi_6 THEN lc.conversion_count ELSE 0 END) AS kpi_6_count,
    SUM(CASE WHEN lc.conversion_name = a.kpi_6 THEN lc.conversion_value ELSE 0 END) AS kpi_6_value,
    MAX(a.kpi_7) AS kpi_7_name,
    SUM(CASE WHEN lc.conversion_name = a.kpi_7 THEN lc.conversion_count ELSE 0 END) AS kpi_7_count,
    SUM(CASE WHEN lc.conversion_name = a.kpi_7 THEN lc.conversion_value ELSE 0 END) AS kpi_7_value,
    MAX(a.kpi_8) AS kpi_8_name,
    SUM(CASE WHEN lc.conversion_name = a.kpi_8 THEN lc.conversion_count ELSE 0 END) AS kpi_8_count,
    SUM(CASE WHEN lc.conversion_name = a.kpi_8 THEN lc.conversion_value ELSE 0 END) AS kpi_8_value,
    MAX(a.kpi_9) AS kpi_9_name,
    SUM(CASE WHEN lc.conversion_name = a.kpi_9 THEN lc.conversion_count ELSE 0 END) AS kpi_9_count,
    SUM(CASE WHEN lc.conversion_name = a.kpi_9 THEN lc.conversion_value ELSE 0 END) AS kpi_9_value,
    MAX(a.kpi_10) AS kpi_10_name,
    SUM(CASE WHEN lc.conversion_name = a.kpi_10 THEN lc.conversion_count ELSE 0 END) AS kpi_10_count,
    SUM(CASE WHEN lc.conversion_name = a.kpi_10 THEN lc.conversion_value ELSE 0 END) AS kpi_10_value

  FROM linkedin_base lb
  LEFT JOIN linkedin_conversions lc
    ON lb.date = lc.date
    AND lb.ad_id = lc.ad_id
  LEFT JOIN `res-analytics.com_allied.accounts` a
    ON lb.account_id = a.id

  GROUP BY lb.date, lb.earliest_date, lb.latest_date, lb.ad_id, lb.adset_id, lb.campaign_id, lb.account_id
),

-- SELECT * from linkedin_performance
-- ORDER BY ad_id;

--------------------------------------------------------------------
-- TikTok Performance (using ad_report_hourly - aggregated to daily)
--------------------------------------------------------------------


tiktok_dates AS (
  
  SELECT
    CAST(NULL AS DATE) as at_date,
    CAST(NULL AS STRING) as ad_id,
    CAST(NULL AS DATE) as earliest_date,
    CAST(NULL AS DATE) as latest_date
  FROM (SELECT 1) WHERE FALSE
  
),

-- Unpivot TikTok conversion columns to rows
-- NOTE: TikTok stores conversions as inline columns (not rows like Facebook's basic_ad_actions table)
tiktok_conversion_counts AS (
  
  SELECT
    CAST(NULL AS DATE) as date,
    CAST(NULL AS STRING) as ad_id,
    CAST(NULL AS STRING) as conversion_name,
    CAST(NULL AS FLOAT64) as conversion_count
  FROM (SELECT 1) WHERE FALSE
  
),

tiktok_conversion_values AS (
  
  SELECT
    CAST(NULL AS DATE) as date,
    CAST(NULL AS STRING) as ad_id,
    CAST(NULL AS STRING) as conversion_name,
    CAST(NULL AS FLOAT64) as conversion_value
  FROM (SELECT 1) WHERE FALSE
  
),

tiktok_conversions AS (
  SELECT
    tc.date,
    tc.ad_id,
    tc.conversion_name,
    tc.conversion_count,
    COALESCE(tv.conversion_value, 0.0) AS conversion_value
  FROM tiktok_conversion_counts tc
  LEFT JOIN tiktok_conversion_values tv
    ON tc.date = tv.date
    AND tc.ad_id = tv.ad_id
    AND tc.conversion_name = tv.conversion_name
  WHERE tc.conversion_count > 0 OR tv.conversion_value > 0
),


tiktok_base AS (
  
  SELECT
    CAST(NULL AS DATE) as date,
    CAST(NULL AS DATE) as earliest_date,
    CAST(NULL AS DATE) as latest_date,
    CAST(NULL AS STRING) as ad_id,
    CAST(NULL AS STRING) as adset_id,
    CAST(NULL AS STRING) as campaign_id,
    CAST(NULL AS STRING) as account_id,
    CAST(NULL AS FLOAT64) as spend,
    CAST(NULL AS INTEGER) as impressions,
    CAST(NULL AS INTEGER) as clicks
  FROM (SELECT 1) WHERE FALSE
  
),

tiktok_performance AS (
  SELECT
    tb.date,
    tb.earliest_date,
    tb.latest_date,
    tb.ad_id,
    tb.adset_id,
    tb.campaign_id,
    tb.account_id,
    MAX(tb.spend) AS spend,
    MAX(tb.impressions) AS impressions,
    MAX(tb.clicks) AS clicks,

    -- KPI mapping from accounts (same pattern as FB/Google/LinkedIn)
    MAX(a.kpi_1) AS kpi_1_name,
    SUM(CASE WHEN tc.conversion_name = a.kpi_1 THEN tc.conversion_count ELSE 0 END) AS kpi_1_count,
    SUM(CASE WHEN tc.conversion_name = a.kpi_1 THEN tc.conversion_value ELSE 0 END) AS kpi_1_value,
    MAX(a.kpi_2) AS kpi_2_name,
    SUM(CASE WHEN tc.conversion_name = a.kpi_2 THEN tc.conversion_count ELSE 0 END) AS kpi_2_count,
    SUM(CASE WHEN tc.conversion_name = a.kpi_2 THEN tc.conversion_value ELSE 0 END) AS kpi_2_value,
    MAX(a.kpi_3) AS kpi_3_name,
    SUM(CASE WHEN tc.conversion_name = a.kpi_3 THEN tc.conversion_count ELSE 0 END) AS kpi_3_count,
    SUM(CASE WHEN tc.conversion_name = a.kpi_3 THEN tc.conversion_value ELSE 0 END) AS kpi_3_value,
    MAX(a.kpi_4) AS kpi_4_name,
    SUM(CASE WHEN tc.conversion_name = a.kpi_4 THEN tc.conversion_count ELSE 0 END) AS kpi_4_count,
    SUM(CASE WHEN tc.conversion_name = a.kpi_4 THEN tc.conversion_value ELSE 0 END) AS kpi_4_value,
    MAX(a.kpi_5) AS kpi_5_name,
    SUM(CASE WHEN tc.conversion_name = a.kpi_5 THEN tc.conversion_count ELSE 0 END) AS kpi_5_count,
    SUM(CASE WHEN tc.conversion_name = a.kpi_5 THEN tc.conversion_value ELSE 0 END) AS kpi_5_value,
    MAX(a.kpi_6) AS kpi_6_name,
    SUM(CASE WHEN tc.conversion_name = a.kpi_6 THEN tc.conversion_count ELSE 0 END) AS kpi_6_count,
    SUM(CASE WHEN tc.conversion_name = a.kpi_6 THEN tc.conversion_value ELSE 0 END) AS kpi_6_value,
    MAX(a.kpi_7) AS kpi_7_name,
    SUM(CASE WHEN tc.conversion_name = a.kpi_7 THEN tc.conversion_count ELSE 0 END) AS kpi_7_count,
    SUM(CASE WHEN tc.conversion_name = a.kpi_7 THEN tc.conversion_value ELSE 0 END) AS kpi_7_value,
    MAX(a.kpi_8) AS kpi_8_name,
    SUM(CASE WHEN tc.conversion_name = a.kpi_8 THEN tc.conversion_count ELSE 0 END) AS kpi_8_count,
    SUM(CASE WHEN tc.conversion_name = a.kpi_8 THEN tc.conversion_value ELSE 0 END) AS kpi_8_value,
    MAX(a.kpi_9) AS kpi_9_name,
    SUM(CASE WHEN tc.conversion_name = a.kpi_9 THEN tc.conversion_count ELSE 0 END) AS kpi_9_count,
    SUM(CASE WHEN tc.conversion_name = a.kpi_9 THEN tc.conversion_value ELSE 0 END) AS kpi_9_value,
    MAX(a.kpi_10) AS kpi_10_name,
    SUM(CASE WHEN tc.conversion_name = a.kpi_10 THEN tc.conversion_count ELSE 0 END) AS kpi_10_count,
    SUM(CASE WHEN tc.conversion_name = a.kpi_10 THEN tc.conversion_value ELSE 0 END) AS kpi_10_value

  FROM tiktok_base tb
  LEFT JOIN tiktok_conversions tc
    ON tb.date = tc.date
    AND tb.ad_id = tc.ad_id
  LEFT JOIN `res-analytics.com_allied.accounts` a
    ON tb.account_id = a.id
  GROUP BY tb.date, tb.earliest_date, tb.latest_date, tb.ad_id, tb.adset_id, tb.campaign_id, tb.account_id
),

--------------------------------------------------------------------
-- Bing/Microsoft Performance (using raw Fivetran table with SUM aggregation)
--------------------------------------------------------------------

bing_dates AS (
  
  SELECT
    CAST(NULL AS DATE) as at_date,
    CAST(NULL AS STRING) as ad_id,
    CAST(NULL AS DATE) as earliest_date,
    CAST(NULL AS DATE) as latest_date
  FROM (SELECT 1) WHERE FALSE
  
),

-- Ad-level conversions with goal names (same pattern as Google's ads_conversions)

bing_conversions AS (
  
  SELECT
    CAST(NULL AS DATE) as date,
    CAST(NULL AS STRING) as ad_id,
    CAST(NULL AS STRING) as adset_id,
    CAST(NULL AS STRING) as campaign_id,
    CAST(NULL AS STRING) as account_id,
    CAST(NULL AS STRING) as conversion_name,
    CAST(NULL AS FLOAT64) as conversion_count,
    CAST(NULL AS FLOAT64) as conversion_value
  FROM (SELECT 1) WHERE FALSE
  
),

bing_base AS (
  
  SELECT
    CAST(NULL AS DATE) as date,
    CAST(NULL AS DATE) as earliest_date,
    CAST(NULL AS DATE) as latest_date,
    CAST(NULL AS STRING) as ad_id,
    CAST(NULL AS STRING) as adset_id,
    CAST(NULL AS STRING) as campaign_id,
    CAST(NULL AS STRING) as account_id,
    CAST(NULL AS FLOAT64) as spend,
    CAST(NULL AS INTEGER) as impressions,
    CAST(NULL AS INTEGER) as clicks
  FROM (SELECT 1) WHERE FALSE

    
),

bing_performance AS (
  SELECT
    bb.date,
    bb.earliest_date,
    bb.latest_date,
    bb.ad_id,
    bb.adset_id,
    bb.campaign_id,
    bb.account_id,
    MAX(bb.spend) AS spend,
    MAX(bb.impressions) AS impressions,
    MAX(bb.clicks) AS clicks,

    -- KPI mapping by goal name (same pattern as Google)
    -- Conversions joined via ad_id (ad level - same as Google)
    MAX(a.kpi_1) AS kpi_1_name,
    SUM(CASE WHEN bc.conversion_name = a.kpi_1 THEN bc.conversion_count ELSE 0 END) AS kpi_1_count,
    SUM(CASE WHEN bc.conversion_name = a.kpi_1 THEN bc.conversion_value ELSE 0 END) AS kpi_1_value,
    MAX(a.kpi_2) AS kpi_2_name,
    SUM(CASE WHEN bc.conversion_name = a.kpi_2 THEN bc.conversion_count ELSE 0 END) AS kpi_2_count,
    SUM(CASE WHEN bc.conversion_name = a.kpi_2 THEN bc.conversion_value ELSE 0 END) AS kpi_2_value,
    MAX(a.kpi_3) AS kpi_3_name,
    SUM(CASE WHEN bc.conversion_name = a.kpi_3 THEN bc.conversion_count ELSE 0 END) AS kpi_3_count,
    SUM(CASE WHEN bc.conversion_name = a.kpi_3 THEN bc.conversion_value ELSE 0 END) AS kpi_3_value,
    MAX(a.kpi_4) AS kpi_4_name,
    SUM(CASE WHEN bc.conversion_name = a.kpi_4 THEN bc.conversion_count ELSE 0 END) AS kpi_4_count,
    SUM(CASE WHEN bc.conversion_name = a.kpi_4 THEN bc.conversion_value ELSE 0 END) AS kpi_4_value,
    MAX(a.kpi_5) AS kpi_5_name,
    SUM(CASE WHEN bc.conversion_name = a.kpi_5 THEN bc.conversion_count ELSE 0 END) AS kpi_5_count,
    SUM(CASE WHEN bc.conversion_name = a.kpi_5 THEN bc.conversion_value ELSE 0 END) AS kpi_5_value,
    MAX(a.kpi_6) AS kpi_6_name,
    SUM(CASE WHEN bc.conversion_name = a.kpi_6 THEN bc.conversion_count ELSE 0 END) AS kpi_6_count,
    SUM(CASE WHEN bc.conversion_name = a.kpi_6 THEN bc.conversion_value ELSE 0 END) AS kpi_6_value,
    MAX(a.kpi_7) AS kpi_7_name,
    SUM(CASE WHEN bc.conversion_name = a.kpi_7 THEN bc.conversion_count ELSE 0 END) AS kpi_7_count,
    SUM(CASE WHEN bc.conversion_name = a.kpi_7 THEN bc.conversion_value ELSE 0 END) AS kpi_7_value,
    MAX(a.kpi_8) AS kpi_8_name,
    SUM(CASE WHEN bc.conversion_name = a.kpi_8 THEN bc.conversion_count ELSE 0 END) AS kpi_8_count,
    SUM(CASE WHEN bc.conversion_name = a.kpi_8 THEN bc.conversion_value ELSE 0 END) AS kpi_8_value,
    MAX(a.kpi_9) AS kpi_9_name,
    SUM(CASE WHEN bc.conversion_name = a.kpi_9 THEN bc.conversion_count ELSE 0 END) AS kpi_9_count,
    SUM(CASE WHEN bc.conversion_name = a.kpi_9 THEN bc.conversion_value ELSE 0 END) AS kpi_9_value,
    MAX(a.kpi_10) AS kpi_10_name,
    SUM(CASE WHEN bc.conversion_name = a.kpi_10 THEN bc.conversion_count ELSE 0 END) AS kpi_10_count,
    SUM(CASE WHEN bc.conversion_name = a.kpi_10 THEN bc.conversion_value ELSE 0 END) AS kpi_10_value

  FROM bing_base bb
  LEFT JOIN bing_conversions bc
    ON bb.date = bc.date
    AND bb.ad_id = bc.ad_id  -- Join at AD level (same as Google)
  LEFT JOIN `res-analytics.com_allied.accounts` a
    ON bb.account_id = a.id
  GROUP BY bb.date, bb.earliest_date, bb.latest_date, bb.ad_id, bb.adset_id, bb.campaign_id, bb.account_id
),

--------------------------------------------------------------------
-- All Performance
--------------------------------------------------------------------
all_performance AS (
  SELECT * FROM facebook_performance
  UNION ALL
  SELECT * FROM google_performance
  UNION ALL
  -- TEMP DISABLE Google PMax
  -- SELECT * FROM google_pmax_performance
  -- UNION ALL
  SELECT * FROM linkedin_performance
  UNION ALL
  SELECT * FROM tiktok_performance
  UNION ALL
  SELECT * FROM bing_performance
),

--------------------------------------------------------------------
-- Creative Fatigue
--------------------------------------------------------------------
-- Step 1: Compute initial CTR (first 7 days)
initial_ctr AS (
  SELECT
    ap.ad_id,
    SUM(ap.impressions) AS initial_impressions,
    SUM(ap.clicks) AS initial_clicks,
    COALESCE(SAFE_DIVIDE(SUM(ap.clicks), SUM(ap.impressions)), 0) AS initial_ctr_value
  FROM all_performance ap
  WHERE ap.date >= ap.earliest_date
    AND ap.date < DATE_ADD(ap.earliest_date, INTERVAL 7 DAY)
  GROUP BY ap.ad_id
),

-- Step 2: Compute current CTR (trailing 7 days from at_date)
current_ctr AS (
  SELECT
    i.at_date,
    ap.ad_id,
    SUM(ap.impressions) AS current_impressions,
    SUM(ap.clicks) AS current_clicks,
    COALESCE(SAFE_DIVIDE(SUM(ap.clicks), SUM(ap.impressions)), 0) AS current_ctr_value
  FROM inputs i
  JOIN all_performance ap
    ON ap.date > DATE_SUB(i.at_date, INTERVAL 7 DAY)
    AND ap.date <= i.at_date
  GROUP BY i.at_date, ap.ad_id
),

-- Step 3: Compute total cumulative impressions
cumulative_impressions AS (
  SELECT
    i.at_date,
    ap.ad_id,
    SUM(ap.impressions) AS total_impressions
  FROM inputs i
  JOIN all_performance ap
    ON ap.date >= ap.earliest_date
    AND ap.date <= i.at_date
  GROUP BY i.at_date, ap.ad_id
),

-- Combine all metrics and compute scores
all_performance_with_fatigue AS (
  SELECT
    ap.date,
    ap.earliest_date,
    ap.latest_date,
    DATE_DIFF(ap.date, ap.earliest_date, DAY) AS age_days,

    ap.ad_id,
    ap.adset_id,
    ap.campaign_id,
    ap.account_id,

    ap.spend,
    ap.impressions,
    ap.clicks,

    ap.kpi_1_name,
    ap.kpi_1_count,
    ap.kpi_1_value,

    ap.kpi_2_name,
    ap.kpi_2_count,
    ap.kpi_2_value,

    ap.kpi_3_name,
    ap.kpi_3_count,
    ap.kpi_3_value,

    ap.kpi_4_name,
    ap.kpi_4_count,
    ap.kpi_4_value,

    ap.kpi_5_name,
    ap.kpi_5_count,
    ap.kpi_5_value,

    ap.kpi_6_name,
    ap.kpi_6_count,
    ap.kpi_6_value,

    ap.kpi_7_name,
    ap.kpi_7_count,
    ap.kpi_7_value,

    ap.kpi_8_name,
    ap.kpi_8_count,
    ap.kpi_8_value,

    ap.kpi_9_name,
    ap.kpi_9_count,
    ap.kpi_9_value,

    ap.kpi_10_name,
    ap.kpi_10_count,
    ap.kpi_10_value,

    -- CTR metrics
    ictr.initial_ctr_value,
    COALESCE(cctr.current_ctr_value, 0) as current_ctr_value,

    -- CTR percentage change [0-1]
    CASE
      WHEN ictr.initial_ctr_value IS NULL OR ictr.initial_ctr_value = 0 THEN 0
      ELSE ((cctr.current_ctr_value - ictr.initial_ctr_value) / ictr.initial_ctr_value)
    END AS ctr_change_pct,

    -- Cumulative impressions
    COALESCE(ci.total_impressions, 0) AS cumulative_impressions,

    -- Step 4: CTR Decay Score
    CASE
      WHEN DATE_DIFF(ap.date, ap.earliest_date, DAY) < 7 THEN 0
      WHEN ictr.initial_ctr_value = 0 THEN 0
      WHEN ((cctr.current_ctr_value - ictr.initial_ctr_value) / ictr.initial_ctr_value) <= -.30 THEN 50
      WHEN ((cctr.current_ctr_value - ictr.initial_ctr_value) / ictr.initial_ctr_value) <= -.20 THEN 40
      WHEN ((cctr.current_ctr_value - ictr.initial_ctr_value) / ictr.initial_ctr_value) <= -.10 THEN 25
      WHEN ((cctr.current_ctr_value - ictr.initial_ctr_value) / ictr.initial_ctr_value) <= -.05 THEN 15
      ELSE 0
    END AS ctr_decay_score,

    -- Step 5: Impression Pressure Score
    CASE
      WHEN DATE_DIFF(ap.date, ap.earliest_date, DAY) < 7 THEN 0
      WHEN COALESCE(ci.total_impressions, 0) >= 1000000 THEN 30
      WHEN COALESCE(ci.total_impressions, 0) >= 500000 THEN 18
      WHEN COALESCE(ci.total_impressions, 0) >= 200000 THEN 12
      WHEN COALESCE(ci.total_impressions, 0) >= 50000 THEN 6
      ELSE 0
    END AS impression_pressure_score,

    -- Step 6: Age Pressure Score
    CASE
      WHEN DATE_DIFF(ap.date, ap.earliest_date, DAY) < 7 THEN 0
      WHEN DATE_DIFF(ap.date, ap.earliest_date, DAY) >= 61 THEN 20
      WHEN DATE_DIFF(ap.date, ap.earliest_date, DAY) >= 31 THEN 10
      WHEN DATE_DIFF(ap.date, ap.earliest_date, DAY) >= 15 THEN 5
      ELSE 0
    END AS age_pressure_score

  FROM all_performance ap
  LEFT JOIN initial_ctr ictr
    ON ap.ad_id = ictr.ad_id
  LEFT JOIN current_ctr cctr
    ON ap.ad_id = cctr.ad_id
    AND cctr.at_date = ap.date
  LEFT JOIN cumulative_impressions ci
    ON ap.ad_id = ci.ad_id
    AND ci.at_date = ap.date
),

-- Join creative fatigue with performance
joined_data AS (
  SELECT
    p.date,
    p.earliest_date,
    p.latest_date,
    p.age_days,

    p.ad_id,
    ad.ad_name,
    p.adset_id,
    adset.adset_name,
    p.campaign_id,
    c.campaign_name,
    p.account_id,
    c.ad_network_id,
    c.organization_id,
    c.product_id,

    p.spend,
    p.impressions,
    p.cumulative_impressions,
    p.clicks,
    p.initial_ctr_value,
    p.current_ctr_value,
    p.ctr_change_pct,
    p.ctr_decay_score,
    p.impression_pressure_score,
    p.age_pressure_score,
    (p.ctr_decay_score + p.impression_pressure_score + p.age_pressure_score) AS fatigue_score,

    p.kpi_1_name,
    p.kpi_1_count,
    p.kpi_1_value,

    p.kpi_2_name,
    p.kpi_2_count,
    p.kpi_2_value,

    p.kpi_3_name,
    p.kpi_3_count,
    p.kpi_3_value,

    p.kpi_4_name,
    p.kpi_4_count,
    p.kpi_4_value,

    p.kpi_5_name,
    p.kpi_5_count,
    p.kpi_5_value,

    p.kpi_6_name,
    p.kpi_6_count,
    p.kpi_6_value,

    p.kpi_7_name,
    p.kpi_7_count,
    p.kpi_7_value,

    p.kpi_8_name,
    p.kpi_8_count,
    p.kpi_8_value,

    p.kpi_9_name,
    p.kpi_9_count,
    p.kpi_9_value,

    p.kpi_10_name,
    p.kpi_10_count,
    p.kpi_10_value

  FROM all_performance_with_fatigue p
  -- LEFT JOIN `res-analytics.com_allied.ads` ad
  LEFT JOIN `res-analytics`.`com_allied`.`ads` ad
    ON p.ad_id = ad.id
  -- LEFT JOIN `res-analytics.com_allied.adsets` adset
  LEFT JOIN `res-analytics`.`com_allied`.`adsets` adset
    ON p.adset_id = adset.id
  -- LEFT JOIN `res-analytics.com_allied.campaigns` c
  LEFT JOIN `res-analytics`.`com_allied`.`campaigns` c
    ON p.campaign_id = c.id
),

final AS (
SELECT
  date,
--   COUNT(*) as num_rows,
  earliest_date,
  latest_date,
  organization_id,
  product_id,
  ad_network_id,
  account_id,
  campaign_id,
  campaign_name,
  adset_id,
  adset_name,
  ad_id,
  ad_name,
  spend,
  impressions,
  clicks,
  fatigue_score,

  kpi_1_name,
  kpi_1_count,
  kpi_1_value,

  kpi_2_name,
  kpi_2_count,
  kpi_2_value,

  kpi_3_name,
  kpi_3_count,
  kpi_3_value,

  kpi_4_name,
  kpi_4_count,
  kpi_4_value,

  kpi_5_name,
  kpi_5_count,
  kpi_5_value,

  kpi_6_name,
  kpi_6_count,
  kpi_6_value,

  kpi_7_name,
  kpi_7_count,
  kpi_7_value,

  kpi_8_name,
  kpi_8_count,
  kpi_8_value,

  kpi_9_name,
  kpi_9_count,
  kpi_9_value,

  kpi_10_name,
  kpi_10_count,
  kpi_10_value

FROM joined_data

GROUP BY
  date,
  earliest_date,
  latest_date,
  organization_id,
  product_id,
  ad_network_id,
  account_id,
  campaign_id,
  campaign_name,
  adset_id,
  adset_name,
  ad_id,
  ad_name,
  spend,
  impressions,
  clicks,
  fatigue_score,
  kpi_1_name,
  kpi_1_count,
  kpi_1_value,

  kpi_2_name,
  kpi_2_count,
  kpi_2_value,

  kpi_3_name,
  kpi_3_count,
  kpi_3_value,

  kpi_4_name,
  kpi_4_count,
  kpi_4_value,

  kpi_5_name,
  kpi_5_count,
  kpi_5_value,

  kpi_6_name,
  kpi_6_count,
  kpi_6_value,

  kpi_7_name,
  kpi_7_count,
  kpi_7_value,

  kpi_8_name,
  kpi_8_count,
  kpi_8_value,

  kpi_9_name,
  kpi_9_count,
  kpi_9_value,

  kpi_10_name,
  kpi_10_count,
  kpi_10_value
)

SELECT *
FROM final
    );
  
[0m21:01:14.863125 [debug] [Thread-4 (]: BigQuery adapter: https://console.cloud.google.com/bigquery?project=res-analytics&j=bq:US:c500e9a9-490a-4205-8b47-ded9661d1f8e&page=queryresults
[0m21:01:16.067911 [debug] [Thread-1 (]: SQL status: OK in 4.801 seconds
[0m21:01:16.270919 [debug] [Thread-1 (]: Sending event: {'category': 'dbt', 'action': 'run_model', 'label': 'd0adf958-07ed-4a8b-ad10-870c2f938db4', 'context': [<snowplow_tracker.self_describing_json.SelfDescribingJson object at 0x119b72010>]}
[0m21:01:16.271398 [info ] [Thread-1 (]: 9 of 12 OK created sql incremental model cortex.kpi_keyword_daily .............. [[32mCREATE TABLE (3.0k rows, 16.9 MiB processed)[0m in 5.71s]
[0m21:01:16.271680 [debug] [Thread-1 (]: Finished running node model.analytics.kpi_keyword_daily
[0m21:01:16.961517 [debug] [Thread-4 (]: SQL status: OK in 2.097 seconds
[0m21:01:17.115567 [debug] [Thread-4 (]: Sending event: {'category': 'dbt', 'action': 'run_model', 'label': 'd0adf958-07ed-4a8b-ad10-870c2f938db4', 'context': [<snowplow_tracker.self_describing_json.SelfDescribingJson object at 0x119028450>]}
[0m21:01:17.116014 [info ] [Thread-4 (]: 10 of 12 OK created sql incremental model com_allied.kpi_creative_daily ........ [[32mCREATE TABLE (0.0 rows, 0 processed)[0m in 6.12s]
[0m21:01:17.116290 [debug] [Thread-4 (]: Finished running node model.analytics.kpi_creative_daily
[0m21:01:17.116808 [debug] [Thread-3 (]: Began running node model.analytics.forecast_accounts_daily
[0m21:01:17.116987 [debug] [Thread-2 (]: Began running node model.analytics.forecast_creative_daily
[0m21:01:17.117263 [info ] [Thread-3 (]: 11 of 12 START sql table model cortex.forecast_accounts_daily .................. [RUN]
[0m21:01:17.117528 [info ] [Thread-2 (]: 12 of 12 START sql table model cortex.forecast_creative_daily .................. [RUN]
[0m21:01:17.117771 [debug] [Thread-3 (]: Re-using an available connection from the pool (formerly model.analytics.ads, now model.analytics.forecast_accounts_daily)
[0m21:01:17.117953 [debug] [Thread-2 (]: Re-using an available connection from the pool (formerly model.analytics.geo_campaign_daily, now model.analytics.forecast_creative_daily)
[0m21:01:17.118121 [debug] [Thread-3 (]: Began compiling node model.analytics.forecast_accounts_daily
[0m21:01:17.118274 [debug] [Thread-2 (]: Began compiling node model.analytics.forecast_creative_daily
[0m21:01:17.122483 [debug] [Thread-3 (]: Writing injected SQL for node "model.analytics.forecast_accounts_daily"
[0m21:01:17.127022 [debug] [Thread-2 (]: Writing injected SQL for node "model.analytics.forecast_creative_daily"
[0m21:01:17.127637 [debug] [Thread-3 (]: Began executing node model.analytics.forecast_accounts_daily
[0m21:01:17.127815 [debug] [Thread-2 (]: Began executing node model.analytics.forecast_creative_daily
[0m21:01:17.129157 [debug] [Thread-3 (]: Opening a new connection, currently in state closed
[0m21:01:17.130334 [debug] [Thread-2 (]: Opening a new connection, currently in state closed
[0m21:01:17.384127 [debug] [Thread-3 (]: Writing runtime sql for node "model.analytics.forecast_accounts_daily"
[0m21:01:17.393214 [debug] [Thread-3 (]: On model.analytics.forecast_accounts_daily: /* {"app": "dbt", "dbt_version": "1.11.2", "profile_name": "default", "target_name": "dev", "node_id": "model.analytics.forecast_accounts_daily"} */

  
    

    create or replace table `res-analytics`.`cortex`.`forecast_accounts_daily`
      
    
    

    
    OPTIONS()
    as (
      WITH
active_ads AS (
    SELECT
        ad_id
    FROM `res-analytics`.`com_allied`.`kpi_creative_daily`
    WHERE 
        latest_date = DATE_SUB(CURRENT_DATE(), INTERVAL 2 DAY) -- Always process from the last full day.
),

kpi AS (
    SELECT
    DATE(date) AS date,
    organization_id,
    product_id,
    ad_network_id,
    account_id,
    SUM(spend) AS spend,
    SUM(impressions) AS impressions,
    SUM(clicks) AS clicks,
    SUM(fatigue_score) AS fatigue_score,

    SUM(kpi_1_count) AS kpi_1_count,
    SUM(kpi_1_value) AS kpi_1_value,

    SUM(kpi_2_count) AS kpi_2_count,
    SUM(kpi_2_value) AS kpi_2_value,

    SUM(kpi_3_count) AS kpi_3_count,
    SUM(kpi_3_value) AS kpi_3_value,

    SUM(kpi_4_count) AS kpi_4_count,
    SUM(kpi_4_value) AS kpi_4_value,

    SUM(kpi_5_count) AS kpi_5_count,
    SUM(kpi_5_value) AS kpi_5_value,

    SUM(kpi_6_count) AS kpi_6_count,
    SUM(kpi_6_value) AS kpi_6_value,

    SUM(kpi_7_count) AS kpi_7_count,
    SUM(kpi_7_value) AS kpi_7_value,

    SUM(kpi_8_count) AS kpi_8_count,
    SUM(kpi_8_value) AS kpi_8_value,

    SUM(kpi_9_count) AS kpi_9_count,
    SUM(kpi_9_value) AS kpi_9_value,

    SUM(kpi_10_count) AS kpi_10_count,
    SUM(kpi_10_value) AS kpi_10_value,

    FROM `res-analytics`.`com_allied`.`kpi_creative_daily`

    WHERE ad_id IN (SELECT ad_id FROM active_ads)

    GROUP BY date, organization_id, product_id, ad_network_id, account_id

),

kpi_metadata AS (
    SELECT DISTINCT
        organization_id,
        product_id,
        ad_network_id,
        account_id
    FROM kpi
),

f_spend AS (
    SELECT
        forecast_timestamp,
        organization_id,
        product_id,
        ad_network_id,
        account_id,
        forecast_value,
        confidence_level,
        prediction_interval_lower_bound,
        prediction_interval_upper_bound
    FROM
        AI.FORECAST((
            SELECT * FROM kpi
        ),
        data_col => 'spend',
        timestamp_col => 'date',
        id_cols => ['organization_id', 'product_id', 'ad_network_id', 'account_id'],
        horizon=> 7,
        model=>'TimesFM 2.5'

        )
),

f_impressions AS (
    SELECT
        forecast_timestamp,
        organization_id,
        product_id,
        ad_network_id,
        account_id,
        forecast_value,
        confidence_level,
        prediction_interval_lower_bound,
        prediction_interval_upper_bound
    FROM
        AI.FORECAST((
            SELECT * FROM kpi
        ),
        data_col => 'impressions',
        timestamp_col => 'date',
        id_cols => ['organization_id', 'product_id', 'ad_network_id', 'account_id'],
        horizon=> 7,
        model=>'TimesFM 2.5'

        )
),

f_clicks AS (
    SELECT
        forecast_timestamp,
        organization_id,
        product_id,
        ad_network_id,
        account_id,
        forecast_value,
        confidence_level,
        prediction_interval_lower_bound,
        prediction_interval_upper_bound
    FROM
        AI.FORECAST((
            SELECT * FROM kpi
        ),
        data_col => 'clicks',
        timestamp_col => 'date',
        id_cols => ['organization_id', 'product_id', 'ad_network_id', 'account_id'],
        horizon=> 7,
        model=>'TimesFM 2.5'

        )
),

f_fatigue_score AS (
    SELECT
        forecast_timestamp,
        organization_id,
        product_id,
        ad_network_id,
        account_id,
        forecast_value,
        confidence_level,
        prediction_interval_lower_bound,
        prediction_interval_upper_bound
    FROM
        AI.FORECAST((
            SELECT * FROM kpi
        ),
        data_col => 'fatigue_score',
        timestamp_col => 'date',
        id_cols => ['organization_id', 'product_id', 'ad_network_id', 'account_id'],
        horizon=> 7,
        model=>'TimesFM 2.5'

        )
),


f_kpi_1_count AS (
    SELECT
        forecast_timestamp,
        organization_id,
        product_id,
        ad_network_id,
        account_id,
        forecast_value,
        confidence_level,
        prediction_interval_lower_bound,
        prediction_interval_upper_bound
    FROM
        AI.FORECAST((
            SELECT * FROM kpi
        ),
        data_col => 'kpi_1_count',
        timestamp_col => 'date',
        id_cols => ['organization_id', 'product_id', 'ad_network_id', 'account_id'],
        horizon=> 7,
        model=>'TimesFM 2.5'

        )
),

f_kpi_1_value AS (
    SELECT
        forecast_timestamp,
        organization_id,
        product_id,
        ad_network_id,
        account_id,
        forecast_value,
        confidence_level,
        prediction_interval_lower_bound,
        prediction_interval_upper_bound
    FROM
        AI.FORECAST((
            SELECT * FROM kpi
        ),
        data_col => 'kpi_1_value',
        timestamp_col => 'date',
        id_cols => ['organization_id', 'product_id', 'ad_network_id', 'account_id'],
        horizon=> 7,
        model=>'TimesFM 2.5'

        )
),


f_kpi_2_count AS (
    SELECT
        forecast_timestamp,
        organization_id,
        product_id,
        ad_network_id,
        account_id,
        forecast_value,
        confidence_level,
        prediction_interval_lower_bound,
        prediction_interval_upper_bound
    FROM
        AI.FORECAST((
            SELECT * FROM kpi
        ),
        data_col => 'kpi_2_count',
        timestamp_col => 'date',
        id_cols => ['organization_id', 'product_id', 'ad_network_id', 'account_id'],
        horizon=> 7,
        model=>'TimesFM 2.5'

        )
),

f_kpi_2_value AS (
    SELECT
        forecast_timestamp,
        organization_id,
        product_id,
        ad_network_id,
        account_id,
        forecast_value,
        confidence_level,
        prediction_interval_lower_bound,
        prediction_interval_upper_bound
    FROM
        AI.FORECAST((
            SELECT * FROM kpi
        ),
        data_col => 'kpi_2_value',
        timestamp_col => 'date',
        id_cols => ['organization_id', 'product_id', 'ad_network_id', 'account_id'],
        horizon=> 7,
        model=>'TimesFM 2.5'

        )
),


f_kpi_3_count AS (
    SELECT
        forecast_timestamp,
        organization_id,
        product_id,
        ad_network_id,
        account_id,
        forecast_value,
        confidence_level,
        prediction_interval_lower_bound,
        prediction_interval_upper_bound
    FROM
        AI.FORECAST((
            SELECT * FROM kpi
        ),
        data_col => 'kpi_3_count',
        timestamp_col => 'date',
        id_cols => ['organization_id', 'product_id', 'ad_network_id', 'account_id'],
        horizon=> 7,
        model=>'TimesFM 2.5'

        )
),

f_kpi_3_value AS (
    SELECT
        forecast_timestamp,
        organization_id,
        product_id,
        ad_network_id,
        account_id,
        forecast_value,
        confidence_level,
        prediction_interval_lower_bound,
        prediction_interval_upper_bound
    FROM
        AI.FORECAST((
            SELECT * FROM kpi
        ),
        data_col => 'kpi_3_value',
        timestamp_col => 'date',
        id_cols => ['organization_id', 'product_id', 'ad_network_id', 'account_id'],
        horizon=> 7,
        model=>'TimesFM 2.5'

        )
),


f_kpi_4_count AS (
    SELECT
        forecast_timestamp,
        organization_id,
        product_id,
        ad_network_id,
        account_id,
        forecast_value,
        confidence_level,
        prediction_interval_lower_bound,
        prediction_interval_upper_bound
    FROM
        AI.FORECAST((
            SELECT * FROM kpi
        ),
        data_col => 'kpi_4_count',
        timestamp_col => 'date',
        id_cols => ['organization_id', 'product_id', 'ad_network_id', 'account_id'],
        horizon=> 7,
        model=>'TimesFM 2.5'

        )
),

f_kpi_4_value AS (
    SELECT
        forecast_timestamp,
        organization_id,
        product_id,
        ad_network_id,
        account_id,
        forecast_value,
        confidence_level,
        prediction_interval_lower_bound,
        prediction_interval_upper_bound
    FROM
        AI.FORECAST((
            SELECT * FROM kpi
        ),
        data_col => 'kpi_4_value',
        timestamp_col => 'date',
        id_cols => ['organization_id', 'product_id', 'ad_network_id', 'account_id'],
        horizon=> 7,
        model=>'TimesFM 2.5'

        )
),


f_kpi_5_count AS (
    SELECT
        forecast_timestamp,
        organization_id,
        product_id,
        ad_network_id,
        account_id,
        forecast_value,
        confidence_level,
        prediction_interval_lower_bound,
        prediction_interval_upper_bound
    FROM
        AI.FORECAST((
            SELECT * FROM kpi
        ),
        data_col => 'kpi_5_count',
        timestamp_col => 'date',
        id_cols => ['organization_id', 'product_id', 'ad_network_id', 'account_id'],
        horizon=> 7,
        model=>'TimesFM 2.5'

        )
),

f_kpi_5_value AS (
    SELECT
        forecast_timestamp,
        organization_id,
        product_id,
        ad_network_id,
        account_id,
        forecast_value,
        confidence_level,
        prediction_interval_lower_bound,
        prediction_interval_upper_bound
    FROM
        AI.FORECAST((
            SELECT * FROM kpi
        ),
        data_col => 'kpi_5_value',
        timestamp_col => 'date',
        id_cols => ['organization_id', 'product_id', 'ad_network_id', 'account_id'],
        horizon=> 7,
        model=>'TimesFM 2.5'

        )
),


f_kpi_6_count AS (
    SELECT
        forecast_timestamp,
        organization_id,
        product_id,
        ad_network_id,
        account_id,
        forecast_value,
        confidence_level,
        prediction_interval_lower_bound,
        prediction_interval_upper_bound
    FROM
        AI.FORECAST((
            SELECT * FROM kpi
        ),
        data_col => 'kpi_6_count',
        timestamp_col => 'date',
        id_cols => ['organization_id', 'product_id', 'ad_network_id', 'account_id'],
        horizon=> 7,
        model=>'TimesFM 2.5'

        )
),

f_kpi_6_value AS (
    SELECT
        forecast_timestamp,
        organization_id,
        product_id,
        ad_network_id,
        account_id,
        forecast_value,
        confidence_level,
        prediction_interval_lower_bound,
        prediction_interval_upper_bound
    FROM
        AI.FORECAST((
            SELECT * FROM kpi
        ),
        data_col => 'kpi_6_value',
        timestamp_col => 'date',
        id_cols => ['organization_id', 'product_id', 'ad_network_id', 'account_id'],
        horizon=> 7,
        model=>'TimesFM 2.5'

        )
),


f_kpi_7_count AS (
    SELECT
        forecast_timestamp,
        organization_id,
        product_id,
        ad_network_id,
        account_id,
        forecast_value,
        confidence_level,
        prediction_interval_lower_bound,
        prediction_interval_upper_bound
    FROM
        AI.FORECAST((
            SELECT * FROM kpi
        ),
        data_col => 'kpi_7_count',
        timestamp_col => 'date',
        id_cols => ['organization_id', 'product_id', 'ad_network_id', 'account_id'],
        horizon=> 7,
        model=>'TimesFM 2.5'

        )
),

f_kpi_7_value AS (
    SELECT
        forecast_timestamp,
        organization_id,
        product_id,
        ad_network_id,
        account_id,
        forecast_value,
        confidence_level,
        prediction_interval_lower_bound,
        prediction_interval_upper_bound
    FROM
        AI.FORECAST((
            SELECT * FROM kpi
        ),
        data_col => 'kpi_7_value',
        timestamp_col => 'date',
        id_cols => ['organization_id', 'product_id', 'ad_network_id', 'account_id'],
        horizon=> 7,
        model=>'TimesFM 2.5'

        )
),


f_kpi_8_count AS (
    SELECT
        forecast_timestamp,
        organization_id,
        product_id,
        ad_network_id,
        account_id,
        forecast_value,
        confidence_level,
        prediction_interval_lower_bound,
        prediction_interval_upper_bound
    FROM
        AI.FORECAST((
            SELECT * FROM kpi
        ),
        data_col => 'kpi_8_count',
        timestamp_col => 'date',
        id_cols => ['organization_id', 'product_id', 'ad_network_id', 'account_id'],
        horizon=> 7,
        model=>'TimesFM 2.5'

        )
),

f_kpi_8_value AS (
    SELECT
        forecast_timestamp,
        organization_id,
        product_id,
        ad_network_id,
        account_id,
        forecast_value,
        confidence_level,
        prediction_interval_lower_bound,
        prediction_interval_upper_bound
    FROM
        AI.FORECAST((
            SELECT * FROM kpi
        ),
        data_col => 'kpi_8_value',
        timestamp_col => 'date',
        id_cols => ['organization_id', 'product_id', 'ad_network_id', 'account_id'],
        horizon=> 7,
        model=>'TimesFM 2.5'

        )
),


f_kpi_9_count AS (
    SELECT
        forecast_timestamp,
        organization_id,
        product_id,
        ad_network_id,
        account_id,
        forecast_value,
        confidence_level,
        prediction_interval_lower_bound,
        prediction_interval_upper_bound
    FROM
        AI.FORECAST((
            SELECT * FROM kpi
        ),
        data_col => 'kpi_9_count',
        timestamp_col => 'date',
        id_cols => ['organization_id', 'product_id', 'ad_network_id', 'account_id'],
        horizon=> 7,
        model=>'TimesFM 2.5'

        )
),

f_kpi_9_value AS (
    SELECT
        forecast_timestamp,
        organization_id,
        product_id,
        ad_network_id,
        account_id,
        forecast_value,
        confidence_level,
        prediction_interval_lower_bound,
        prediction_interval_upper_bound
    FROM
        AI.FORECAST((
            SELECT * FROM kpi
        ),
        data_col => 'kpi_9_value',
        timestamp_col => 'date',
        id_cols => ['organization_id', 'product_id', 'ad_network_id', 'account_id'],
        horizon=> 7,
        model=>'TimesFM 2.5'

        )
),


f_kpi_10_count AS (
    SELECT
        forecast_timestamp,
        organization_id,
        product_id,
        ad_network_id,
        account_id,
        forecast_value,
        confidence_level,
        prediction_interval_lower_bound,
        prediction_interval_upper_bound
    FROM
        AI.FORECAST((
            SELECT * FROM kpi
        ),
        data_col => 'kpi_10_count',
        timestamp_col => 'date',
        id_cols => ['organization_id', 'product_id', 'ad_network_id', 'account_id'],
        horizon=> 7,
        model=>'TimesFM 2.5'

        )
),

f_kpi_10_value AS (
    SELECT
        forecast_timestamp,
        organization_id,
        product_id,
        ad_network_id,
        account_id,
        forecast_value,
        confidence_level,
        prediction_interval_lower_bound,
        prediction_interval_upper_bound
    FROM
        AI.FORECAST((
            SELECT * FROM kpi
        ),
        data_col => 'kpi_10_value',
        timestamp_col => 'date',
        id_cols => ['organization_id', 'product_id', 'ad_network_id', 'account_id'],
        horizon=> 7,
        model=>'TimesFM 2.5'

        )
),


joined AS (
    SELECT
        DATE(f_spend.forecast_timestamp) as date,
        kpi_metadata.organization_id,
        kpi_metadata.product_id,
        kpi_metadata.ad_network_id,
        kpi_metadata.account_id,

        -- Spend forecast
        f_spend.forecast_value as spend,
        f_spend.confidence_level as spend_confidence_level,
        f_spend.prediction_interval_lower_bound as spend_lower_bound,
        f_spend.prediction_interval_upper_bound as spend_upper_bound,

        -- Impressions forecast
        f_impressions.forecast_value as impressions,
        f_impressions.confidence_level as impressions_confidence_level,
        f_impressions.prediction_interval_lower_bound as impressions_lower_bound,
        f_impressions.prediction_interval_upper_bound as impressions_upper_bound,

        -- Clicks forecast
        f_clicks.forecast_value as clicks,
        f_clicks.confidence_level as clicks_confidence_level,
        f_clicks.prediction_interval_lower_bound as clicks_lower_bound,
        f_clicks.prediction_interval_upper_bound as clicks_upper_bound,

        -- Fatigue Score forecast
        f_fatigue_score.forecast_value as fatigue_score,
        f_fatigue_score.confidence_level as fatigue_score_confidence_level,
        f_fatigue_score.prediction_interval_lower_bound as fatigue_score_lower_bound,
        f_fatigue_score.prediction_interval_upper_bound as fatigue_score_upper_bound,

        -- kpi_1_count forecast
        f_kpi_1_count.forecast_value as kpi_1_count,
        f_kpi_1_count.confidence_level as kpi_1_count_confidence_level,
        f_kpi_1_count.prediction_interval_lower_bound as kpi_1_count_lower_bound,
        f_kpi_1_count.prediction_interval_upper_bound as kpi_1_count_upper_bound,

        -- kpi_1_value forecast
        f_kpi_1_value.forecast_value as kpi_1_value,
        f_kpi_1_value.confidence_level as kpi_1_value_confidence_level,
        f_kpi_1_value.prediction_interval_lower_bound as kpi_1_value_lower_bound,
        f_kpi_1_value.prediction_interval_upper_bound as kpi_1_value_upper_bound,



        -- kpi_2_count forecast
        f_kpi_2_count.forecast_value as kpi_2_count,
        f_kpi_2_count.confidence_level as kpi_2_count_confidence_level,
        f_kpi_2_count.prediction_interval_lower_bound as kpi_2_count_lower_bound,
        f_kpi_2_count.prediction_interval_upper_bound as kpi_2_count_upper_bound,

        -- kpi_2_value forecast
        f_kpi_2_value.forecast_value as kpi_2_value,
        f_kpi_2_value.confidence_level as kpi_2_value_confidence_level,
        f_kpi_2_value.prediction_interval_lower_bound as kpi_2_value_lower_bound,
        f_kpi_2_value.prediction_interval_upper_bound as kpi_2_value_upper_bound,



        -- kpi_3_count forecast
        f_kpi_3_count.forecast_value as kpi_3_count,
        f_kpi_3_count.confidence_level as kpi_3_count_confidence_level,
        f_kpi_3_count.prediction_interval_lower_bound as kpi_3_count_lower_bound,
        f_kpi_3_count.prediction_interval_upper_bound as kpi_3_count_upper_bound,

        -- kpi_3_value forecast
        f_kpi_3_value.forecast_value as kpi_3_value,
        f_kpi_3_value.confidence_level as kpi_3_value_confidence_level,
        f_kpi_3_value.prediction_interval_lower_bound as kpi_3_value_lower_bound,
        f_kpi_3_value.prediction_interval_upper_bound as kpi_3_value_upper_bound,


        -- kpi_4_count forecast
        f_kpi_4_count.forecast_value as kpi_4_count,
        f_kpi_4_count.confidence_level as kpi_4_count_confidence_level,
        f_kpi_4_count.prediction_interval_lower_bound as kpi_4_count_lower_bound,
        f_kpi_4_count.prediction_interval_upper_bound as kpi_4_count_upper_bound,

        -- kpi_4_value forecast
        f_kpi_4_value.forecast_value as kpi_4_value,
        f_kpi_4_value.confidence_level as kpi_4_value_confidence_level,
        f_kpi_4_value.prediction_interval_lower_bound as kpi_4_value_lower_bound,
        f_kpi_4_value.prediction_interval_upper_bound as kpi_4_value_upper_bound,



        -- kpi_5_count forecast
        f_kpi_5_count.forecast_value as kpi_5_count,
        f_kpi_5_count.confidence_level as kpi_5_count_confidence_level,
        f_kpi_5_count.prediction_interval_lower_bound as kpi_5_count_lower_bound,
        f_kpi_5_count.prediction_interval_upper_bound as kpi_5_count_upper_bound,

        -- kpi_5_value forecast
        f_kpi_5_value.forecast_value as kpi_5_value,
        f_kpi_5_value.confidence_level as kpi_5_value_confidence_level,
        f_kpi_5_value.prediction_interval_lower_bound as kpi_5_value_lower_bound,
        f_kpi_5_value.prediction_interval_upper_bound as kpi_5_value_upper_bound,



        -- kpi_6_count forecast
        f_kpi_6_count.forecast_value as kpi_6_count,
        f_kpi_6_count.confidence_level as kpi_6_count_confidence_level,
        f_kpi_6_count.prediction_interval_lower_bound as kpi_6_count_lower_bound,
        f_kpi_6_count.prediction_interval_upper_bound as kpi_6_count_upper_bound,

        -- kpi_6_value forecast
        f_kpi_6_value.forecast_value as kpi_6_value,
        f_kpi_6_value.confidence_level as kpi_6_value_confidence_level,
        f_kpi_6_value.prediction_interval_lower_bound as kpi_6_value_lower_bound,
        f_kpi_6_value.prediction_interval_upper_bound as kpi_6_value_upper_bound,



        -- kpi_7_count forecast
        f_kpi_7_count.forecast_value as kpi_7_count,
        f_kpi_7_count.confidence_level as kpi_7_count_confidence_level,
        f_kpi_7_count.prediction_interval_lower_bound as kpi_7_count_lower_bound,
        f_kpi_7_count.prediction_interval_upper_bound as kpi_7_count_upper_bound,

        -- kpi_7_value forecast
        f_kpi_7_value.forecast_value as kpi_7_value,
        f_kpi_7_value.confidence_level as kpi_7_value_confidence_level,
        f_kpi_7_value.prediction_interval_lower_bound as kpi_7_value_lower_bound,
        f_kpi_7_value.prediction_interval_upper_bound as kpi_7_value_upper_bound,



        -- kpi_8_count forecast
        f_kpi_8_count.forecast_value as kpi_8_count,
        f_kpi_8_count.confidence_level as kpi_8_count_confidence_level,
        f_kpi_8_count.prediction_interval_lower_bound as kpi_8_count_lower_bound,
        f_kpi_8_count.prediction_interval_upper_bound as kpi_8_count_upper_bound,

        -- kpi_8_value forecast
        f_kpi_8_value.forecast_value as kpi_8_value,
        f_kpi_8_value.confidence_level as kpi_8_value_confidence_level,
        f_kpi_8_value.prediction_interval_lower_bound as kpi_8_value_lower_bound,
        f_kpi_8_value.prediction_interval_upper_bound as kpi_8_value_upper_bound,



        -- kpi_9_count forecast
        f_kpi_9_count.forecast_value as kpi_9_count,
        f_kpi_9_count.confidence_level as kpi_9_count_confidence_level,
        f_kpi_9_count.prediction_interval_lower_bound as kpi_9_count_lower_bound,
        f_kpi_9_count.prediction_interval_upper_bound as kpi_9_count_upper_bound,

        -- kpi_9_value forecast
        f_kpi_9_value.forecast_value as kpi_9_value,
        f_kpi_9_value.confidence_level as kpi_9_value_confidence_level,
        f_kpi_9_value.prediction_interval_lower_bound as kpi_9_value_lower_bound,
        f_kpi_9_value.prediction_interval_upper_bound as kpi_9_value_upper_bound,



        -- kpi_10_count forecast
        f_kpi_10_count.forecast_value as kpi_10_count,
        f_kpi_10_count.confidence_level as kpi_10_count_confidence_level,
        f_kpi_10_count.prediction_interval_lower_bound as kpi_10_count_lower_bound,
        f_kpi_10_count.prediction_interval_upper_bound as kpi_10_count_upper_bound,

        -- kpi_10_value forecast
        f_kpi_10_value.forecast_value as kpi_10_value,
        f_kpi_10_value.confidence_level as kpi_10_value_confidence_level,
        f_kpi_10_value.prediction_interval_lower_bound as kpi_10_value_lower_bound,
        f_kpi_10_value.prediction_interval_upper_bound as kpi_10_value_upper_bound


    FROM f_spend
    
    INNER JOIN f_impressions
      ON f_spend.organization_id = f_impressions.organization_id
      AND f_spend.product_id = f_impressions.product_id
      AND f_spend.ad_network_id = f_impressions.ad_network_id
      AND f_spend.account_id = f_impressions.account_id
      AND f_spend.forecast_timestamp = f_impressions.forecast_timestamp
    
    INNER JOIN f_clicks
      ON f_spend.organization_id = f_clicks.organization_id
      AND f_spend.product_id = f_clicks.product_id
      AND f_spend.ad_network_id = f_clicks.ad_network_id
      AND f_spend.account_id = f_clicks.account_id
      AND f_spend.forecast_timestamp = f_clicks.forecast_timestamp

    INNER JOIN f_fatigue_score
      ON f_spend.organization_id = f_fatigue_score.organization_id
      AND f_spend.product_id = f_fatigue_score.product_id
      AND f_spend.ad_network_id = f_fatigue_score.ad_network_id
      AND f_spend.account_id = f_fatigue_score.account_id
      AND f_spend.forecast_timestamp = f_fatigue_score.forecast_timestamp

    INNER JOIN f_kpi_1_count
      ON f_spend.organization_id = f_kpi_1_count.organization_id
      AND f_spend.product_id = f_kpi_1_count.product_id
      AND f_spend.ad_network_id = f_kpi_1_count.ad_network_id
      AND f_spend.account_id = f_kpi_1_count.account_id
      AND f_spend.forecast_timestamp = f_kpi_1_count.forecast_timestamp

    INNER JOIN f_kpi_1_value
      ON f_spend.organization_id = f_kpi_1_value.organization_id
      AND f_spend.product_id = f_kpi_1_value.product_id
      AND f_spend.ad_network_id = f_kpi_1_value.ad_network_id
      AND f_spend.account_id = f_kpi_1_value.account_id
      AND f_spend.forecast_timestamp = f_kpi_1_value.forecast_timestamp



    INNER JOIN f_kpi_2_count
      ON f_spend.organization_id = f_kpi_2_count.organization_id
      AND f_spend.product_id = f_kpi_2_count.product_id
      AND f_spend.ad_network_id = f_kpi_2_count.ad_network_id
      AND f_spend.account_id = f_kpi_2_count.account_id
      AND f_spend.forecast_timestamp = f_kpi_2_count.forecast_timestamp

    INNER JOIN f_kpi_2_value
      ON f_spend.organization_id = f_kpi_2_value.organization_id
      AND f_spend.product_id = f_kpi_2_value.product_id
      AND f_spend.ad_network_id = f_kpi_2_value.ad_network_id
      AND f_spend.account_id = f_kpi_2_value.account_id
      AND f_spend.forecast_timestamp = f_kpi_2_value.forecast_timestamp


    INNER JOIN f_kpi_3_count
      ON f_spend.organization_id = f_kpi_3_count.organization_id
      AND f_spend.product_id = f_kpi_3_count.product_id
      AND f_spend.ad_network_id = f_kpi_3_count.ad_network_id
      AND f_spend.account_id = f_kpi_3_count.account_id
      AND f_spend.forecast_timestamp = f_kpi_3_count.forecast_timestamp

    INNER JOIN f_kpi_3_value
      ON f_spend.organization_id = f_kpi_3_value.organization_id
      AND f_spend.product_id = f_kpi_3_value.product_id
      AND f_spend.ad_network_id = f_kpi_3_value.ad_network_id
      AND f_spend.account_id = f_kpi_3_value.account_id
      AND f_spend.forecast_timestamp = f_kpi_3_value.forecast_timestamp


    INNER JOIN f_kpi_4_count
      ON f_spend.organization_id = f_kpi_4_count.organization_id
      AND f_spend.product_id = f_kpi_4_count.product_id
      AND f_spend.ad_network_id = f_kpi_4_count.ad_network_id
      AND f_spend.account_id = f_kpi_4_count.account_id
      AND f_spend.forecast_timestamp = f_kpi_4_count.forecast_timestamp

    INNER JOIN f_kpi_4_value
      ON f_spend.organization_id = f_kpi_4_value.organization_id
      AND f_spend.product_id = f_kpi_4_value.product_id
      AND f_spend.ad_network_id = f_kpi_4_value.ad_network_id
      AND f_spend.account_id = f_kpi_4_value.account_id
      AND f_spend.forecast_timestamp = f_kpi_4_value.forecast_timestamp


    INNER JOIN f_kpi_5_count
      ON f_spend.organization_id = f_kpi_5_count.organization_id
      AND f_spend.product_id = f_kpi_5_count.product_id
      AND f_spend.ad_network_id = f_kpi_5_count.ad_network_id
      AND f_spend.account_id = f_kpi_5_count.account_id
      AND f_spend.forecast_timestamp = f_kpi_5_count.forecast_timestamp

    INNER JOIN f_kpi_5_value
      ON f_spend.organization_id = f_kpi_5_value.organization_id
      AND f_spend.product_id = f_kpi_5_value.product_id
      AND f_spend.ad_network_id = f_kpi_5_value.ad_network_id
      AND f_spend.account_id = f_kpi_5_value.account_id
      AND f_spend.forecast_timestamp = f_kpi_5_value.forecast_timestamp


    INNER JOIN f_kpi_6_count
      ON f_spend.organization_id = f_kpi_6_count.organization_id
      AND f_spend.product_id = f_kpi_6_count.product_id
      AND f_spend.ad_network_id = f_kpi_6_count.ad_network_id
      AND f_spend.account_id = f_kpi_6_count.account_id
      AND f_spend.forecast_timestamp = f_kpi_6_count.forecast_timestamp

    INNER JOIN f_kpi_6_value
      ON f_spend.organization_id = f_kpi_6_value.organization_id
      AND f_spend.product_id = f_kpi_6_value.product_id
      AND f_spend.ad_network_id = f_kpi_6_value.ad_network_id
      AND f_spend.account_id = f_kpi_6_value.account_id
      AND f_spend.forecast_timestamp = f_kpi_6_value.forecast_timestamp


    INNER JOIN f_kpi_7_count
      ON f_spend.organization_id = f_kpi_7_count.organization_id
      AND f_spend.product_id = f_kpi_7_count.product_id
      AND f_spend.ad_network_id = f_kpi_7_count.ad_network_id
      AND f_spend.account_id = f_kpi_7_count.account_id
      AND f_spend.forecast_timestamp = f_kpi_7_count.forecast_timestamp

    INNER JOIN f_kpi_7_value
      ON f_spend.organization_id = f_kpi_7_value.organization_id
      AND f_spend.product_id = f_kpi_7_value.product_id
      AND f_spend.ad_network_id = f_kpi_7_value.ad_network_id
      AND f_spend.account_id = f_kpi_7_value.account_id
      AND f_spend.forecast_timestamp = f_kpi_7_value.forecast_timestamp


    INNER JOIN f_kpi_8_count
      ON f_spend.organization_id = f_kpi_8_count.organization_id
      AND f_spend.product_id = f_kpi_8_count.product_id
      AND f_spend.ad_network_id = f_kpi_8_count.ad_network_id
      AND f_spend.account_id = f_kpi_8_count.account_id
      AND f_spend.forecast_timestamp = f_kpi_8_count.forecast_timestamp

    INNER JOIN f_kpi_8_value
      ON f_spend.organization_id = f_kpi_8_value.organization_id
      AND f_spend.product_id = f_kpi_8_value.product_id
      AND f_spend.ad_network_id = f_kpi_8_value.ad_network_id
      AND f_spend.account_id = f_kpi_8_value.account_id
      AND f_spend.forecast_timestamp = f_kpi_8_value.forecast_timestamp


    INNER JOIN f_kpi_9_count
      ON f_spend.organization_id = f_kpi_9_count.organization_id
      AND f_spend.product_id = f_kpi_9_count.product_id
      AND f_spend.ad_network_id = f_kpi_9_count.ad_network_id
      AND f_spend.account_id = f_kpi_9_count.account_id
      AND f_spend.forecast_timestamp = f_kpi_9_count.forecast_timestamp

    INNER JOIN f_kpi_9_value
      ON f_spend.organization_id = f_kpi_9_value.organization_id
      AND f_spend.product_id = f_kpi_9_value.product_id
      AND f_spend.ad_network_id = f_kpi_9_value.ad_network_id
      AND f_spend.account_id = f_kpi_9_value.account_id
      AND f_spend.forecast_timestamp = f_kpi_9_value.forecast_timestamp


    INNER JOIN f_kpi_10_count
      ON f_spend.organization_id = f_kpi_10_count.organization_id
      AND f_spend.product_id = f_kpi_10_count.product_id
      AND f_spend.ad_network_id = f_kpi_10_count.ad_network_id
      AND f_spend.account_id = f_kpi_10_count.account_id
      AND f_spend.forecast_timestamp = f_kpi_10_count.forecast_timestamp

    INNER JOIN f_kpi_10_value
      ON f_spend.organization_id = f_kpi_10_value.organization_id
      AND f_spend.product_id = f_kpi_10_value.product_id
      AND f_spend.ad_network_id = f_kpi_10_value.ad_network_id
      AND f_spend.account_id = f_kpi_10_value.account_id
      AND f_spend.forecast_timestamp = f_kpi_10_value.forecast_timestamp

    LEFT JOIN kpi_metadata
      ON f_spend.organization_id = kpi_metadata.organization_id
      AND f_spend.product_id = kpi_metadata.product_id
      AND f_spend.ad_network_id = kpi_metadata.ad_network_id
      AND f_spend.account_id = kpi_metadata.account_id
    
    ORDER BY account_id, date
)

SELECT * FROM joined
    );
  
[0m21:01:17.402226 [debug] [Thread-2 (]: Writing runtime sql for node "model.analytics.forecast_creative_daily"
[0m21:01:17.403915 [debug] [Thread-2 (]: On model.analytics.forecast_creative_daily: /* {"app": "dbt", "dbt_version": "1.11.2", "profile_name": "default", "target_name": "dev", "node_id": "model.analytics.forecast_creative_daily"} */

  
    

    create or replace table `res-analytics`.`cortex`.`forecast_creative_daily`
      
    
    

    
    OPTIONS()
    as (
      WITH
active_ads AS (
    SELECT
        ad_id
    FROM `res-analytics`.`com_allied`.`kpi_creative_daily`
    WHERE 
        latest_date = DATE_SUB(CURRENT_DATE(), INTERVAL 2 DAY) -- Always process from the last full day.
),

kpi AS (
    SELECT
    *
    FROM `res-analytics`.`com_allied`.`kpi_creative_daily`
    WHERE ad_id IN (SELECT ad_id FROM active_ads)
),

kpi_metadata AS (
    SELECT DISTINCT
        organization_id,
        product_id,
        ad_network_id,
        account_id,
        campaign_id,
        campaign_name,
        adset_id,
        adset_name,
        ad_id,
        ad_name
    FROM kpi
),

f_spend AS (
    SELECT
        forecast_timestamp,
        organization_id,
        product_id,
        ad_network_id,
        account_id,
        campaign_id,
        adset_id,
        ad_id,
        forecast_value,
        confidence_level,
        prediction_interval_lower_bound,
        prediction_interval_upper_bound
    FROM
        AI.FORECAST((
            SELECT * FROM kpi
        ),
        data_col => 'spend',
        timestamp_col => 'date',
        id_cols => ['organization_id', 'product_id', 'ad_network_id', 'account_id', 'campaign_id', 'adset_id', 'ad_id'],
        horizon=> 7,
        model=>'TimesFM 2.5'

        )
),

f_impressions AS (
    SELECT
        forecast_timestamp,
        organization_id,
        product_id,
        ad_network_id,
        account_id,
        campaign_id,
        adset_id,
        ad_id,
        forecast_value,
        confidence_level,
        prediction_interval_lower_bound,
        prediction_interval_upper_bound
    FROM
        AI.FORECAST((
            SELECT * FROM kpi
        ),
        data_col => 'impressions',
        timestamp_col => 'date',
        id_cols => ['organization_id', 'product_id', 'ad_network_id', 'account_id', 'campaign_id', 'adset_id', 'ad_id'],
        horizon=> 7,
        model=>'TimesFM 2.5'

        )
),

f_clicks AS (
    SELECT
        forecast_timestamp,
        organization_id,
        product_id,
        ad_network_id,
        account_id,
        campaign_id,
        adset_id,
        ad_id,
        forecast_value,
        confidence_level,
        prediction_interval_lower_bound,
        prediction_interval_upper_bound
    FROM
        AI.FORECAST((
            SELECT * FROM kpi
        ),
        data_col => 'clicks',
        timestamp_col => 'date',
        id_cols => ['organization_id', 'product_id', 'ad_network_id', 'account_id', 'campaign_id', 'adset_id', 'ad_id'],
        horizon=> 7,
        model=>'TimesFM 2.5'

        )
),

f_fatigue_score AS (
    SELECT
        forecast_timestamp,
        organization_id,
        product_id,
        ad_network_id,
        account_id,
        campaign_id,
        adset_id,
        ad_id,
        forecast_value,
        confidence_level,
        prediction_interval_lower_bound,
        prediction_interval_upper_bound
    FROM
        AI.FORECAST((
            SELECT * FROM kpi
        ),
        data_col => 'fatigue_score',
        timestamp_col => 'date',
        id_cols => ['organization_id', 'product_id', 'ad_network_id', 'account_id', 'campaign_id', 'adset_id', 'ad_id'],
        horizon=> 7,
        model=>'TimesFM 2.5'

        )
),


f_kpi_1_count AS (
    SELECT
        forecast_timestamp,
        organization_id,
        product_id,
        ad_network_id,
        account_id,
        campaign_id,
        adset_id,
        ad_id,
        forecast_value,
        confidence_level,
        prediction_interval_lower_bound,
        prediction_interval_upper_bound
    FROM
        AI.FORECAST((
            SELECT * FROM kpi
        ),
        data_col => 'kpi_1_count',
        timestamp_col => 'date',
        id_cols => ['organization_id', 'product_id', 'ad_network_id', 'account_id', 'campaign_id', 'adset_id', 'ad_id'],
        horizon=> 7,
        model=>'TimesFM 2.5'

        )
),

f_kpi_1_value AS (
    SELECT
        forecast_timestamp,
        organization_id,
        product_id,
        ad_network_id,
        account_id,
        campaign_id,
        adset_id,
        ad_id,
        forecast_value,
        confidence_level,
        prediction_interval_lower_bound,
        prediction_interval_upper_bound
    FROM
        AI.FORECAST((
            SELECT * FROM kpi
        ),
        data_col => 'kpi_1_value',
        timestamp_col => 'date',
        id_cols => ['organization_id', 'product_id', 'ad_network_id', 'account_id', 'campaign_id', 'adset_id', 'ad_id'],
        horizon=> 7,
        model=>'TimesFM 2.5'

        )
),


f_kpi_2_count AS (
    SELECT
        forecast_timestamp,
        organization_id,
        product_id,
        ad_network_id,
        account_id,
        campaign_id,
        adset_id,
        ad_id,
        forecast_value,
        confidence_level,
        prediction_interval_lower_bound,
        prediction_interval_upper_bound
    FROM
        AI.FORECAST((
            SELECT * FROM kpi
        ),
        data_col => 'kpi_2_count',
        timestamp_col => 'date',
        id_cols => ['organization_id', 'product_id', 'ad_network_id', 'account_id', 'campaign_id', 'adset_id', 'ad_id'],
        horizon=> 7,
        model=>'TimesFM 2.5'

        )
),

f_kpi_2_value AS (
    SELECT
        forecast_timestamp,
        organization_id,
        product_id,
        ad_network_id,
        account_id,
        campaign_id,
        adset_id,
        ad_id,
        forecast_value,
        confidence_level,
        prediction_interval_lower_bound,
        prediction_interval_upper_bound
    FROM
        AI.FORECAST((
            SELECT * FROM kpi
        ),
        data_col => 'kpi_2_value',
        timestamp_col => 'date',
        id_cols => ['organization_id', 'product_id', 'ad_network_id', 'account_id', 'campaign_id', 'adset_id', 'ad_id'],
        horizon=> 7,
        model=>'TimesFM 2.5'

        )
),


f_kpi_3_count AS (
    SELECT
        forecast_timestamp,
        organization_id,
        product_id,
        ad_network_id,
        account_id,
        campaign_id,
        adset_id,
        ad_id,
        forecast_value,
        confidence_level,
        prediction_interval_lower_bound,
        prediction_interval_upper_bound
    FROM
        AI.FORECAST((
            SELECT * FROM kpi
        ),
        data_col => 'kpi_3_count',
        timestamp_col => 'date',
        id_cols => ['organization_id', 'product_id', 'ad_network_id', 'account_id', 'campaign_id', 'adset_id', 'ad_id'],
        horizon=> 7,
        model=>'TimesFM 2.5'

        )
),

f_kpi_3_value AS (
    SELECT
        forecast_timestamp,
        organization_id,
        product_id,
        ad_network_id,
        account_id,
        campaign_id,
        adset_id,
        ad_id,
        forecast_value,
        confidence_level,
        prediction_interval_lower_bound,
        prediction_interval_upper_bound
    FROM
        AI.FORECAST((
            SELECT * FROM kpi
        ),
        data_col => 'kpi_3_value',
        timestamp_col => 'date',
        id_cols => ['organization_id', 'product_id', 'ad_network_id', 'account_id', 'campaign_id', 'adset_id', 'ad_id'],
        horizon=> 7,
        model=>'TimesFM 2.5'

        )
),


f_kpi_4_count AS (
    SELECT
        forecast_timestamp,
        organization_id,
        product_id,
        ad_network_id,
        account_id,
        campaign_id,
        adset_id,
        ad_id,
        forecast_value,
        confidence_level,
        prediction_interval_lower_bound,
        prediction_interval_upper_bound
    FROM
        AI.FORECAST((
            SELECT * FROM kpi
        ),
        data_col => 'kpi_4_count',
        timestamp_col => 'date',
        id_cols => ['organization_id', 'product_id', 'ad_network_id', 'account_id', 'campaign_id', 'adset_id', 'ad_id'],
        horizon=> 7,
        model=>'TimesFM 2.5'

        )
),

f_kpi_4_value AS (
    SELECT
        forecast_timestamp,
        organization_id,
        product_id,
        ad_network_id,
        account_id,
        campaign_id,
        adset_id,
        ad_id,
        forecast_value,
        confidence_level,
        prediction_interval_lower_bound,
        prediction_interval_upper_bound
    FROM
        AI.FORECAST((
            SELECT * FROM kpi
        ),
        data_col => 'kpi_4_value',
        timestamp_col => 'date',
        id_cols => ['organization_id', 'product_id', 'ad_network_id', 'account_id', 'campaign_id', 'adset_id', 'ad_id'],
        horizon=> 7,
        model=>'TimesFM 2.5'

        )
),


f_kpi_5_count AS (
    SELECT
        forecast_timestamp,
        organization_id,
        product_id,
        ad_network_id,
        account_id,
        campaign_id,
        adset_id,
        ad_id,
        forecast_value,
        confidence_level,
        prediction_interval_lower_bound,
        prediction_interval_upper_bound
    FROM
        AI.FORECAST((
            SELECT * FROM kpi
        ),
        data_col => 'kpi_5_count',
        timestamp_col => 'date',
        id_cols => ['organization_id', 'product_id', 'ad_network_id', 'account_id', 'campaign_id', 'adset_id', 'ad_id'],
        horizon=> 7,
        model=>'TimesFM 2.5'

        )
),

f_kpi_5_value AS (
    SELECT
        forecast_timestamp,
        organization_id,
        product_id,
        ad_network_id,
        account_id,
        campaign_id,
        adset_id,
        ad_id,
        forecast_value,
        confidence_level,
        prediction_interval_lower_bound,
        prediction_interval_upper_bound
    FROM
        AI.FORECAST((
            SELECT * FROM kpi
        ),
        data_col => 'kpi_5_value',
        timestamp_col => 'date',
        id_cols => ['organization_id', 'product_id', 'ad_network_id', 'account_id', 'campaign_id', 'adset_id', 'ad_id'],
        horizon=> 7,
        model=>'TimesFM 2.5'

        )
),


f_kpi_6_count AS (
    SELECT
        forecast_timestamp,
        organization_id,
        product_id,
        ad_network_id,
        account_id,
        campaign_id,
        adset_id,
        ad_id,
        forecast_value,
        confidence_level,
        prediction_interval_lower_bound,
        prediction_interval_upper_bound
    FROM
        AI.FORECAST((
            SELECT * FROM kpi
        ),
        data_col => 'kpi_6_count',
        timestamp_col => 'date',
        id_cols => ['organization_id', 'product_id', 'ad_network_id', 'account_id', 'campaign_id', 'adset_id', 'ad_id'],
        horizon=> 7,
        model=>'TimesFM 2.5'

        )
),

f_kpi_6_value AS (
    SELECT
        forecast_timestamp,
        organization_id,
        product_id,
        ad_network_id,
        account_id,
        campaign_id,
        adset_id,
        ad_id,
        forecast_value,
        confidence_level,
        prediction_interval_lower_bound,
        prediction_interval_upper_bound
    FROM
        AI.FORECAST((
            SELECT * FROM kpi
        ),
        data_col => 'kpi_6_value',
        timestamp_col => 'date',
        id_cols => ['organization_id', 'product_id', 'ad_network_id', 'account_id', 'campaign_id', 'adset_id', 'ad_id'],
        horizon=> 7,
        model=>'TimesFM 2.5'

        )
),


f_kpi_7_count AS (
    SELECT
        forecast_timestamp,
        organization_id,
        product_id,
        ad_network_id,
        account_id,
        campaign_id,
        adset_id,
        ad_id,
        forecast_value,
        confidence_level,
        prediction_interval_lower_bound,
        prediction_interval_upper_bound
    FROM
        AI.FORECAST((
            SELECT * FROM kpi
        ),
        data_col => 'kpi_7_count',
        timestamp_col => 'date',
        id_cols => ['organization_id', 'product_id', 'ad_network_id', 'account_id', 'campaign_id', 'adset_id', 'ad_id'],
        horizon=> 7,
        model=>'TimesFM 2.5'

        )
),

f_kpi_7_value AS (
    SELECT
        forecast_timestamp,
        organization_id,
        product_id,
        ad_network_id,
        account_id,
        campaign_id,
        adset_id,
        ad_id,
        forecast_value,
        confidence_level,
        prediction_interval_lower_bound,
        prediction_interval_upper_bound
    FROM
        AI.FORECAST((
            SELECT * FROM kpi
        ),
        data_col => 'kpi_7_value',
        timestamp_col => 'date',
        id_cols => ['organization_id', 'product_id', 'ad_network_id', 'account_id', 'campaign_id', 'adset_id', 'ad_id'],
        horizon=> 7,
        model=>'TimesFM 2.5'

        )
),


f_kpi_8_count AS (
    SELECT
        forecast_timestamp,
        organization_id,
        product_id,
        ad_network_id,
        account_id,
        campaign_id,
        adset_id,
        ad_id,
        forecast_value,
        confidence_level,
        prediction_interval_lower_bound,
        prediction_interval_upper_bound
    FROM
        AI.FORECAST((
            SELECT * FROM kpi
        ),
        data_col => 'kpi_8_count',
        timestamp_col => 'date',
        id_cols => ['organization_id', 'product_id', 'ad_network_id', 'account_id', 'campaign_id', 'adset_id', 'ad_id'],
        horizon=> 7,
        model=>'TimesFM 2.5'

        )
),

f_kpi_8_value AS (
    SELECT
        forecast_timestamp,
        organization_id,
        product_id,
        ad_network_id,
        account_id,
        campaign_id,
        adset_id,
        ad_id,
        forecast_value,
        confidence_level,
        prediction_interval_lower_bound,
        prediction_interval_upper_bound
    FROM
        AI.FORECAST((
            SELECT * FROM kpi
        ),
        data_col => 'kpi_8_value',
        timestamp_col => 'date',
        id_cols => ['organization_id', 'product_id', 'ad_network_id', 'account_id', 'campaign_id', 'adset_id', 'ad_id'],
        horizon=> 7,
        model=>'TimesFM 2.5'

        )
),


f_kpi_9_count AS (
    SELECT
        forecast_timestamp,
        organization_id,
        product_id,
        ad_network_id,
        account_id,
        campaign_id,
        adset_id,
        ad_id,
        forecast_value,
        confidence_level,
        prediction_interval_lower_bound,
        prediction_interval_upper_bound
    FROM
        AI.FORECAST((
            SELECT * FROM kpi
        ),
        data_col => 'kpi_9_count',
        timestamp_col => 'date',
        id_cols => ['organization_id', 'product_id', 'ad_network_id', 'account_id', 'campaign_id', 'adset_id', 'ad_id'],
        horizon=> 7,
        model=>'TimesFM 2.5'

        )
),

f_kpi_9_value AS (
    SELECT
        forecast_timestamp,
        organization_id,
        product_id,
        ad_network_id,
        account_id,
        campaign_id,
        adset_id,
        ad_id,
        forecast_value,
        confidence_level,
        prediction_interval_lower_bound,
        prediction_interval_upper_bound
    FROM
        AI.FORECAST((
            SELECT * FROM kpi
        ),
        data_col => 'kpi_9_value',
        timestamp_col => 'date',
        id_cols => ['organization_id', 'product_id', 'ad_network_id', 'account_id', 'campaign_id', 'adset_id', 'ad_id'],
        horizon=> 7,
        model=>'TimesFM 2.5'

        )
),


f_kpi_10_count AS (
    SELECT
        forecast_timestamp,
        organization_id,
        product_id,
        ad_network_id,
        account_id,
        campaign_id,
        adset_id,
        ad_id,
        forecast_value,
        confidence_level,
        prediction_interval_lower_bound,
        prediction_interval_upper_bound
    FROM
        AI.FORECAST((
            SELECT * FROM kpi
        ),
        data_col => 'kpi_10_count',
        timestamp_col => 'date',
        id_cols => ['organization_id', 'product_id', 'ad_network_id', 'account_id', 'campaign_id', 'adset_id', 'ad_id'],
        horizon=> 7,
        model=>'TimesFM 2.5'

        )
),

f_kpi_10_value AS (
    SELECT
        forecast_timestamp,
        organization_id,
        product_id,
        ad_network_id,
        account_id,
        campaign_id,
        adset_id,
        ad_id,
        forecast_value,
        confidence_level,
        prediction_interval_lower_bound,
        prediction_interval_upper_bound
    FROM
        AI.FORECAST((
            SELECT * FROM kpi
        ),
        data_col => 'kpi_10_value',
        timestamp_col => 'date',
        id_cols => ['organization_id', 'product_id', 'ad_network_id', 'account_id', 'campaign_id', 'adset_id', 'ad_id'],
        horizon=> 7,
        model=>'TimesFM 2.5'

        )
),


joined AS (
    SELECT
        DATE(f_spend.forecast_timestamp) as date,
        kpi_metadata.organization_id,
        kpi_metadata.product_id,
        kpi_metadata.ad_network_id,
        kpi_metadata.account_id,
        kpi_metadata.campaign_id,
        kpi_metadata.campaign_name,
        kpi_metadata.adset_id,
        kpi_metadata.adset_name,
        kpi_metadata.ad_id,
        kpi_metadata.ad_name,

        -- Spend forecast
        f_spend.forecast_value as spend,
        f_spend.confidence_level as spend_confidence_level,
        f_spend.prediction_interval_lower_bound as spend_lower_bound,
        f_spend.prediction_interval_upper_bound as spend_upper_bound,

        -- Impressions forecast
        f_impressions.forecast_value as impressions,
        f_impressions.confidence_level as impressions_confidence_level,
        f_impressions.prediction_interval_lower_bound as impressions_lower_bound,
        f_impressions.prediction_interval_upper_bound as impressions_upper_bound,

        -- Clicks forecast
        f_clicks.forecast_value as clicks,
        f_clicks.confidence_level as clicks_confidence_level,
        f_clicks.prediction_interval_lower_bound as clicks_lower_bound,
        f_clicks.prediction_interval_upper_bound as clicks_upper_bound,

        -- Fatigue Score forecast
        f_fatigue_score.forecast_value as fatigue_score,
        f_fatigue_score.confidence_level as fatigue_score_confidence_level,
        f_fatigue_score.prediction_interval_lower_bound as fatigue_score_lower_bound,
        f_fatigue_score.prediction_interval_upper_bound as fatigue_score_upper_bound,


        -- kpi_1_count forecast
        f_kpi_1_count.forecast_value as kpi_1_count,
        f_kpi_1_count.confidence_level as kpi_1_count_confidence_level,
        f_kpi_1_count.prediction_interval_lower_bound as kpi_1_count_lower_bound,
        f_kpi_1_count.prediction_interval_upper_bound as kpi_1_count_upper_bound,

        -- kpi_1_value forecast
        f_kpi_1_value.forecast_value as kpi_1_value,
        f_kpi_1_value.confidence_level as kpi_1_value_confidence_level,
        f_kpi_1_value.prediction_interval_lower_bound as kpi_1_value_lower_bound,
        f_kpi_1_value.prediction_interval_upper_bound as kpi_1_value_upper_bound,



        -- kpi_2_count forecast
        f_kpi_2_count.forecast_value as kpi_2_count,
        f_kpi_2_count.confidence_level as kpi_2_count_confidence_level,
        f_kpi_2_count.prediction_interval_lower_bound as kpi_2_count_lower_bound,
        f_kpi_2_count.prediction_interval_upper_bound as kpi_2_count_upper_bound,

        -- kpi_2_value forecast
        f_kpi_2_value.forecast_value as kpi_2_value,
        f_kpi_2_value.confidence_level as kpi_2_value_confidence_level,
        f_kpi_2_value.prediction_interval_lower_bound as kpi_2_value_lower_bound,
        f_kpi_2_value.prediction_interval_upper_bound as kpi_2_value_upper_bound,



        -- kpi_3_count forecast
        f_kpi_3_count.forecast_value as kpi_3_count,
        f_kpi_3_count.confidence_level as kpi_3_count_confidence_level,
        f_kpi_3_count.prediction_interval_lower_bound as kpi_3_count_lower_bound,
        f_kpi_3_count.prediction_interval_upper_bound as kpi_3_count_upper_bound,

        -- kpi_3_value forecast
        f_kpi_3_value.forecast_value as kpi_3_value,
        f_kpi_3_value.confidence_level as kpi_3_value_confidence_level,
        f_kpi_3_value.prediction_interval_lower_bound as kpi_3_value_lower_bound,
        f_kpi_3_value.prediction_interval_upper_bound as kpi_3_value_upper_bound,


        -- kpi_4_count forecast
        f_kpi_4_count.forecast_value as kpi_4_count,
        f_kpi_4_count.confidence_level as kpi_4_count_confidence_level,
        f_kpi_4_count.prediction_interval_lower_bound as kpi_4_count_lower_bound,
        f_kpi_4_count.prediction_interval_upper_bound as kpi_4_count_upper_bound,

        -- kpi_4_value forecast
        f_kpi_4_value.forecast_value as kpi_4_value,
        f_kpi_4_value.confidence_level as kpi_4_value_confidence_level,
        f_kpi_4_value.prediction_interval_lower_bound as kpi_4_value_lower_bound,
        f_kpi_4_value.prediction_interval_upper_bound as kpi_4_value_upper_bound,



        -- kpi_5_count forecast
        f_kpi_5_count.forecast_value as kpi_5_count,
        f_kpi_5_count.confidence_level as kpi_5_count_confidence_level,
        f_kpi_5_count.prediction_interval_lower_bound as kpi_5_count_lower_bound,
        f_kpi_5_count.prediction_interval_upper_bound as kpi_5_count_upper_bound,

        -- kpi_5_value forecast
        f_kpi_5_value.forecast_value as kpi_5_value,
        f_kpi_5_value.confidence_level as kpi_5_value_confidence_level,
        f_kpi_5_value.prediction_interval_lower_bound as kpi_5_value_lower_bound,
        f_kpi_5_value.prediction_interval_upper_bound as kpi_5_value_upper_bound,



        -- kpi_6_count forecast
        f_kpi_6_count.forecast_value as kpi_6_count,
        f_kpi_6_count.confidence_level as kpi_6_count_confidence_level,
        f_kpi_6_count.prediction_interval_lower_bound as kpi_6_count_lower_bound,
        f_kpi_6_count.prediction_interval_upper_bound as kpi_6_count_upper_bound,

        -- kpi_6_value forecast
        f_kpi_6_value.forecast_value as kpi_6_value,
        f_kpi_6_value.confidence_level as kpi_6_value_confidence_level,
        f_kpi_6_value.prediction_interval_lower_bound as kpi_6_value_lower_bound,
        f_kpi_6_value.prediction_interval_upper_bound as kpi_6_value_upper_bound,



        -- kpi_7_count forecast
        f_kpi_7_count.forecast_value as kpi_7_count,
        f_kpi_7_count.confidence_level as kpi_7_count_confidence_level,
        f_kpi_7_count.prediction_interval_lower_bound as kpi_7_count_lower_bound,
        f_kpi_7_count.prediction_interval_upper_bound as kpi_7_count_upper_bound,

        -- kpi_7_value forecast
        f_kpi_7_value.forecast_value as kpi_7_value,
        f_kpi_7_value.confidence_level as kpi_7_value_confidence_level,
        f_kpi_7_value.prediction_interval_lower_bound as kpi_7_value_lower_bound,
        f_kpi_7_value.prediction_interval_upper_bound as kpi_7_value_upper_bound,



        -- kpi_8_count forecast
        f_kpi_8_count.forecast_value as kpi_8_count,
        f_kpi_8_count.confidence_level as kpi_8_count_confidence_level,
        f_kpi_8_count.prediction_interval_lower_bound as kpi_8_count_lower_bound,
        f_kpi_8_count.prediction_interval_upper_bound as kpi_8_count_upper_bound,

        -- kpi_8_value forecast
        f_kpi_8_value.forecast_value as kpi_8_value,
        f_kpi_8_value.confidence_level as kpi_8_value_confidence_level,
        f_kpi_8_value.prediction_interval_lower_bound as kpi_8_value_lower_bound,
        f_kpi_8_value.prediction_interval_upper_bound as kpi_8_value_upper_bound,



        -- kpi_9_count forecast
        f_kpi_9_count.forecast_value as kpi_9_count,
        f_kpi_9_count.confidence_level as kpi_9_count_confidence_level,
        f_kpi_9_count.prediction_interval_lower_bound as kpi_9_count_lower_bound,
        f_kpi_9_count.prediction_interval_upper_bound as kpi_9_count_upper_bound,

        -- kpi_9_value forecast
        f_kpi_9_value.forecast_value as kpi_9_value,
        f_kpi_9_value.confidence_level as kpi_9_value_confidence_level,
        f_kpi_9_value.prediction_interval_lower_bound as kpi_9_value_lower_bound,
        f_kpi_9_value.prediction_interval_upper_bound as kpi_9_value_upper_bound,



        -- kpi_10_count forecast
        f_kpi_10_count.forecast_value as kpi_10_count,
        f_kpi_10_count.confidence_level as kpi_10_count_confidence_level,
        f_kpi_10_count.prediction_interval_lower_bound as kpi_10_count_lower_bound,
        f_kpi_10_count.prediction_interval_upper_bound as kpi_10_count_upper_bound,

        -- kpi_10_value forecast
        f_kpi_10_value.forecast_value as kpi_10_value,
        f_kpi_10_value.confidence_level as kpi_10_value_confidence_level,
        f_kpi_10_value.prediction_interval_lower_bound as kpi_10_value_lower_bound,
        f_kpi_10_value.prediction_interval_upper_bound as kpi_10_value_upper_bound

    FROM f_spend
    
    INNER JOIN f_impressions
      ON f_spend.organization_id = f_impressions.organization_id
      AND f_spend.product_id = f_impressions.product_id
      AND f_spend.ad_network_id = f_impressions.ad_network_id
      AND f_spend.account_id = f_impressions.account_id
      AND f_spend.campaign_id = f_impressions.campaign_id
      AND f_spend.adset_id = f_impressions.adset_id
      AND f_spend.ad_id = f_impressions.ad_id
      AND f_spend.forecast_timestamp = f_impressions.forecast_timestamp
    
    INNER JOIN f_clicks
      ON f_spend.organization_id = f_clicks.organization_id
      AND f_spend.product_id = f_clicks.product_id
      AND f_spend.ad_network_id = f_clicks.ad_network_id
      AND f_spend.account_id = f_clicks.account_id
      AND f_spend.campaign_id = f_clicks.campaign_id
      AND f_spend.adset_id = f_clicks.adset_id
      AND f_spend.ad_id = f_clicks.ad_id
      AND f_spend.forecast_timestamp = f_clicks.forecast_timestamp

    INNER JOIN f_fatigue_score
      ON f_spend.organization_id = f_fatigue_score.organization_id
      AND f_spend.product_id = f_fatigue_score.product_id
      AND f_spend.ad_network_id = f_fatigue_score.ad_network_id
      AND f_spend.account_id = f_fatigue_score.account_id
      AND f_spend.campaign_id = f_fatigue_score.campaign_id
      AND f_spend.adset_id = f_fatigue_score.adset_id
      AND f_spend.ad_id = f_fatigue_score.ad_id
      AND f_spend.forecast_timestamp = f_fatigue_score.forecast_timestamp


    INNER JOIN f_kpi_1_count
      ON f_spend.organization_id = f_kpi_1_count.organization_id
      AND f_spend.product_id = f_kpi_1_count.product_id
      AND f_spend.ad_network_id = f_kpi_1_count.ad_network_id
      AND f_spend.account_id = f_kpi_1_count.account_id
      AND f_spend.campaign_id = f_kpi_1_count.campaign_id
      AND f_spend.adset_id = f_kpi_1_count.adset_id
      AND f_spend.ad_id = f_kpi_1_count.ad_id
      AND f_spend.forecast_timestamp = f_kpi_1_count.forecast_timestamp

    INNER JOIN f_kpi_1_value
      ON f_spend.organization_id = f_kpi_1_value.organization_id
      AND f_spend.product_id = f_kpi_1_value.product_id
      AND f_spend.ad_network_id = f_kpi_1_value.ad_network_id
      AND f_spend.account_id = f_kpi_1_value.account_id
      AND f_spend.campaign_id = f_kpi_1_value.campaign_id
      AND f_spend.adset_id = f_kpi_1_value.adset_id
      AND f_spend.ad_id = f_kpi_1_value.ad_id
      AND f_spend.forecast_timestamp = f_kpi_1_value.forecast_timestamp



    INNER JOIN f_kpi_2_count
      ON f_spend.organization_id = f_kpi_2_count.organization_id
      AND f_spend.product_id = f_kpi_2_count.product_id
      AND f_spend.ad_network_id = f_kpi_2_count.ad_network_id
      AND f_spend.account_id = f_kpi_2_count.account_id
      AND f_spend.campaign_id = f_kpi_2_count.campaign_id
      AND f_spend.adset_id = f_kpi_2_count.adset_id
      AND f_spend.ad_id = f_kpi_2_count.ad_id
      AND f_spend.forecast_timestamp = f_kpi_2_count.forecast_timestamp

    INNER JOIN f_kpi_2_value
      ON f_spend.organization_id = f_kpi_2_value.organization_id
      AND f_spend.product_id = f_kpi_2_value.product_id
      AND f_spend.ad_network_id = f_kpi_2_value.ad_network_id
      AND f_spend.account_id = f_kpi_2_value.account_id
      AND f_spend.campaign_id = f_kpi_2_value.campaign_id
      AND f_spend.adset_id = f_kpi_2_value.adset_id
      AND f_spend.ad_id = f_kpi_2_value.ad_id
      AND f_spend.forecast_timestamp = f_kpi_2_value.forecast_timestamp


    INNER JOIN f_kpi_3_count
      ON f_spend.organization_id = f_kpi_3_count.organization_id
      AND f_spend.product_id = f_kpi_3_count.product_id
      AND f_spend.ad_network_id = f_kpi_3_count.ad_network_id
      AND f_spend.account_id = f_kpi_3_count.account_id
      AND f_spend.campaign_id = f_kpi_3_count.campaign_id
      AND f_spend.adset_id = f_kpi_3_count.adset_id
      AND f_spend.ad_id = f_kpi_3_count.ad_id
      AND f_spend.forecast_timestamp = f_kpi_3_count.forecast_timestamp

    INNER JOIN f_kpi_3_value
      ON f_spend.organization_id = f_kpi_3_value.organization_id
      AND f_spend.product_id = f_kpi_3_value.product_id
      AND f_spend.ad_network_id = f_kpi_3_value.ad_network_id
      AND f_spend.account_id = f_kpi_3_value.account_id
      AND f_spend.campaign_id = f_kpi_3_value.campaign_id
      AND f_spend.adset_id = f_kpi_3_value.adset_id
      AND f_spend.ad_id = f_kpi_3_value.ad_id
      AND f_spend.forecast_timestamp = f_kpi_3_value.forecast_timestamp


    INNER JOIN f_kpi_4_count
      ON f_spend.organization_id = f_kpi_4_count.organization_id
      AND f_spend.product_id = f_kpi_4_count.product_id
      AND f_spend.ad_network_id = f_kpi_4_count.ad_network_id
      AND f_spend.account_id = f_kpi_4_count.account_id
      AND f_spend.campaign_id = f_kpi_4_count.campaign_id
      AND f_spend.adset_id = f_kpi_4_count.adset_id
      AND f_spend.ad_id = f_kpi_4_count.ad_id
      AND f_spend.forecast_timestamp = f_kpi_4_count.forecast_timestamp

    INNER JOIN f_kpi_4_value
      ON f_spend.organization_id = f_kpi_4_value.organization_id
      AND f_spend.product_id = f_kpi_4_value.product_id
      AND f_spend.ad_network_id = f_kpi_4_value.ad_network_id
      AND f_spend.account_id = f_kpi_4_value.account_id
      AND f_spend.campaign_id = f_kpi_4_value.campaign_id
      AND f_spend.adset_id = f_kpi_4_value.adset_id
      AND f_spend.ad_id = f_kpi_4_value.ad_id
      AND f_spend.forecast_timestamp = f_kpi_4_value.forecast_timestamp


    INNER JOIN f_kpi_5_count
      ON f_spend.organization_id = f_kpi_5_count.organization_id
      AND f_spend.product_id = f_kpi_5_count.product_id
      AND f_spend.ad_network_id = f_kpi_5_count.ad_network_id
      AND f_spend.account_id = f_kpi_5_count.account_id
      AND f_spend.campaign_id = f_kpi_5_count.campaign_id
      AND f_spend.adset_id = f_kpi_5_count.adset_id
      AND f_spend.ad_id = f_kpi_5_count.ad_id
      AND f_spend.forecast_timestamp = f_kpi_5_count.forecast_timestamp

    INNER JOIN f_kpi_5_value
      ON f_spend.organization_id = f_kpi_5_value.organization_id
      AND f_spend.product_id = f_kpi_5_value.product_id
      AND f_spend.ad_network_id = f_kpi_5_value.ad_network_id
      AND f_spend.account_id = f_kpi_5_value.account_id
      AND f_spend.campaign_id = f_kpi_5_value.campaign_id
      AND f_spend.adset_id = f_kpi_5_value.adset_id
      AND f_spend.ad_id = f_kpi_5_value.ad_id
      AND f_spend.forecast_timestamp = f_kpi_5_value.forecast_timestamp


    INNER JOIN f_kpi_6_count
      ON f_spend.organization_id = f_kpi_6_count.organization_id
      AND f_spend.product_id = f_kpi_6_count.product_id
      AND f_spend.ad_network_id = f_kpi_6_count.ad_network_id
      AND f_spend.account_id = f_kpi_6_count.account_id
      AND f_spend.campaign_id = f_kpi_6_count.campaign_id
      AND f_spend.adset_id = f_kpi_6_count.adset_id
      AND f_spend.ad_id = f_kpi_6_count.ad_id
      AND f_spend.forecast_timestamp = f_kpi_6_count.forecast_timestamp

    INNER JOIN f_kpi_6_value
      ON f_spend.organization_id = f_kpi_6_value.organization_id
      AND f_spend.product_id = f_kpi_6_value.product_id
      AND f_spend.ad_network_id = f_kpi_6_value.ad_network_id
      AND f_spend.account_id = f_kpi_6_value.account_id
      AND f_spend.campaign_id = f_kpi_6_value.campaign_id
      AND f_spend.adset_id = f_kpi_6_value.adset_id
      AND f_spend.ad_id = f_kpi_6_value.ad_id
      AND f_spend.forecast_timestamp = f_kpi_6_value.forecast_timestamp


    INNER JOIN f_kpi_7_count
      ON f_spend.organization_id = f_kpi_7_count.organization_id
      AND f_spend.product_id = f_kpi_7_count.product_id
      AND f_spend.ad_network_id = f_kpi_7_count.ad_network_id
      AND f_spend.account_id = f_kpi_7_count.account_id
      AND f_spend.campaign_id = f_kpi_7_count.campaign_id
      AND f_spend.adset_id = f_kpi_7_count.adset_id
      AND f_spend.ad_id = f_kpi_7_count.ad_id
      AND f_spend.forecast_timestamp = f_kpi_7_count.forecast_timestamp

    INNER JOIN f_kpi_7_value
      ON f_spend.organization_id = f_kpi_7_value.organization_id
      AND f_spend.product_id = f_kpi_7_value.product_id
      AND f_spend.ad_network_id = f_kpi_7_value.ad_network_id
      AND f_spend.account_id = f_kpi_7_value.account_id
      AND f_spend.campaign_id = f_kpi_7_value.campaign_id
      AND f_spend.adset_id = f_kpi_7_value.adset_id
      AND f_spend.ad_id = f_kpi_7_value.ad_id
      AND f_spend.forecast_timestamp = f_kpi_7_value.forecast_timestamp


    INNER JOIN f_kpi_8_count
      ON f_spend.organization_id = f_kpi_8_count.organization_id
      AND f_spend.product_id = f_kpi_8_count.product_id
      AND f_spend.ad_network_id = f_kpi_8_count.ad_network_id
      AND f_spend.account_id = f_kpi_8_count.account_id
      AND f_spend.campaign_id = f_kpi_8_count.campaign_id
      AND f_spend.adset_id = f_kpi_8_count.adset_id
      AND f_spend.ad_id = f_kpi_8_count.ad_id
      AND f_spend.forecast_timestamp = f_kpi_8_count.forecast_timestamp

    INNER JOIN f_kpi_8_value
      ON f_spend.organization_id = f_kpi_8_value.organization_id
      AND f_spend.product_id = f_kpi_8_value.product_id
      AND f_spend.ad_network_id = f_kpi_8_value.ad_network_id
      AND f_spend.account_id = f_kpi_8_value.account_id
      AND f_spend.campaign_id = f_kpi_8_value.campaign_id
      AND f_spend.adset_id = f_kpi_8_value.adset_id
      AND f_spend.ad_id = f_kpi_8_value.ad_id
      AND f_spend.forecast_timestamp = f_kpi_8_value.forecast_timestamp


    INNER JOIN f_kpi_9_count
      ON f_spend.organization_id = f_kpi_9_count.organization_id
      AND f_spend.product_id = f_kpi_9_count.product_id
      AND f_spend.ad_network_id = f_kpi_9_count.ad_network_id
      AND f_spend.account_id = f_kpi_9_count.account_id
      AND f_spend.campaign_id = f_kpi_9_count.campaign_id
      AND f_spend.adset_id = f_kpi_9_count.adset_id
      AND f_spend.ad_id = f_kpi_9_count.ad_id
      AND f_spend.forecast_timestamp = f_kpi_9_count.forecast_timestamp

    INNER JOIN f_kpi_9_value
      ON f_spend.organization_id = f_kpi_9_value.organization_id
      AND f_spend.product_id = f_kpi_9_value.product_id
      AND f_spend.ad_network_id = f_kpi_9_value.ad_network_id
      AND f_spend.account_id = f_kpi_9_value.account_id
      AND f_spend.campaign_id = f_kpi_9_value.campaign_id
      AND f_spend.adset_id = f_kpi_9_value.adset_id
      AND f_spend.ad_id = f_kpi_9_value.ad_id
      AND f_spend.forecast_timestamp = f_kpi_9_value.forecast_timestamp


    INNER JOIN f_kpi_10_count
      ON f_spend.organization_id = f_kpi_10_count.organization_id
      AND f_spend.product_id = f_kpi_10_count.product_id
      AND f_spend.ad_network_id = f_kpi_10_count.ad_network_id
      AND f_spend.account_id = f_kpi_10_count.account_id
      AND f_spend.campaign_id = f_kpi_10_count.campaign_id
      AND f_spend.adset_id = f_kpi_10_count.adset_id
      AND f_spend.ad_id = f_kpi_10_count.ad_id
      AND f_spend.forecast_timestamp = f_kpi_10_count.forecast_timestamp

    INNER JOIN f_kpi_10_value
      ON f_spend.organization_id = f_kpi_10_value.organization_id
      AND f_spend.product_id = f_kpi_10_value.product_id
      AND f_spend.ad_network_id = f_kpi_10_value.ad_network_id
      AND f_spend.account_id = f_kpi_10_value.account_id
      AND f_spend.campaign_id = f_kpi_10_value.campaign_id
      AND f_spend.adset_id = f_kpi_10_value.adset_id
      AND f_spend.ad_id = f_kpi_10_value.ad_id
      AND f_spend.forecast_timestamp = f_kpi_10_value.forecast_timestamp

    LEFT JOIN kpi_metadata
      ON f_spend.organization_id = kpi_metadata.organization_id
      AND f_spend.product_id = kpi_metadata.product_id
      AND f_spend.ad_network_id = kpi_metadata.ad_network_id
      AND f_spend.account_id = kpi_metadata.account_id
      AND f_spend.campaign_id = kpi_metadata.campaign_id
      AND f_spend.adset_id = kpi_metadata.adset_id
      AND f_spend.ad_id = kpi_metadata.ad_id
    
    ORDER BY ad_id, date
)

SELECT * FROM joined
    );
  
[0m21:01:17.847946 [debug] [Thread-3 (]: BigQuery adapter: https://console.cloud.google.com/bigquery?project=res-analytics&j=bq:US:d19fe3ab-78f5-44c1-98e0-45adb50f7b8e&page=queryresults
[0m21:01:17.861443 [debug] [Thread-2 (]: BigQuery adapter: https://console.cloud.google.com/bigquery?project=res-analytics&j=bq:US:fc324e36-1959-474a-98f5-f60b84c4b0f9&page=queryresults
[0m21:01:26.950608 [debug] [Thread-2 (]: SQL status: OK in 9.088 seconds
[0m21:01:27.038728 [debug] [Thread-3 (]: SQL status: OK in 9.190 seconds
[0m21:01:27.139990 [debug] [Thread-2 (]: Sending event: {'category': 'dbt', 'action': 'run_model', 'label': 'd0adf958-07ed-4a8b-ad10-870c2f938db4', 'context': [<snowplow_tracker.self_describing_json.SelfDescribingJson object at 0x11a1f6c10>]}
[0m21:01:27.143018 [info ] [Thread-2 (]: 12 of 12 OK created sql table model cortex.forecast_creative_daily ............. [[32mCREATE TABLE (0.0 rows, 0 processed)[0m in 10.02s]
[0m21:01:27.144065 [debug] [Thread-2 (]: Finished running node model.analytics.forecast_creative_daily
[0m21:01:27.194366 [debug] [Thread-3 (]: Sending event: {'category': 'dbt', 'action': 'run_model', 'label': 'd0adf958-07ed-4a8b-ad10-870c2f938db4', 'context': [<snowplow_tracker.self_describing_json.SelfDescribingJson object at 0x119ccab50>]}
[0m21:01:27.194826 [info ] [Thread-3 (]: 11 of 12 OK created sql table model cortex.forecast_accounts_daily ............. [[32mCREATE TABLE (0.0 rows, 0 processed)[0m in 10.08s]
[0m21:01:27.195118 [debug] [Thread-3 (]: Finished running node model.analytics.forecast_accounts_daily
[0m21:01:27.195981 [debug] [MainThread]: Opening a new connection, currently in state closed
[0m21:01:27.196313 [debug] [MainThread]: Connection 'master' was properly closed.
[0m21:01:27.196459 [debug] [MainThread]: Connection 'model.analytics.kpi_keyword_daily' was properly closed.
[0m21:01:27.196597 [debug] [MainThread]: Connection 'model.analytics.forecast_creative_daily' was properly closed.
[0m21:01:27.196728 [debug] [MainThread]: Connection 'model.analytics.forecast_accounts_daily' was properly closed.
[0m21:01:27.196836 [debug] [MainThread]: Connection 'model.analytics.kpi_creative_daily' was properly closed.
[0m21:01:27.197051 [info ] [MainThread]: 
[0m21:01:27.197218 [info ] [MainThread]: Finished running 7 incremental models, 5 table models in 0 hours 0 minutes and 37.26 seconds (37.26s).
[0m21:01:27.198245 [debug] [MainThread]: Command end result
[0m21:01:27.246431 [debug] [MainThread]: Wrote artifact WritableManifest to /Users/riley/Documents/GitHub/dbt-lattara-cortex/target/manifest.json
[0m21:01:27.248288 [debug] [MainThread]: Wrote artifact SemanticManifest to /Users/riley/Documents/GitHub/dbt-lattara-cortex/target/semantic_manifest.json
[0m21:01:27.252203 [debug] [MainThread]: Wrote artifact RunExecutionResult to /Users/riley/Documents/GitHub/dbt-lattara-cortex/target/run_results.json
[0m21:01:27.252470 [info ] [MainThread]: 
[0m21:01:27.252668 [info ] [MainThread]: [32mCompleted successfully[0m
[0m21:01:27.252817 [info ] [MainThread]: 
[0m21:01:27.252974 [info ] [MainThread]: Done. PASS=12 WARN=0 ERROR=0 SKIP=0 NO-OP=0 TOTAL=12
[0m21:01:27.253310 [warn ] [MainThread]: [[33mWARNING[0m][DeprecationsSummary]: Deprecated functionality
Summary of encountered deprecations:
- CustomKeyInConfigDeprecation: 4 occurrences
- MissingArgumentsPropertyInGenericTestDeprecation: 51 occurrences
To see all deprecation instances instead of just the first occurrence of each,
run command again with the `--show-all-deprecations` flag. You may also need to
run with `--no-partial-parse` as some deprecations are only encountered during
parsing.
[0m21:01:27.256542 [debug] [MainThread]: Resource report: {"command_name": "run", "command_success": true, "command_wall_clock_time": 42.81322, "process_in_blocks": "0", "process_kernel_time": 1.977993, "process_mem_max_rss": "431259648", "process_out_blocks": "0", "process_user_time": 5.412988}
[0m21:01:27.256897 [debug] [MainThread]: Command `dbt run` succeeded at 21:01:27.256844 after 42.81 seconds
[0m21:01:27.257126 [debug] [MainThread]: Sending event: {'category': 'dbt', 'action': 'invocation', 'label': 'end', 'context': [<snowplow_tracker.self_describing_json.SelfDescribingJson object at 0x10996b1d0>, <snowplow_tracker.self_describing_json.SelfDescribingJson object at 0x100915950>, <snowplow_tracker.self_describing_json.SelfDescribingJson object at 0x10085df90>]}
[0m21:01:27.257332 [debug] [MainThread]: Flushing usage events
[0m21:01:27.845505 [debug] [MainThread]: An error was encountered while trying to flush usage events
[0m21:01:40.074897 [debug] [MainThread]: Sending event: {'category': 'dbt', 'action': 'invocation', 'label': 'start', 'context': [<snowplow_tracker.self_describing_json.SelfDescribingJson object at 0x10b3b3b10>, <snowplow_tracker.self_describing_json.SelfDescribingJson object at 0x10b42c910>, <snowplow_tracker.self_describing_json.SelfDescribingJson object at 0x10b42fed0>]}


============================== 21:01:40.078023 | 7f9af968-58de-4b9a-a745-7d44831a56ab ==============================
[0m21:01:40.078023 [info ] [MainThread]: Running with dbt=1.11.2
[0m21:01:40.078343 [debug] [MainThread]: running dbt with arguments {'log_cache_events': 'False', 'write_json': 'True', 'use_experimental_parser': 'False', 'quiet': 'False', 'target_path': 'None', 'no_print': 'None', 'indirect_selection': 'eager', 'debug': 'False', 'static_parser': 'True', 'warn_error': 'None', 'printer_width': '80', 'invocation_command': 'dbt test --select nexus.*', 'introspect': 'True', 'cache_selected_only': 'False', 'version_check': 'True', 'empty': 'None', 'send_anonymous_usage_stats': 'True', 'warn_error_options': 'WarnErrorOptionsV2(error=[], warn=[], silence=[])', 'log_path': '/Users/riley/Documents/GitHub/dbt-lattara-cortex/logs', 'profiles_dir': '/Users/riley/.dbt', 'partial_parse': 'True', 'fail_fast': 'False', 'use_colors': 'True', 'log_format': 'default'}
[0m21:01:44.262911 [debug] [MainThread]: Sending event: {'category': 'dbt', 'action': 'project_id', 'label': '7f9af968-58de-4b9a-a745-7d44831a56ab', 'context': [<snowplow_tracker.self_describing_json.SelfDescribingJson object at 0x11af2a410>]}
[0m21:01:44.293113 [debug] [MainThread]: Sending event: {'category': 'dbt', 'action': 'adapter_info', 'label': '7f9af968-58de-4b9a-a745-7d44831a56ab', 'context': [<snowplow_tracker.self_describing_json.SelfDescribingJson object at 0x1087d19d0>]}
[0m21:01:44.293535 [info ] [MainThread]: Registered adapter: bigquery=1.11.0
[0m21:01:44.445706 [debug] [MainThread]: checksum: 3d40d8bbe1bef07db1c24822f2dbfff8bc07f2a48ed4fe2658a40653aec0b54b, vars: {}, profile: , target: , version: 1.11.2
[0m21:01:44.610017 [info ] [MainThread]: Unable to do partial parsing because config vars, config profile, or config target have changed
[0m21:01:44.610388 [debug] [MainThread]: previous checksum: 3d40d8bbe1bef07db1c24822f2dbfff8bc07f2a48ed4fe2658a40653aec0b54b, current checksum: fc7f33f02c303753beb47305336060d7ab0219b73b097a76d632ccd4234dc072
[0m21:01:44.610569 [debug] [MainThread]: Sending event: {'category': 'dbt', 'action': 'partial_parser', 'label': '7f9af968-58de-4b9a-a745-7d44831a56ab', 'context': [<snowplow_tracker.self_describing_json.SelfDescribingJson object at 0x11b47e1d0>]}
[0m21:01:44.632333 [warn ] [MainThread]: [[33mWARNING[0m][CustomKeyInConfigDeprecation]: Deprecated functionality
Custom key `+schema` found in `config` at path `seeds[0].config` in file
`seeds/schema.yml`. Custom config keys should move into the `config.meta`.
[0m21:01:44.632655 [debug] [MainThread]: Sending event: {'category': 'dbt', 'action': 'deprecation', 'label': '7f9af968-58de-4b9a-a745-7d44831a56ab', 'property_': 'warn', 'context': [<snowplow_tracker.self_describing_json.SelfDescribingJson object at 0x11ae8ac10>]}
[0m21:01:45.377824 [warn ] [MainThread]: [[33mWARNING[0m]: Did not find matching node for patch with name 'stg_fivetran_meta__campaigns' in the 'models' section of file 'models/cortex_v2/staging/_fivetran_staging_models.yml'
[0m21:01:45.379075 [warn ] [MainThread]: [[33mWARNING[0m]: Did not find matching node for patch with name 'stg_fivetran_meta__conversions' in the 'models' section of file 'models/cortex_v2/staging/_fivetran_staging_models.yml'
[0m21:01:45.379739 [warn ] [MainThread]: [[33mWARNING[0m]: Did not find matching node for patch with name 'stg_fivetran_google__campaigns' in the 'models' section of file 'models/cortex_v2/staging/_fivetran_staging_models.yml'
[0m21:01:45.380402 [warn ] [MainThread]: [[33mWARNING[0m]: Did not find matching node for patch with name 'stg_fivetran_google__conversions' in the 'models' section of file 'models/cortex_v2/staging/_fivetran_staging_models.yml'
[0m21:01:45.381239 [warn ] [MainThread]: [[33mWARNING[0m]: Did not find matching node for patch with name 'stg_fivetran_linkedin__campaigns' in the 'models' section of file 'models/cortex_v2/staging/_fivetran_staging_models.yml'
[0m21:01:45.382028 [warn ] [MainThread]: [[33mWARNING[0m]: Did not find matching node for patch with name 'stg_fivetran_tiktok__campaigns' in the 'models' section of file 'models/cortex_v2/staging/_fivetran_staging_models.yml'
[0m21:01:45.433862 [warn ] [MainThread]: [[33mWARNING[0m]: Did not find matching node for patch with name 'campaign_performance' in the 'models' section of file 'models/cortex_v2/marts/_mart_models.yml'
[0m21:01:45.434729 [warn ] [MainThread]: [[33mWARNING[0m]: Did not find matching node for patch with name 'ad_group_performance' in the 'models' section of file 'models/cortex_v2/marts/_mart_models.yml'
[0m21:01:45.435451 [warn ] [MainThread]: [[33mWARNING[0m]: Did not find matching node for patch with name 'ad_performance' in the 'models' section of file 'models/cortex_v2/marts/_mart_models.yml'
[0m21:01:45.437323 [warn ] [MainThread]: [[33mWARNING[0m]: Did not find matching node for patch with name 'creative_fatigue' in the 'models' section of file 'models/cortex_v2/marts/_mart_models.yml'
[0m21:01:45.439299 [warn ] [MainThread]: [[33mWARNING[0m]: Did not find matching node for patch with name 'creative_performance' in the 'models' section of file 'models/cortex_v2/marts/_mart_models.yml'
[0m21:01:45.440865 [warn ] [MainThread]: [[33mWARNING[0m]: Did not find matching node for patch with name 'audience_performance' in the 'models' section of file 'models/cortex_v2/marts/_mart_models.yml'
[0m21:01:45.457362 [warn ] [MainThread]: [[33mWARNING[0m][MissingArgumentsPropertyInGenericTestDeprecation]: Deprecated
functionality
Found top-level arguments to test `accepted_values` defined on
'campaign_performance' in package 'analytics'
(models/cortex_v2/marts/_mart_models.yml). Arguments to generic tests should be
nested under the `arguments` property.
[0m21:01:45.457789 [debug] [MainThread]: Sending event: {'category': 'dbt', 'action': 'deprecation', 'label': '7f9af968-58de-4b9a-a745-7d44831a56ab', 'property_': 'warn', 'context': [<snowplow_tracker.self_describing_json.SelfDescribingJson object at 0x11b7ed010>]}
[0m21:01:45.567478 [warn ] [MainThread]: [[33mWARNING[0m]: Did not find matching node for patch with name 'int_campaigns_unified' in the 'models' section of file 'models/cortex_v2/intermediate/_intermediate_models.yml'
[0m21:01:45.568218 [warn ] [MainThread]: [[33mWARNING[0m]: Did not find matching node for patch with name 'int_ad_groups_unified' in the 'models' section of file 'models/cortex_v2/intermediate/_intermediate_models.yml'
[0m21:01:45.568799 [warn ] [MainThread]: [[33mWARNING[0m]: Did not find matching node for patch with name 'int_ads_unified' in the 'models' section of file 'models/cortex_v2/intermediate/_intermediate_models.yml'
[0m21:01:45.569414 [warn ] [MainThread]: [[33mWARNING[0m]: Did not find matching node for patch with name 'int_fivetran_campaigns_unified' in the 'models' section of file 'models/cortex_v2/intermediate/_intermediate_models.yml'
[0m21:01:45.569944 [warn ] [MainThread]: [[33mWARNING[0m]: Did not find matching node for patch with name 'int_fivetran_conversions' in the 'models' section of file 'models/cortex_v2/intermediate/_intermediate_models.yml'
[0m21:01:45.676107 [warn ] [MainThread]: [[33mWARNING[0m]: Test 'test.analytics.not_null_stg_fivetran_meta__campaigns_account_id.7a730ac599' (models/cortex_v2/staging/_fivetran_staging_models.yml) depends on a node named 'stg_fivetran_meta__campaigns' in package '' which was not found
[0m21:01:45.676470 [warn ] [MainThread]: [[33mWARNING[0m]: Test 'test.analytics.not_null_stg_fivetran_meta__campaigns_campaign_id.76664f170f' (models/cortex_v2/staging/_fivetran_staging_models.yml) depends on a node named 'stg_fivetran_meta__campaigns' in package '' which was not found
[0m21:01:45.676633 [warn ] [MainThread]: [[33mWARNING[0m]: Test 'test.analytics.not_null_stg_fivetran_meta__campaigns_date.d107bad4c1' (models/cortex_v2/staging/_fivetran_staging_models.yml) depends on a node named 'stg_fivetran_meta__campaigns' in package '' which was not found
[0m21:01:45.676783 [warn ] [MainThread]: [[33mWARNING[0m]: Test 'test.analytics.not_null_stg_fivetran_meta__conversions_campaign_id.b52e62dfb7' (models/cortex_v2/staging/_fivetran_staging_models.yml) depends on a node named 'stg_fivetran_meta__conversions' in package '' which was not found
[0m21:01:45.676929 [warn ] [MainThread]: [[33mWARNING[0m]: Test 'test.analytics.not_null_stg_fivetran_meta__conversions_date.939fb3be07' (models/cortex_v2/staging/_fivetran_staging_models.yml) depends on a node named 'stg_fivetran_meta__conversions' in package '' which was not found
[0m21:01:45.677074 [warn ] [MainThread]: [[33mWARNING[0m]: Test 'test.analytics.not_null_stg_fivetran_meta__conversions_event_name.05866163e5' (models/cortex_v2/staging/_fivetran_staging_models.yml) depends on a node named 'stg_fivetran_meta__conversions' in package '' which was not found
[0m21:01:45.677224 [warn ] [MainThread]: [[33mWARNING[0m]: Test 'test.analytics.not_null_stg_fivetran_google__campaigns_account_id.83e94ebf77' (models/cortex_v2/staging/_fivetran_staging_models.yml) depends on a node named 'stg_fivetran_google__campaigns' in package '' which was not found
[0m21:01:45.677377 [warn ] [MainThread]: [[33mWARNING[0m]: Test 'test.analytics.not_null_stg_fivetran_google__campaigns_campaign_id.049fc1c501' (models/cortex_v2/staging/_fivetran_staging_models.yml) depends on a node named 'stg_fivetran_google__campaigns' in package '' which was not found
[0m21:01:45.677533 [warn ] [MainThread]: [[33mWARNING[0m]: Test 'test.analytics.not_null_stg_fivetran_google__campaigns_date.53c117304f' (models/cortex_v2/staging/_fivetran_staging_models.yml) depends on a node named 'stg_fivetran_google__campaigns' in package '' which was not found
[0m21:01:45.677692 [warn ] [MainThread]: [[33mWARNING[0m]: Test 'test.analytics.not_null_stg_fivetran_google__conversions_campaign_id.3d08f914c2' (models/cortex_v2/staging/_fivetran_staging_models.yml) depends on a node named 'stg_fivetran_google__conversions' in package '' which was not found
[0m21:01:45.677840 [warn ] [MainThread]: [[33mWARNING[0m]: Test 'test.analytics.not_null_stg_fivetran_google__conversions_date.36a1bbabe4' (models/cortex_v2/staging/_fivetran_staging_models.yml) depends on a node named 'stg_fivetran_google__conversions' in package '' which was not found
[0m21:01:45.677982 [warn ] [MainThread]: [[33mWARNING[0m]: Test 'test.analytics.not_null_stg_fivetran_google__conversions_event_name.77c79327b2' (models/cortex_v2/staging/_fivetran_staging_models.yml) depends on a node named 'stg_fivetran_google__conversions' in package '' which was not found
[0m21:01:45.678128 [warn ] [MainThread]: [[33mWARNING[0m]: Test 'test.analytics.not_null_stg_fivetran_linkedin__campaigns_account_id.5472043634' (models/cortex_v2/staging/_fivetran_staging_models.yml) depends on a node named 'stg_fivetran_linkedin__campaigns' in package '' which was not found
[0m21:01:45.678278 [warn ] [MainThread]: [[33mWARNING[0m]: Test 'test.analytics.not_null_stg_fivetran_linkedin__campaigns_campaign_id.f906eb9a41' (models/cortex_v2/staging/_fivetran_staging_models.yml) depends on a node named 'stg_fivetran_linkedin__campaigns' in package '' which was not found
[0m21:01:45.678427 [warn ] [MainThread]: [[33mWARNING[0m]: Test 'test.analytics.not_null_stg_fivetran_linkedin__campaigns_date.a9eb0a1fab' (models/cortex_v2/staging/_fivetran_staging_models.yml) depends on a node named 'stg_fivetran_linkedin__campaigns' in package '' which was not found
[0m21:01:45.678566 [warn ] [MainThread]: [[33mWARNING[0m]: Test 'test.analytics.not_null_stg_fivetran_tiktok__campaigns_account_id.0ac458d45f' (models/cortex_v2/staging/_fivetran_staging_models.yml) depends on a node named 'stg_fivetran_tiktok__campaigns' in package '' which was not found
[0m21:01:45.678723 [warn ] [MainThread]: [[33mWARNING[0m]: Test 'test.analytics.not_null_stg_fivetran_tiktok__campaigns_campaign_id.1aea0f2317' (models/cortex_v2/staging/_fivetran_staging_models.yml) depends on a node named 'stg_fivetran_tiktok__campaigns' in package '' which was not found
[0m21:01:45.678862 [warn ] [MainThread]: [[33mWARNING[0m]: Test 'test.analytics.not_null_stg_fivetran_tiktok__campaigns_date.24abfabc59' (models/cortex_v2/staging/_fivetran_staging_models.yml) depends on a node named 'stg_fivetran_tiktok__campaigns' in package '' which was not found
[0m21:01:45.679028 [warn ] [MainThread]: [[33mWARNING[0m]: Test 'test.analytics.not_null_campaign_performance_account_id.012a1ba74b' (models/cortex_v2/marts/_mart_models.yml) depends on a node named 'campaign_performance' in package '' which was not found
[0m21:01:45.679175 [warn ] [MainThread]: [[33mWARNING[0m]: Test 'test.analytics.not_null_campaign_performance_source_platform.1e320588c8' (models/cortex_v2/marts/_mart_models.yml) depends on a node named 'campaign_performance' in package '' which was not found
[0m21:01:45.679327 [warn ] [MainThread]: [[33mWARNING[0m]: Test 'test.analytics.accepted_values_campaign_performance_source_platform__google_ads__meta_ads__linkedin_ads.64338a201c' (models/cortex_v2/marts/_mart_models.yml) depends on a node named 'campaign_performance' in package '' which was not found
[0m21:01:45.679468 [warn ] [MainThread]: [[33mWARNING[0m]: Test 'test.analytics.not_null_campaign_performance_campaign_id.77cfe3848c' (models/cortex_v2/marts/_mart_models.yml) depends on a node named 'campaign_performance' in package '' which was not found
[0m21:01:45.679606 [warn ] [MainThread]: [[33mWARNING[0m]: Test 'test.analytics.not_null_campaign_performance_date.a6d7f3618a' (models/cortex_v2/marts/_mart_models.yml) depends on a node named 'campaign_performance' in package '' which was not found
[0m21:01:45.679754 [warn ] [MainThread]: [[33mWARNING[0m]: Test 'test.analytics.dbt_expectations_expect_column_values_to_be_between_campaign_performance_impressions__0.b744476b6c' (models/cortex_v2/marts/_mart_models.yml) depends on a node named 'campaign_performance' in package '' which was not found
[0m21:01:45.679904 [warn ] [MainThread]: [[33mWARNING[0m]: Test 'test.analytics.dbt_expectations_expect_column_values_to_be_between_campaign_performance_clicks__0.21125e8580' (models/cortex_v2/marts/_mart_models.yml) depends on a node named 'campaign_performance' in package '' which was not found
[0m21:01:45.680038 [warn ] [MainThread]: [[33mWARNING[0m]: Test 'test.analytics.dbt_expectations_expect_column_values_to_be_between_campaign_performance_spend__0.ae1f2a73cb' (models/cortex_v2/marts/_mart_models.yml) depends on a node named 'campaign_performance' in package '' which was not found
[0m21:01:45.680180 [warn ] [MainThread]: [[33mWARNING[0m]: Test 'test.analytics.dbt_expectations_expect_column_values_to_be_between_campaign_performance_ctr__100__0.df9d162c98' (models/cortex_v2/marts/_mart_models.yml) depends on a node named 'campaign_performance' in package '' which was not found
[0m21:01:45.680328 [warn ] [MainThread]: [[33mWARNING[0m]: Test 'test.analytics.dbt_expectations_expect_column_values_to_be_between_campaign_performance_roas__0.982e5dea56' (models/cortex_v2/marts/_mart_models.yml) depends on a node named 'campaign_performance' in package '' which was not found
[0m21:01:45.680471 [warn ] [MainThread]: [[33mWARNING[0m]: Test 'test.analytics.not_null_ad_group_performance_account_id.dac7662915' (models/cortex_v2/marts/_mart_models.yml) depends on a node named 'ad_group_performance' in package '' which was not found
[0m21:01:45.680620 [warn ] [MainThread]: [[33mWARNING[0m]: Test 'test.analytics.not_null_ad_group_performance_source_platform.cbf57569d8' (models/cortex_v2/marts/_mart_models.yml) depends on a node named 'ad_group_performance' in package '' which was not found
[0m21:01:45.680770 [warn ] [MainThread]: [[33mWARNING[0m]: Test 'test.analytics.accepted_values_ad_group_performance_source_platform__google_ads__meta_ads__linkedin_ads.53343107fd' (models/cortex_v2/marts/_mart_models.yml) depends on a node named 'ad_group_performance' in package '' which was not found
[0m21:01:45.680912 [warn ] [MainThread]: [[33mWARNING[0m]: Test 'test.analytics.not_null_ad_group_performance_campaign_id.e3c1e29376' (models/cortex_v2/marts/_mart_models.yml) depends on a node named 'ad_group_performance' in package '' which was not found
[0m21:01:45.681069 [warn ] [MainThread]: [[33mWARNING[0m]: Test 'test.analytics.not_null_ad_group_performance_ad_group_id.f2dc4cc74e' (models/cortex_v2/marts/_mart_models.yml) depends on a node named 'ad_group_performance' in package '' which was not found
[0m21:01:45.681208 [warn ] [MainThread]: [[33mWARNING[0m]: Test 'test.analytics.not_null_ad_group_performance_date.d3d723d869' (models/cortex_v2/marts/_mart_models.yml) depends on a node named 'ad_group_performance' in package '' which was not found
[0m21:01:45.681348 [warn ] [MainThread]: [[33mWARNING[0m]: Test 'test.analytics.dbt_expectations_expect_column_values_to_be_between_ad_group_performance_impressions__0.cd8f51e5e8' (models/cortex_v2/marts/_mart_models.yml) depends on a node named 'ad_group_performance' in package '' which was not found
[0m21:01:45.681489 [warn ] [MainThread]: [[33mWARNING[0m]: Test 'test.analytics.dbt_expectations_expect_column_values_to_be_between_ad_group_performance_spend__0.c9c255489a' (models/cortex_v2/marts/_mart_models.yml) depends on a node named 'ad_group_performance' in package '' which was not found
[0m21:01:45.681631 [warn ] [MainThread]: [[33mWARNING[0m]: Test 'test.analytics.not_null_ad_performance_account_id.37d577f3f3' (models/cortex_v2/marts/_mart_models.yml) depends on a node named 'ad_performance' in package '' which was not found
[0m21:01:45.681767 [warn ] [MainThread]: [[33mWARNING[0m]: Test 'test.analytics.not_null_ad_performance_source_platform.d2469c673c' (models/cortex_v2/marts/_mart_models.yml) depends on a node named 'ad_performance' in package '' which was not found
[0m21:01:45.681905 [warn ] [MainThread]: [[33mWARNING[0m]: Test 'test.analytics.accepted_values_ad_performance_source_platform__google_ads__meta_ads__linkedin_ads.6a6cc44a4c' (models/cortex_v2/marts/_mart_models.yml) depends on a node named 'ad_performance' in package '' which was not found
[0m21:01:45.682067 [warn ] [MainThread]: [[33mWARNING[0m]: Test 'test.analytics.not_null_ad_performance_campaign_id.f00878f642' (models/cortex_v2/marts/_mart_models.yml) depends on a node named 'ad_performance' in package '' which was not found
[0m21:01:45.682422 [warn ] [MainThread]: [[33mWARNING[0m]: Test 'test.analytics.not_null_ad_performance_ad_group_id.328e934d82' (models/cortex_v2/marts/_mart_models.yml) depends on a node named 'ad_performance' in package '' which was not found
[0m21:01:45.682614 [warn ] [MainThread]: [[33mWARNING[0m]: Test 'test.analytics.not_null_ad_performance_ad_id.45b38f8190' (models/cortex_v2/marts/_mart_models.yml) depends on a node named 'ad_performance' in package '' which was not found
[0m21:01:45.682784 [warn ] [MainThread]: [[33mWARNING[0m]: Test 'test.analytics.not_null_ad_performance_date.c55dae1cab' (models/cortex_v2/marts/_mart_models.yml) depends on a node named 'ad_performance' in package '' which was not found
[0m21:01:45.682936 [warn ] [MainThread]: [[33mWARNING[0m]: Test 'test.analytics.dbt_expectations_expect_column_values_to_be_between_ad_performance_impressions__0.6dc4dd13d6' (models/cortex_v2/marts/_mart_models.yml) depends on a node named 'ad_performance' in package '' which was not found
[0m21:01:45.683103 [warn ] [MainThread]: [[33mWARNING[0m]: Test 'test.analytics.dbt_expectations_expect_column_values_to_be_between_ad_performance_spend__0.ce81252396' (models/cortex_v2/marts/_mart_models.yml) depends on a node named 'ad_performance' in package '' which was not found
[0m21:01:45.683256 [warn ] [MainThread]: [[33mWARNING[0m]: Test 'test.analytics.not_null_creative_fatigue_account_id.cdb8690c63' (models/cortex_v2/marts/_mart_models.yml) depends on a node named 'creative_fatigue' in package '' which was not found
[0m21:01:45.683404 [warn ] [MainThread]: [[33mWARNING[0m]: Test 'test.analytics.not_null_creative_fatigue_ad_id.8489735373' (models/cortex_v2/marts/_mart_models.yml) depends on a node named 'creative_fatigue' in package '' which was not found
[0m21:01:45.683553 [warn ] [MainThread]: [[33mWARNING[0m]: Test 'test.analytics.not_null_creative_fatigue_source_platform.66103d2161' (models/cortex_v2/marts/_mart_models.yml) depends on a node named 'creative_fatigue' in package '' which was not found
[0m21:01:45.683707 [warn ] [MainThread]: [[33mWARNING[0m]: Test 'test.analytics.accepted_values_creative_fatigue_source_platform__google_ads__meta_ads__linkedin_ads.780cea669b' (models/cortex_v2/marts/_mart_models.yml) depends on a node named 'creative_fatigue' in package '' which was not found
[0m21:01:45.683859 [warn ] [MainThread]: [[33mWARNING[0m]: Test 'test.analytics.not_null_creative_fatigue_date.99d5ba2540' (models/cortex_v2/marts/_mart_models.yml) depends on a node named 'creative_fatigue' in package '' which was not found
[0m21:01:45.684003 [warn ] [MainThread]: [[33mWARNING[0m]: Test 'test.analytics.dbt_expectations_expect_column_values_to_be_between_creative_fatigue_impressions__100.28fb53b254' (models/cortex_v2/marts/_mart_models.yml) depends on a node named 'creative_fatigue' in package '' which was not found
[0m21:01:45.684140 [warn ] [MainThread]: [[33mWARNING[0m]: Test 'test.analytics.dbt_expectations_expect_column_values_to_be_between_creative_fatigue_clicks__0.5b420934ee' (models/cortex_v2/marts/_mart_models.yml) depends on a node named 'creative_fatigue' in package '' which was not found
[0m21:01:45.684271 [warn ] [MainThread]: [[33mWARNING[0m]: Test 'test.analytics.dbt_expectations_expect_column_values_to_be_between_creative_fatigue_spend__0.ef9503cb4c' (models/cortex_v2/marts/_mart_models.yml) depends on a node named 'creative_fatigue' in package '' which was not found
[0m21:01:45.684403 [warn ] [MainThread]: [[33mWARNING[0m]: Test 'test.analytics.dbt_expectations_expect_column_values_to_be_between_creative_fatigue_ctr__100__0.ac5c1a8023' (models/cortex_v2/marts/_mart_models.yml) depends on a node named 'creative_fatigue' in package '' which was not found
[0m21:01:45.684547 [warn ] [MainThread]: [[33mWARNING[0m]: Test 'test.analytics.dbt_expectations_expect_column_values_to_be_between_creative_fatigue_ctr_7day_avg__100__0.c2acadb6d6' (models/cortex_v2/marts/_mart_models.yml) depends on a node named 'creative_fatigue' in package '' which was not found
[0m21:01:45.684683 [warn ] [MainThread]: [[33mWARNING[0m]: Test 'test.analytics.dbt_expectations_expect_column_values_to_be_between_creative_fatigue_baseline_ctr__100__0.db77b591eb' (models/cortex_v2/marts/_mart_models.yml) depends on a node named 'creative_fatigue' in package '' which was not found
[0m21:01:45.684817 [warn ] [MainThread]: [[33mWARNING[0m]: Test 'test.analytics.dbt_expectations_expect_column_values_to_be_between_creative_fatigue_ctr_change_pct__10___1.c9d997617a' (models/cortex_v2/marts/_mart_models.yml) depends on a node named 'creative_fatigue' in package '' which was not found
[0m21:01:45.684952 [warn ] [MainThread]: [[33mWARNING[0m]: Test 'test.analytics.not_null_creative_fatigue_fatigue_status.aaa694c3b4' (models/cortex_v2/marts/_mart_models.yml) depends on a node named 'creative_fatigue' in package '' which was not found
[0m21:01:45.685093 [warn ] [MainThread]: [[33mWARNING[0m]: Test 'test.analytics.accepted_values_creative_fatigue_fatigue_status__FATIGUED__WARNING__HEALTHY.9a9f068e72' (models/cortex_v2/marts/_mart_models.yml) depends on a node named 'creative_fatigue' in package '' which was not found
[0m21:01:45.685242 [warn ] [MainThread]: [[33mWARNING[0m]: Test 'test.analytics.not_null_creative_performance_account_id.2fd73e70fb' (models/cortex_v2/marts/_mart_models.yml) depends on a node named 'creative_performance' in package '' which was not found
[0m21:01:45.685406 [warn ] [MainThread]: [[33mWARNING[0m]: Test 'test.analytics.not_null_creative_performance_ad_id.8262dca89b' (models/cortex_v2/marts/_mart_models.yml) depends on a node named 'creative_performance' in package '' which was not found
[0m21:01:45.685655 [warn ] [MainThread]: [[33mWARNING[0m]: Test 'test.analytics.not_null_creative_performance_source_platform.970c191c0e' (models/cortex_v2/marts/_mart_models.yml) depends on a node named 'creative_performance' in package '' which was not found
[0m21:01:45.685838 [warn ] [MainThread]: [[33mWARNING[0m]: Test 'test.analytics.accepted_values_creative_performance_source_platform__google_ads__meta_ads__linkedin_ads.daf4217a01' (models/cortex_v2/marts/_mart_models.yml) depends on a node named 'creative_performance' in package '' which was not found
[0m21:01:45.685982 [warn ] [MainThread]: [[33mWARNING[0m]: Test 'test.analytics.dbt_expectations_expect_column_values_to_be_between_creative_performance_total_impressions__0.0f18650691' (models/cortex_v2/marts/_mart_models.yml) depends on a node named 'creative_performance' in package '' which was not found
[0m21:01:45.686135 [warn ] [MainThread]: [[33mWARNING[0m]: Test 'test.analytics.dbt_expectations_expect_column_values_to_be_between_creative_performance_total_clicks__0.8dbe232b9e' (models/cortex_v2/marts/_mart_models.yml) depends on a node named 'creative_performance' in package '' which was not found
[0m21:01:45.686276 [warn ] [MainThread]: [[33mWARNING[0m]: Test 'test.analytics.dbt_expectations_expect_column_values_to_be_between_creative_performance_total_spend__0.8ec34f839c' (models/cortex_v2/marts/_mart_models.yml) depends on a node named 'creative_performance' in package '' which was not found
[0m21:01:45.686433 [warn ] [MainThread]: [[33mWARNING[0m]: Test 'test.analytics.dbt_expectations_expect_column_values_to_be_between_creative_performance_total_conversions__0.77c0038b0f' (models/cortex_v2/marts/_mart_models.yml) depends on a node named 'creative_performance' in package '' which was not found
[0m21:01:45.686586 [warn ] [MainThread]: [[33mWARNING[0m]: Test 'test.analytics.dbt_expectations_expect_column_values_to_be_between_creative_performance_ctr__100__0.6788b246ec' (models/cortex_v2/marts/_mart_models.yml) depends on a node named 'creative_performance' in package '' which was not found
[0m21:01:45.686776 [warn ] [MainThread]: [[33mWARNING[0m]: Test 'test.analytics.dbt_expectations_expect_column_values_to_be_between_creative_performance_roas__0.e3eef45bfb' (models/cortex_v2/marts/_mart_models.yml) depends on a node named 'creative_performance' in package '' which was not found
[0m21:01:45.686996 [warn ] [MainThread]: [[33mWARNING[0m]: Test 'test.analytics.not_null_creative_performance_first_seen_date.1a7661c39a' (models/cortex_v2/marts/_mart_models.yml) depends on a node named 'creative_performance' in package '' which was not found
[0m21:01:45.687166 [warn ] [MainThread]: [[33mWARNING[0m]: Test 'test.analytics.not_null_creative_performance_last_active_date.af004a8cab' (models/cortex_v2/marts/_mart_models.yml) depends on a node named 'creative_performance' in package '' which was not found
[0m21:01:45.687327 [warn ] [MainThread]: [[33mWARNING[0m]: Test 'test.analytics.not_null_creative_performance_fatigue_status.63d52cba4e' (models/cortex_v2/marts/_mart_models.yml) depends on a node named 'creative_performance' in package '' which was not found
[0m21:01:45.687502 [warn ] [MainThread]: [[33mWARNING[0m]: Test 'test.analytics.accepted_values_creative_performance_fatigue_status__FATIGUED__WARNING__HEALTHY__UNKNOWN.9c52b883ed' (models/cortex_v2/marts/_mart_models.yml) depends on a node named 'creative_performance' in package '' which was not found
[0m21:01:45.687653 [warn ] [MainThread]: [[33mWARNING[0m]: Test 'test.analytics.not_null_audience_performance_account_id.f57003994d' (models/cortex_v2/marts/_mart_models.yml) depends on a node named 'audience_performance' in package '' which was not found
[0m21:01:45.687801 [warn ] [MainThread]: [[33mWARNING[0m]: Test 'test.analytics.not_null_audience_performance_source_platform.5160d84e1c' (models/cortex_v2/marts/_mart_models.yml) depends on a node named 'audience_performance' in package '' which was not found
[0m21:01:45.687950 [warn ] [MainThread]: [[33mWARNING[0m]: Test 'test.analytics.accepted_values_audience_performance_source_platform__GOOGLE_ADS__META_ADS__LINKEDIN_ADS.d16505818b' (models/cortex_v2/marts/_mart_models.yml) depends on a node named 'audience_performance' in package '' which was not found
[0m21:01:45.688101 [warn ] [MainThread]: [[33mWARNING[0m]: Test 'test.analytics.not_null_audience_performance_campaign_id.135625fccc' (models/cortex_v2/marts/_mart_models.yml) depends on a node named 'audience_performance' in package '' which was not found
[0m21:01:45.688250 [warn ] [MainThread]: [[33mWARNING[0m]: Test 'test.analytics.not_null_audience_performance_demographic_type.f300e98b6b' (models/cortex_v2/marts/_mart_models.yml) depends on a node named 'audience_performance' in package '' which was not found
[0m21:01:45.688388 [warn ] [MainThread]: [[33mWARNING[0m]: Test 'test.analytics.accepted_values_audience_performance_demographic_type__age__gender__location__device__company_size__seniority__industry.05ef083c21' (models/cortex_v2/marts/_mart_models.yml) depends on a node named 'audience_performance' in package '' which was not found
[0m21:01:45.688543 [warn ] [MainThread]: [[33mWARNING[0m]: Test 'test.analytics.not_null_audience_performance_demographic_value.c303562574' (models/cortex_v2/marts/_mart_models.yml) depends on a node named 'audience_performance' in package '' which was not found
[0m21:01:45.688687 [warn ] [MainThread]: [[33mWARNING[0m]: Test 'test.analytics.not_null_audience_performance_date.881d1babb4' (models/cortex_v2/marts/_mart_models.yml) depends on a node named 'audience_performance' in package '' which was not found
[0m21:01:45.688837 [warn ] [MainThread]: [[33mWARNING[0m]: Test 'test.analytics.dbt_expectations_expect_column_values_to_be_between_audience_performance_impressions__0.7ad963a49c' (models/cortex_v2/marts/_mart_models.yml) depends on a node named 'audience_performance' in package '' which was not found
[0m21:01:45.688981 [warn ] [MainThread]: [[33mWARNING[0m]: Test 'test.analytics.dbt_expectations_expect_column_values_to_be_between_audience_performance_clicks__0.d4ab628b89' (models/cortex_v2/marts/_mart_models.yml) depends on a node named 'audience_performance' in package '' which was not found
[0m21:01:45.689140 [warn ] [MainThread]: [[33mWARNING[0m]: Test 'test.analytics.dbt_expectations_expect_column_values_to_be_between_audience_performance_spend__0.4404a0021f' (models/cortex_v2/marts/_mart_models.yml) depends on a node named 'audience_performance' in package '' which was not found
[0m21:01:45.689283 [warn ] [MainThread]: [[33mWARNING[0m]: Test 'test.analytics.dbt_expectations_expect_column_values_to_be_between_audience_performance_conversions__0.66084d90ad' (models/cortex_v2/marts/_mart_models.yml) depends on a node named 'audience_performance' in package '' which was not found
[0m21:01:45.689424 [warn ] [MainThread]: [[33mWARNING[0m]: Test 'test.analytics.dbt_expectations_expect_column_values_to_be_between_audience_performance_conversion_value__0.29fe78646c' (models/cortex_v2/marts/_mart_models.yml) depends on a node named 'audience_performance' in package '' which was not found
[0m21:01:45.689567 [warn ] [MainThread]: [[33mWARNING[0m]: Test 'test.analytics.dbt_expectations_expect_column_values_to_be_between_audience_performance_ctr__100__0.896529f411' (models/cortex_v2/marts/_mart_models.yml) depends on a node named 'audience_performance' in package '' which was not found
[0m21:01:45.689704 [warn ] [MainThread]: [[33mWARNING[0m]: Test 'test.analytics.dbt_expectations_expect_column_values_to_be_between_audience_performance_cpc__0.1be3b90f80' (models/cortex_v2/marts/_mart_models.yml) depends on a node named 'audience_performance' in package '' which was not found
[0m21:01:45.689846 [warn ] [MainThread]: [[33mWARNING[0m]: Test 'test.analytics.dbt_expectations_expect_column_values_to_be_between_audience_performance_cpa__0.88341c58e3' (models/cortex_v2/marts/_mart_models.yml) depends on a node named 'audience_performance' in package '' which was not found
[0m21:01:45.689982 [warn ] [MainThread]: [[33mWARNING[0m]: Test 'test.analytics.dbt_expectations_expect_column_values_to_be_between_audience_performance_roas__0.7cdb6de017' (models/cortex_v2/marts/_mart_models.yml) depends on a node named 'audience_performance' in package '' which was not found
[0m21:01:45.690163 [warn ] [MainThread]: [[33mWARNING[0m]: Test 'test.analytics.not_null_int_campaigns_unified_account_id.a949359a77' (models/cortex_v2/intermediate/_intermediate_models.yml) depends on a node named 'int_campaigns_unified' in package '' which was not found
[0m21:01:45.690308 [warn ] [MainThread]: [[33mWARNING[0m]: Test 'test.analytics.not_null_int_campaigns_unified_campaign_id.d15fb20e9e' (models/cortex_v2/intermediate/_intermediate_models.yml) depends on a node named 'int_campaigns_unified' in package '' which was not found
[0m21:01:45.690448 [warn ] [MainThread]: [[33mWARNING[0m]: Test 'test.analytics.not_null_int_campaigns_unified_date.066b46a02b' (models/cortex_v2/intermediate/_intermediate_models.yml) depends on a node named 'int_campaigns_unified' in package '' which was not found
[0m21:01:45.690589 [warn ] [MainThread]: [[33mWARNING[0m]: Test 'test.analytics.not_null_int_campaigns_unified_source_platform.98f63da956' (models/cortex_v2/intermediate/_intermediate_models.yml) depends on a node named 'int_campaigns_unified' in package '' which was not found
[0m21:01:45.690733 [warn ] [MainThread]: [[33mWARNING[0m]: Test 'test.analytics.accepted_values_int_campaigns_unified_source_platform__google_ads__meta_ads__linkedin_ads.4e0b7e765d' (models/cortex_v2/intermediate/_intermediate_models.yml) depends on a node named 'int_campaigns_unified' in package '' which was not found
[0m21:01:45.690873 [warn ] [MainThread]: [[33mWARNING[0m]: Test 'test.analytics.not_null_int_ad_groups_unified_account_id.fe5ee808b0' (models/cortex_v2/intermediate/_intermediate_models.yml) depends on a node named 'int_ad_groups_unified' in package '' which was not found
[0m21:01:45.691008 [warn ] [MainThread]: [[33mWARNING[0m]: Test 'test.analytics.not_null_int_ad_groups_unified_campaign_id.a711d0c6ed' (models/cortex_v2/intermediate/_intermediate_models.yml) depends on a node named 'int_ad_groups_unified' in package '' which was not found
[0m21:01:45.691151 [warn ] [MainThread]: [[33mWARNING[0m]: Test 'test.analytics.not_null_int_ad_groups_unified_ad_group_id.dbef03c0d7' (models/cortex_v2/intermediate/_intermediate_models.yml) depends on a node named 'int_ad_groups_unified' in package '' which was not found
[0m21:01:45.691286 [warn ] [MainThread]: [[33mWARNING[0m]: Test 'test.analytics.not_null_int_ad_groups_unified_date.8be5154544' (models/cortex_v2/intermediate/_intermediate_models.yml) depends on a node named 'int_ad_groups_unified' in package '' which was not found
[0m21:01:45.691418 [warn ] [MainThread]: [[33mWARNING[0m]: Test 'test.analytics.not_null_int_ad_groups_unified_source_platform.136e748623' (models/cortex_v2/intermediate/_intermediate_models.yml) depends on a node named 'int_ad_groups_unified' in package '' which was not found
[0m21:01:45.691547 [warn ] [MainThread]: [[33mWARNING[0m]: Test 'test.analytics.accepted_values_int_ad_groups_unified_source_platform__google_ads__meta_ads__linkedin_ads.ead124c9ea' (models/cortex_v2/intermediate/_intermediate_models.yml) depends on a node named 'int_ad_groups_unified' in package '' which was not found
[0m21:01:45.691688 [warn ] [MainThread]: [[33mWARNING[0m]: Test 'test.analytics.not_null_int_ads_unified_account_id.e32fc3cac9' (models/cortex_v2/intermediate/_intermediate_models.yml) depends on a node named 'int_ads_unified' in package '' which was not found
[0m21:01:45.691827 [warn ] [MainThread]: [[33mWARNING[0m]: Test 'test.analytics.not_null_int_ads_unified_campaign_id.6d55b7658f' (models/cortex_v2/intermediate/_intermediate_models.yml) depends on a node named 'int_ads_unified' in package '' which was not found
[0m21:01:45.691955 [warn ] [MainThread]: [[33mWARNING[0m]: Test 'test.analytics.not_null_int_ads_unified_ad_group_id.95b8a97b0e' (models/cortex_v2/intermediate/_intermediate_models.yml) depends on a node named 'int_ads_unified' in package '' which was not found
[0m21:01:45.692092 [warn ] [MainThread]: [[33mWARNING[0m]: Test 'test.analytics.not_null_int_ads_unified_ad_id.fa06b94b63' (models/cortex_v2/intermediate/_intermediate_models.yml) depends on a node named 'int_ads_unified' in package '' which was not found
[0m21:01:45.692228 [warn ] [MainThread]: [[33mWARNING[0m]: Test 'test.analytics.not_null_int_ads_unified_date.653817fd22' (models/cortex_v2/intermediate/_intermediate_models.yml) depends on a node named 'int_ads_unified' in package '' which was not found
[0m21:01:45.692366 [warn ] [MainThread]: [[33mWARNING[0m]: Test 'test.analytics.not_null_int_ads_unified_source_platform.3fee8e953a' (models/cortex_v2/intermediate/_intermediate_models.yml) depends on a node named 'int_ads_unified' in package '' which was not found
[0m21:01:45.692513 [warn ] [MainThread]: [[33mWARNING[0m]: Test 'test.analytics.accepted_values_int_ads_unified_source_platform__google_ads__meta_ads__linkedin_ads.219f8efefe' (models/cortex_v2/intermediate/_intermediate_models.yml) depends on a node named 'int_ads_unified' in package '' which was not found
[0m21:01:45.692658 [warn ] [MainThread]: [[33mWARNING[0m]: Test 'test.analytics.not_null_int_fivetran_campaigns_unified_account_id.1a40965926' (models/cortex_v2/intermediate/_intermediate_models.yml) depends on a node named 'int_fivetran_campaigns_unified' in package '' which was not found
[0m21:01:45.692799 [warn ] [MainThread]: [[33mWARNING[0m]: Test 'test.analytics.not_null_int_fivetran_campaigns_unified_campaign_id.e4262a63ce' (models/cortex_v2/intermediate/_intermediate_models.yml) depends on a node named 'int_fivetran_campaigns_unified' in package '' which was not found
[0m21:01:45.692937 [warn ] [MainThread]: [[33mWARNING[0m]: Test 'test.analytics.not_null_int_fivetran_campaigns_unified_date.72b054b82c' (models/cortex_v2/intermediate/_intermediate_models.yml) depends on a node named 'int_fivetran_campaigns_unified' in package '' which was not found
[0m21:01:45.693081 [warn ] [MainThread]: [[33mWARNING[0m]: Test 'test.analytics.not_null_int_fivetran_campaigns_unified_source_platform.af2767ff61' (models/cortex_v2/intermediate/_intermediate_models.yml) depends on a node named 'int_fivetran_campaigns_unified' in package '' which was not found
[0m21:01:45.693219 [warn ] [MainThread]: [[33mWARNING[0m]: Test 'test.analytics.accepted_values_int_fivetran_campaigns_unified_source_platform__google_ads__meta_ads__linkedin_ads__tiktok_ads.9289bea954' (models/cortex_v2/intermediate/_intermediate_models.yml) depends on a node named 'int_fivetran_campaigns_unified' in package '' which was not found
[0m21:01:45.693356 [warn ] [MainThread]: [[33mWARNING[0m]: Test 'test.analytics.not_null_int_fivetran_conversions_campaign_id.8e50a62a91' (models/cortex_v2/intermediate/_intermediate_models.yml) depends on a node named 'int_fivetran_conversions' in package '' which was not found
[0m21:01:45.693497 [warn ] [MainThread]: [[33mWARNING[0m]: Test 'test.analytics.not_null_int_fivetran_conversions_date.dc1a84c044' (models/cortex_v2/intermediate/_intermediate_models.yml) depends on a node named 'int_fivetran_conversions' in package '' which was not found
[0m21:01:45.693658 [warn ] [MainThread]: [[33mWARNING[0m]: Test 'test.analytics.not_null_int_fivetran_conversions_event_name.acdc8f5f71' (models/cortex_v2/intermediate/_intermediate_models.yml) depends on a node named 'int_fivetran_conversions' in package '' which was not found
[0m21:01:45.693798 [warn ] [MainThread]: [[33mWARNING[0m]: Test 'test.analytics.not_null_int_fivetran_conversions_platform.fd75b41117' (models/cortex_v2/intermediate/_intermediate_models.yml) depends on a node named 'int_fivetran_conversions' in package '' which was not found
[0m21:01:45.693939 [warn ] [MainThread]: [[33mWARNING[0m]: Test 'test.analytics.accepted_values_int_fivetran_conversions_platform__google_ads__meta_ads__linkedin_ads__tiktok_ads.ac6b339e44' (models/cortex_v2/intermediate/_intermediate_models.yml) depends on a node named 'int_fivetran_conversions' in package '' which was not found
[0m21:01:45.770725 [debug] [MainThread]: Sending event: {'category': 'dbt', 'action': 'load_project', 'label': '7f9af968-58de-4b9a-a745-7d44831a56ab', 'context': [<snowplow_tracker.self_describing_json.SelfDescribingJson object at 0x11b7fac50>]}
[0m21:01:45.845721 [debug] [MainThread]: Wrote artifact WritableManifest to /Users/riley/Documents/GitHub/dbt-lattara-cortex/target/manifest.json
[0m21:01:45.847480 [debug] [MainThread]: Wrote artifact SemanticManifest to /Users/riley/Documents/GitHub/dbt-lattara-cortex/target/semantic_manifest.json
[0m21:01:45.874811 [debug] [MainThread]: Sending event: {'category': 'dbt', 'action': 'resource_counts', 'label': '7f9af968-58de-4b9a-a745-7d44831a56ab', 'context': [<snowplow_tracker.self_describing_json.SelfDescribingJson object at 0x11bdb3d90>]}
[0m21:01:45.875209 [info ] [MainThread]: Found 50 models, 4 seeds, 20 data tests, 53 sources, 543 macros
[0m21:01:45.875427 [debug] [MainThread]: Sending event: {'category': 'dbt', 'action': 'runnable_timing', 'label': '7f9af968-58de-4b9a-a745-7d44831a56ab', 'context': [<snowplow_tracker.self_describing_json.SelfDescribingJson object at 0x11bbb9850>]}
[0m21:01:45.877196 [warn ] [MainThread]: Nothing to do. Try checking your model configs and model specification args
[0m21:01:45.877517 [debug] [MainThread]: Command end result
[0m21:01:46.016635 [debug] [MainThread]: Wrote artifact WritableManifest to /Users/riley/Documents/GitHub/dbt-lattara-cortex/target/manifest.json
[0m21:01:46.017974 [debug] [MainThread]: Wrote artifact SemanticManifest to /Users/riley/Documents/GitHub/dbt-lattara-cortex/target/semantic_manifest.json
[0m21:01:46.019676 [debug] [MainThread]: Wrote artifact RunExecutionResult to /Users/riley/Documents/GitHub/dbt-lattara-cortex/target/run_results.json
[0m21:01:46.020077 [warn ] [MainThread]: [[33mWARNING[0m][DeprecationsSummary]: Deprecated functionality
Summary of encountered deprecations:
- CustomKeyInConfigDeprecation: 4 occurrences
- MissingArgumentsPropertyInGenericTestDeprecation: 51 occurrences
To see all deprecation instances instead of just the first occurrence of each,
run command again with the `--show-all-deprecations` flag. You may also need to
run with `--no-partial-parse` as some deprecations are only encountered during
parsing.
[0m21:01:46.023259 [debug] [MainThread]: Resource report: {"command_name": "test", "command_success": true, "command_wall_clock_time": 5.987064, "process_in_blocks": "0", "process_kernel_time": 1.834867, "process_mem_max_rss": "416514048", "process_out_blocks": "0", "process_user_time": 4.595585}
[0m21:01:46.023570 [debug] [MainThread]: Command `dbt test` succeeded at 21:01:46.023518 after 5.99 seconds
[0m21:01:46.023778 [debug] [MainThread]: Sending event: {'category': 'dbt', 'action': 'invocation', 'label': 'end', 'context': [<snowplow_tracker.self_describing_json.SelfDescribingJson object at 0x10b42fe90>, <snowplow_tracker.self_describing_json.SelfDescribingJson object at 0x10b423050>, <snowplow_tracker.self_describing_json.SelfDescribingJson object at 0x107339850>]}
[0m21:01:46.023976 [debug] [MainThread]: Flushing usage events
[0m21:01:46.363715 [debug] [MainThread]: An error was encountered while trying to flush usage events
[0m22:13:04.991352 [debug] [MainThread]: Sending event: {'category': 'dbt', 'action': 'invocation', 'label': 'start', 'context': [<snowplow_tracker.self_describing_json.SelfDescribingJson object at 0x10d33cb90>, <snowplow_tracker.self_describing_json.SelfDescribingJson object at 0x10d398cd0>, <snowplow_tracker.self_describing_json.SelfDescribingJson object at 0x10d3bdf90>]}


============================== 22:13:04.994837 | 1db91ef6-fc37-406a-aed9-dbf1e45fe1f8 ==============================
[0m22:13:04.994837 [info ] [MainThread]: Running with dbt=1.11.2
[0m22:13:04.995160 [debug] [MainThread]: running dbt with arguments {'warn_error': 'None', 'use_colors': 'True', 'log_cache_events': 'False', 'quiet': 'False', 'printer_width': '80', 'target_path': 'None', 'invocation_command': 'dbt run --select stg_allied_google_ads_enhanced', 'write_json': 'True', 'fail_fast': 'False', 'warn_error_options': 'WarnErrorOptionsV2(error=[], warn=[], silence=[])', 'debug': 'False', 'profiles_dir': '/Users/riley/.dbt', 'log_format': 'default', 'version_check': 'True', 'log_path': '/Users/riley/Documents/GitHub/dbt-lattara-cortex/logs', 'introspect': 'True', 'send_anonymous_usage_stats': 'True', 'use_experimental_parser': 'False', 'empty': 'False', 'cache_selected_only': 'False', 'indirect_selection': 'eager', 'no_print': 'None', 'static_parser': 'True', 'partial_parse': 'True'}
[0m22:13:11.734176 [debug] [MainThread]: Sending event: {'category': 'dbt', 'action': 'project_id', 'label': '1db91ef6-fc37-406a-aed9-dbf1e45fe1f8', 'context': [<snowplow_tracker.self_describing_json.SelfDescribingJson object at 0x11ce8ce50>]}
[0m22:13:11.848205 [debug] [MainThread]: Sending event: {'category': 'dbt', 'action': 'adapter_info', 'label': '1db91ef6-fc37-406a-aed9-dbf1e45fe1f8', 'context': [<snowplow_tracker.self_describing_json.SelfDescribingJson object at 0x10c504550>]}
[0m22:13:11.848661 [info ] [MainThread]: Registered adapter: bigquery=1.11.0
[0m22:13:12.019017 [debug] [MainThread]: checksum: 3d40d8bbe1bef07db1c24822f2dbfff8bc07f2a48ed4fe2658a40653aec0b54b, vars: {}, profile: , target: , version: 1.11.2
[0m22:13:12.131392 [debug] [MainThread]: Partial parsing enabled: 0 files deleted, 2 files added, 3 files changed.
[0m22:13:12.132050 [debug] [MainThread]: Partial parsing: added file: analytics://models/allied_team/staging/stg_allied_google_ads_enhanced.sql
[0m22:13:12.132223 [debug] [MainThread]: Partial parsing: added file: analytics://models/allied_team/staging/stg_allied_clearline.sql
[0m22:13:12.132807 [debug] [MainThread]: Partial parsing: updated file: analytics://models/allied_team/staging/_allied_sources.yml
[0m22:13:12.133059 [debug] [MainThread]: Partial parsing: updated file: analytics://models/allied_team/_allied_schema.yml
[0m22:13:12.133217 [debug] [MainThread]: Partial parsing: updated file: analytics://models/allied_team/staging/stg_allied_google_ads.sql
[0m22:13:12.269308 [warn ] [MainThread]: [[33mWARNING[0m][MissingArgumentsPropertyInGenericTestDeprecation]: Deprecated
functionality
Found top-level arguments to test `accepted_values` defined on
'stg_allied_google_ads' in package 'analytics'
(models/allied_team/_allied_schema.yml). Arguments to generic tests should be
nested under the `arguments` property.
[0m22:13:12.269681 [debug] [MainThread]: Sending event: {'category': 'dbt', 'action': 'deprecation', 'label': '1db91ef6-fc37-406a-aed9-dbf1e45fe1f8', 'property_': 'warn', 'context': [<snowplow_tracker.self_describing_json.SelfDescribingJson object at 0x11d149410>]}
[0m22:13:12.379021 [error] [MainThread]: Encountered an error:
Compilation Error
  Model 'model.analytics.stg_allied_google_ads' (models/allied_team/staging/stg_allied_google_ads.sql) depends on a source named 'allied_team.video_ad_stats' which was not found
[0m22:13:12.379511 [warn ] [MainThread]: [[33mWARNING[0m][DeprecationsSummary]: Deprecated functionality
Summary of encountered deprecations:
- MissingArgumentsPropertyInGenericTestDeprecation: 1 occurrence
To see all deprecation instances instead of just the first occurrence of each,
run command again with the `--show-all-deprecations` flag. You may also need to
run with `--no-partial-parse` as some deprecations are only encountered during
parsing.
[0m22:13:12.402447 [debug] [MainThread]: Resource report: {"command_name": "run", "command_success": false, "command_wall_clock_time": 7.4531574, "process_in_blocks": "0", "process_kernel_time": 1.990383, "process_mem_max_rss": "404930560", "process_out_blocks": "0", "process_user_time": 3.637819}
[0m22:13:12.402751 [debug] [MainThread]: Command `dbt run` failed at 22:13:12.402697 after 7.45 seconds
[0m22:13:12.402978 [debug] [MainThread]: Sending event: {'category': 'dbt', 'action': 'invocation', 'label': 'end', 'context': [<snowplow_tracker.self_describing_json.SelfDescribingJson object at 0x10d39b490>, <snowplow_tracker.self_describing_json.SelfDescribingJson object at 0x10d399a10>, <snowplow_tracker.self_describing_json.SelfDescribingJson object at 0x11cf3a890>]}
[0m22:13:12.403178 [debug] [MainThread]: Flushing usage events
[0m22:13:12.929926 [debug] [MainThread]: An error was encountered while trying to flush usage events
